label,text,cuisine,price_range
0,"First of all i'm not a big fan of buffet, i tried it because we got a $50 credit for staying here at Monte Carlo in Las Vegas and my friend wanted it so I gave it a chance. Decent taste and There wasn't enough variety of food, service wasn't that great either. so it still doesn't change my mind about buffet.",Unknown,1.0
2,"Stamoolis Brothers is one of the Strip District storefronts, specializing in Greek and Mediterranean imports.  They have a good selection of olives, a decent cheese selection, a variety of ready-made dips and spreads which are pretty tasty, and some harder-to-find specialty items like rose water, pomegranate molasses, different grinds of bulgur wheat, bulk fava beans, etc.  You can also get packaged bulk nuts, dried fruits, etc.  When I go in here, it's usually because I'm looking for feta cheese or Greek-style yogurt.\n\nThis place is pretty good.  A couple times I've had some problems getting yogurt here, since they have a tendency to keep the yogurt on the shelf until it's almost at its sell-by date, but on the other hand, they have the cheapest price on Fage yogurt that I've seen in town thus far.  My mom loves a lot of their dips and spreads, so I get snacks from here a lot when she's in town.  The one caution I have (besides the yogurt) is that they sell an inferior brand of canned tomatoes here, which gives off a very strong flavor of metal and ruins your meal.",Greek,1.0
1,"So I have been to Hickory Tavern many many times before. I am actually suprised I havent reviewed it until now. The view of the city is incredible and it is conveniently located in the Met, so we usually hit it before a Trader Joe's grocery shopping trip! \n\nUsually my husband and I get the Build Your Own Salads. 6 ingredients for $9. The oriental dressing is amazing and bacon and avocado on a salad is just A-mazing. In addition, I love that Hickory has Red Oak on tap. They have alot of local beers on draft and I love that about a restaurant.\n\nHowever, this review is more specifically directed to a situation we had today for lunch at HT. My husband and I decided to grab our typical BYO salads. I don't know what was going on but it took a long time to get our food. 25-30 minutes to get a salad is kinda crazy (I mean there wasnt even any cooked meat on it.....all raw ingredients!).Our waitress was super sweet though and came by saying that she had no idea why we hadn't gotten our food yet and that it should be there soon. We finally got our salads and dug in.....yummy dressing! However, about half way into the salad, my husband looks up and pulls out a piece of cardboard from his salad. It was about 2 inches by a half inch. Gross. We have both worked in the food industry and know that those boxes are dragged across the floor when being brought in. All I could picture is that nasty cardboard piece being spread across that whole (since the dressing was tossed into the salad). \n\nThe waitress was, once again, very sweet and didnt really know what to do and grabbed her manager. The manager came out and was talking about boxing up the salad to go. I am assuming she was talking about boxing up a new salad and not the one with the cardboard in it....I dont know. She also offered us a free brownie. Honestly, we didnt really want any other food at the time. They did comp his salad (which was very sweet, hence the 2 stars instead of 1) and charged me for mine. It was just kinda weird. I mean she did apologize but it just came across like it wasnt a big deal. \n\nKinda frustrating that we had this happen cause we LOVED going to Hickory Tavern in the past! I'm not sure if we will be back soon, simply cause I keep picturing that nasty piece of cardboard. Plus, there are so many other places to eat in the Met!",Unknown,1.0
0,"On 28 June 2013 I checked into the Riviera Hotel and casino until 5 July 2013. After being placed in a downgraded room because my room wasn't available I got settled into room 3533. \nOn 30 June 2013 I went to turn on the floor lamp inside the room and I got a very powerful electric shock. My right hand and arm has very little feeling other than tingling now. I reported the incident immediately to the front desk. A security guard came up to my room and I filed an incident report. She assured me that Risk Management would call me. She took the lamp and told me maintenance would replace the lamp. The lamp wasn't replaced. After going to the ER I was diagnosed with Electric Shock Injury and was told feeling may never come back. I tried calling risk management every day. Finally after 2 days I went to the front desk and demanded to speak to someone regarding my injury. The manager, Debbie, came up and offered to refund my resort fees totaling $115.00 to make up for me losing the feeling in my arm by their faulty equipment in the room. They then upgraded me to the room I was supposed to have the whole time since I paid for an upgraded room. On 4 July 2013 housekeeping came to the room around 11 am. I told her I didn't need housekeeping and she said \""ok\"" and walked away. We left the room around 1:00 and returned around 2:30pm. Upon returning to the room none of the 4 keys we had worked. I went down to the front desk and they gave me 4 more keys. I went back to my room and those keys didn't work. I went back down but this time to the bell desk. I explained what happened and how I already got 4 new keys. He said he'd help and he followed me to my room. His key didn't work. He said something had to be wrong with the lock or mechanism so he left and went to engineering. 30 minutes later 2 security guards (1 male in a black suit and the female security who originally took my injury report) arrived at my room. They told me I was locked out of my room because housekeeping came in to clean and saw my BB gun I had in my room. He told me firearms aren't allowed in the building. I had kept my BB gun in my safe which I kept locked. I told the security how I had told housekeeping I didn't need service earlier. I also told him how my BB gun, which isn't a firearm because it does not use combustion to fire a projectile instead uses air, was locked in my safe and asked how the maid saw my gun and also why was she coming back after I told her I didn't want her in my room. He then told me I was to leave the premises and was banned or \""86'd\"". It took security an additional 30 minutes to get into my room because the door wasn't unlocking. The security guard kept trying to egg me on and asking \""Do you have a chip on your shoulder?\"" \""Are you mad?\"" \""Why are you mad?\"" He had to be asked to leave by the other security guards because he wouldn't stop egging me on. Once inside I saw my safe had been pried open, my BB gun was sitting on top of the safe and the do not disturb sign that was on the door was sitting next to the safe. All the money I had in the safe was taken. I requested to file a report and I was told Risk Management would call me Monday. They never called. They didn't refund me for my extra night stay. I filed a police report with Las Vegas Metro Police. I will never stay at the Riviera. I will never recommend anyone, not even my worst enemy to stay at the Riviera Hotel and Casino Las Vegas!!\n\nAttached is a video taken while security tried to fix the door the broke.https://www.facebook.com/photo.php?v=10151779810399913&l=1311073713539322341",Unknown,1.0
2,"Happy hour is great here at this restaurant....However you can tell they are part of a big chain working to cut costs where they can.....We tried dinner there last night....The Filet was very dry for med rare ....I have had better on my own grill purchased from a local grocery.....The shrimp cocktail is supposed to be huge shrimp as an appetizer for $17.00 and these were quite small, .the kind you would find commonly anywhere. with no flavor...The single loaf of bread was cold and the outside of it was not crispy....The butter options were good though....My other half enjoyed the salmon and it was cooked perfectly...Overall for the price of dinner, I would not go back....HOWEVER I would do happy hour there again.....The happy hour menu is good and the prices are great.... I DO WANT TO SAY THE STAFF AND MANAGEMENT ARE IMPECCABLE....TRAINED WELL AND GO OUT OF THEIR WAY TO INSURE YOUR EXPERIENCE IS THE BEST IT CAN BE.....",Unknown,1.0
0,"Almost $10 for a \""meh\"" sandwich and tiny cup of iced tea (that came out of a jug....I saw them refill the \""tea\"" machine).  I appreciate the effort to have something healthy and organic in a mall food court, but for the price and lack of flavor I'll just go somewhere else.",Unknown,1.0
2,"Established in 1958, Los Compadres has been offering Phoenix classic Mexican food at great prices for over 50 years.  Here you will find the Mexican food standards tacos, nachos, enchiladas, tamales, burros etc. made fresh to order.  In addition, they have egg specialties, salads, charbroiled chicken, and their something different selections...  They have 10 combos that include 2-3 items each for under $8 and lighter combos for under $5.  Los Compadres is a excellent alternative to the fast food chains claiming to serve Mexican food.  Catering services and party trays are also available.  Their hours are Monday through Saturday 10:30am to 9pm and Sundays 10:30am to 7:30pm.",Mexican,1.0
1,"First, I came here with a coupon from one of those entertainment books my daughter's school sells.  Many items were excluded including the lunch specials and the menudo.  Apparently, to be truly Mexican you have to enjoy eating a cow's stomach in soup -- menudo.  So Eli M. and I vowed to return one day.  Ah, yes, I am not even a little Mexican, but suffer from a proclivity to try unusual foods others turn up their noses at.  Enter Groupon.\n\nHaving purchased a Groupon that excluded the lunch specials, but not the menudo, Eli M. and I, with some friends in tow, made our return.  I told Eli M. that menudo costing less than $7 seemed a little dubious given the extensive perpetuation process he described, but we didn't let a little thing like that deter us. As the menudo was cheaply priced, I also ordered a chorizo burrito a la carte.  I was trying to max out the Groupon, and soup, regardless of the contents, didn't seem that filling.  Eli M. doesn't eat much and was satisfied with just a medium sized bowl of menudo. In terms of taste however, he said that it was okay.  He said it was too greasy, which is what our friends also said of their food.  Moreover, they have Pepsi instead of Coke.  And the location is a bit out off the quick lunch radius.  So, it looks like Eli M. and I will max out at two visits to Susie's.  Thanks for the menudo.",Mexican,1.0
1,"The menu displayed on urban spoon must be very old. The prizes are higher, than we researched before. Staff is friendly. The soups must be based on an instant brew. I ordered a wantang soup and it was terrible. I could taste the chemical taste of the instant brew. It was very bland.  Knowing how good a lotus stem salad usually tastes, I ordered one. Again, I felt like I wasted 10$. The sauce was terribly bland, too sweet and too sour at the same time. Also, they used way too much celery. I was very disappointed and felt like I wasted my time and money. I felt this place was WAAAY to over-prized for what they offer. And I didn't feel that it tasted authentic or refreshing like Vietnamese food usually tastes.  The menu was just the same as in Lang Van. I did see Asian people in the restaurant. So, it must be somewhat decent. The food doesn't have a \""restaurant feel\"", but more an \""American-Asian fast food feel\"".They should restructure the portions and prizing.   I will never return.",American,1.0
0,"This review is based on the fact that it's in Vegas.  My group wanted to go here for lunch.  They wanted a light lunch before the buffet we were planning to have later that day.  So Sonics was agreed upon (with them.)\n\nI was hesitant to go to a Sonics when we were at Vegas.  We could get this anywhere, anytime, so why now?  But I agreed, we needed a light lunch and why not have it cheap while at it.\n\nUnfortunately, it wasn't too cheap.  You can't just get one of their $1 burgers cuz they're tiny and you'll still be starving afterwards.  So I got the large chili cheese fries to split also.\n\nThe burgers... sucked.  Even for a dollar, they sucked.  Badly.  The chili cheese fries... WAYYYYYYYYYYYYYY overly salty.  Like, I was tempted to drench it in ketchup to dilute the salt.  Horrible.  Don't go to Vegas for fast food, if you do, don't go here.  There's an In N Out a few miles away...",American,1.0
1,We ordered the Spinach Linguini (take out)... this dish was nothing but linguini and a few pieces of spinach and maybe 3 small pieces of chicken.  I'm appalled the cost ($13.95) of this dish considering it was only pasta.  The only reason this review gets two stars is because the flavor was decent.  This is our second time getting ripped off by Times Square! We were willing to give them a second try but regret it.  WE WILL NOT BE BACK!,Italian,1.0
3,"I came here for lunch, and for $20 it was well worth it. They had a pretty good selection of food, and everything I had was great. Near the back, you will drool as you watch the cooks grill tasty meats. There was also the standard king crab legs and shrimp, even for lunch. A few things that stood out for me were the pot pies and the custom-made crepes. I think I'll have to come back here during dinner for round 2.",Unknown,1.0
3,"You must come hungry! There are so many choices, so best to do walk thru first to see what is on offer. Nothing worse than piling lots of food on your plate you won't eat, then getting another plate to try other dishes.\nMy husband doesn't eat meat, gluten, and dairy, so the chef took him for a tour to show him the vegan dishes. So nice this is offered! \nThe dessert is also abundant, do a walk thru with this too. My favorite was the gelato, around 5-6 different flavors. Loved the vanilla bean and coffee. \nI'd come back to this buffet. For all that is offered the price is reasonable. Add $15 for unlimited sparking wine, wine, and beer. I didn't choose it, but it's nice they have that option!",Unknown,1.0
2,"visited Settebello yesterday for a to-go lunch order.  I went with the \""settebello\"" pizza ($13.50) - sausage, pancetta, mushrooms and pine nuts.  After ordering, walked down to Rocket Fizz to pick-up a few \""artisan\"" sodas.  Returned just in time to pick up pizza and go my way.\n\nI felt the pizza was undercooked - very slight charring on the top of the pizza crust,  The mozzarella was not melted, a boatload of pine nuts, yet very light on mushroom..  Still, the flavors were there - especially liked the sausage and the pancetta.  I'm hoping this is simply a \"" working out the kinks\"" situation yet I wonder since at the time I entered the restaurant, I only saw 3 customers - what happens when there are 30 customers ???\n\nI'll return",Italian,1.0
1,"First let me start by saying I found Nathalie's by browsing groupon.Prior to purchasing the groupon I called to verify the detail and ensure it covered what I needed (grooming of a lab), I was told yes and set up an appt for the next day. Upon arrival I was told it does NOT cover the cut of a lab and I would incur an extra fee, I was slightly irritated since I had already spoken to someone prior to my purchase but I said ok and asked how much... The response was \""I didn't know you had a groupon, I'm not sure, I'll let you know\"" I didn't like it being left open ended but thought it couldn't be more than $10-20 and I would still be getting a good deal so it's fine and I left her. Let me also add here that prior to leaving and when filling out my paperwork I alerted them my lab is older and her hips are bad to please be careful. A few hours later we came back to pick her up, I was told I needed to pay $35 more for the cut and because they had to hold her up to shave her. That's literally double the cost of the groupon I purchased! Also, my lab is old but she can stand and I have NEVER had a problem or been charged extra for grooming her bc of her age. We were told the normal price for a groom of a lab was $65 (we would be paying $70) and to consider it as getting the spa package for free which was actually supposed to already have been a part of the groupon I had purchased. I asked to speak with the groomer bc I was not paying an extra $35... I agreed to pay extra for the cut but I refused to pay double, I was told she had no idea I had a groupon (not sure why that even matters, a groom is a groom regardless of the payment) no idea it was a lab, or that she was older. I clearly stated a lab when I made my appt, I also let Nathalie know about her hips when I signed her in. The groomer finally agreed and said I did not have to pay the extra $35 but I'm still in awe of the extra money they tried to get out of us. They should not run a groupon if you can't afford to take the loss on money to gain new clients, I felt scammed. I also have to add the job was not done well... After this \""spa package\"" and bath she came home with goop still in her eye, she had some kind of gross something on her tail, and there were several areas of long hair left that was uncut. Nathalie was nice in greeting us, but the groomer was awful and I don't think we will be back...",Unknown,1.0
3,For $6.00 you get a great car wash that includes someone to hand dry your vechile. It also includes free vacuum use and they literally have 20 covered vacuum stations. They also have a floor mat cleaning machine that you put the mat in and it comes out pretty clean. All included for the price of the wash. Don't forget to get the frequent wash card. Buy 9 washes and the 10th wash is free!,Unknown,1.0
2,"For $2 a ride, it's a cheap way to see the Strip and the people on it are a mixed crowd.  There was a combination of couples, families, and flat out drunk crazy people.  I really feel sorry for the bus drivers that have to deal with these weird people.  It took about 45 minutes from the front of Paris to  Fremont Street.  The ride is really slow because there are so many stops and traffic get so slow on the Strip.  If you're not in a rush, the Deuce is the way to go.",Unknown,1.0
4,"The Creme de la Creme of Vegas buffets priced around $20!\n\ni like how the main dishes are served ala cart, tapas style.   Quality cuts of various meats: chicken, lamb, pork, and beef.    The trick to enjoying Wicked Spoon is to try a little of Everything.  \n\nSetting is very trendy.  Water is even served in stylish glass bottles (you feel like you paid for it!)  \n\nI'm cutting this review short because I overate and now have a serious case of food coma.",Unknown,1.0
0,"Paid to see the 4th of July fireworks in the observation deck of the Tower. It was the absolute worse experience ever!! Prices were $28 per person, it was crowded, hot, no view of anything and the worst singers/performance they could hire.  So bad that the overhead speakers kept going out and all you heard was very loud static.  It got so bad that everyone was chanting \""turn it off, turn it off\""! Save your money and don't go here. You can see it free from the sidewalk!",Unknown,1.0
0,"Terrible, terrible service!\n\nWe dined at Center Cut Steakhouse with a group of 25 this past weekend.  The waiters were so incredibly rude it was appalling.  First, our group was separated into two different tables in two different rooms with the doors open.  When we asked if we could have a separate check for each table, the waiter just looked at us and said \""No\"" and walked away without an apology or an explanation.  When I ordered a Caesar salad (which, by the way was a piece of lettuce with dressing, a cracker, one cherry tomato and an anchovy for $13), the waiter said, with disgust, \""that's it?\"" which I found to be insulting.  My husband ordered a prime rib for $37, which tasted average, and was literally a slab of meat on an otherwise empty plate.  The man who poured our water and delivered the bread to the table showed the only ounce of kindness out of anyone in the restaurant.  \n\nSince gratuity was included, we were forced to pay two individuals who treated us with absolute disrespect over $400 in gratuity.  I would not recommend this restaurant to anyone.",Unknown,1.0
2,"Everything you'd expect from a high end casino's buffet: Huge selection, decent quality foods, and overpriced admission.  I'm not saying that it was a bad experience; On the contrary, I enjoyed my visit.  But to me, in the end the food doesn't justify the price.  I'll elaborate.\n\nAs I mentioned, the food selection is quite extensive and diverse.  It seems every major nationality and ethnicity is represented somewhere in the buffet.  I'll use my gluttony as an example: My first plate consisted of asian-style stir fry and meats, with rice and an Asian soup.  My second plate was build-it-yourself tacos, with middle eastern style doughy stuff and meats.  My third plate was typical American, steak and trip-tip with potatoes and corn. The dessert section is fairly large too- lots of gelatos, cakes, and other sweet treats.  Overall, most of the food quality would range between very good to excellent.\n\nNow, even though the buffet is tasty and diverse, I still have a few negatives I can't quite get over:\nPrice- The buffet is great, but it's quality isn't much different from other buffets on the strip.  For example, the quality equals that of Planet Hollywood's buffet, and PH comes in at around $10 cheaper per person, with a shorter wait time. Which leads me to my next point...\nService- If you come during meal times, you're going to wait.  Unless you're a VIP, you wait to pay and wait again to be seated.  From the time we got in line until we got seated took about 40 minutes, which is kind of crazy for a lunch.  And after you're seated, if you're thirsty you are at the mercy of a server and must wait for beverages and refills. Which in our experience, was very lacking and slow. I went through two plates of food with an empty drink, and only received a refill when I flagged down a different passing server. \n\nSo in conclusion, the food was very good and the selection was great.  The price was steep and the service lackluster.  Next time I do a Vegas buffet, I'll probably try somewhere else where the cost is a bit more in line with the value.",Mexican,1.0
2,"First thank you to Yelp, Gabi and Sol Y Sombra for the gift card it made me go back and visit a lot quicker. I love the decor here! The booths are so comfy, you may never want to leave and that could be very dangerous here! Unfortunately I am with the minority on this one after this visit. I wanted to make it here for brunch but that didn't happen so dinner it was. There wasn't too many other parties it was pretty empty in there when we arrived. Off season and no Sommelier this day. We sat inside first and ordered some Peroni (am I the only one who finds an Italian beer here a little weird?) to drink. Some tomato bread which the server promptly corrected me \""You mean Pan con Tomate?!? Yes I wont touch that one. Then the Tortilla Espanola I tried those at the OYE already and they were delicous I would probably come here just for those!\n\nNow we had forgotten there was happy hour and were told it was only on the patio or at the bar, we thought it was a tad odd considering the place was so empty. So we decided we'd like to move out on the patio mind you HH was almost over. So the waitress tells us that we would have to close out the bill then move outside where she would be our server again. Huh?? The hub asked what he thought was a manager if it would be a problem he was just a waiter and told us \""Yes that will be a problem\"" so after a lot of looking at each other like WTF our waitress finally gets the manager please forgive me I am so bad w names people. He came over and told us we didnt have to move if we wanted that we could order off the HH menu. Thank you! At that time we decided to move outside anyway for the view, they helped move all our stuff over after that dilemma everything went pretty smoothly.\n\nWe continued with the soft lettuce it was really good the almonds were awesome but I cant say anything special about the sauce unfortunately. Next came the calamari def worth trying its a good size portion and worth every penny. The shrimp I will probably pass on next time they were ok not worth 4 for $16 eh I did not think they were that special tasting but they were big. Then there was the piquillo pepper it was stuffed with tuna I was expecting raw tuna or something not canned, it wasn't spicy at all. Think tuna salad but there was capers instead of pickles it wasnt anything special go for something else or I'd suggest it for lunch more than anything. We did not have any dessert nothing really appealed to us on the menu so we just ordered another round of drinks the mojito I had for desert was ok as well.\n\nThis place reminds me of the Scottsdale stereo type where I was not blown away by the food and the normal overpriced drinks I can see this being a neutral watering hole where the cougar and trout come out of their lairs to play simultaneously during the cooler months. I did not see anyone dressed up so I am guessing thats more of a night thing. Overall this experience was 2 stars the ambiance and the drinks get one more. Super Strong drinks here and with the possibility that I ordered the wrong things this time I will be back to try more stuff and figure out what I like. I want to give more stars I really really do,  hopefully things wont be too confusing next time.",Italian,1.0
2,"I'm not a huge fan of clubs, and this is no exception - I am a fan of hot broads in various states of undress, and this place has it in spades, but I hardly rank among the elite that could actually afford one here - read on and I'll show you what I mean.\n\nMe and my buddies were in Vegas for a long weekend and a buddy from LA had a friend (keep up) who got a table here, complete with bottle service.  My advice to any guy going to a club in Vegas, you NEED a table, otherwise you will be standing at the bar looking like a complete ZERO getting poked with side yabs and percodan hardons from various blowjobs and douchebags. \n\nArriving at the Venetian, standing atop the grand staircase outside the hallowed gateway into Tao, my buddy spent the first ten minutes on the phone w/our connection inside. The line was ridiculous (there were several lines, like trying to merge into the Lincoln Tunnel, lines for the haves and have nots), and we still had to grease our way in - again, we are dudes in Vegas, it is to be expected (and worth it to skip being swallowed up in the mass of would be clubgoers, waiting and waiting, babbling on their cell phones, baying like madmen in the DUCHESS OF MALFI). \n\nOnce inside, you are jostled through the entry tunnel, lined with bathtubs full of rose petals, through the bar area, and up another flight of stairs into the club proper.  The dance floor is ebbing and flowing like a turbulant sea, lights flashing overhead like heat lightening, and there are people EVERYWHERE.  At this point you've just wrecked your perfactly sculptured hair and wrinkled your pressed shirt as you are squeezing through the sweaty throng of nobodies who were either too cheap or too stupid to get a table, as you step on feet looking for a way out of this and saying, \""imagine if we didn't have a table, fuck this!\""\n\nWhen we finally got to our table, it was time to take a well deserved breath of relief and watch as the hot server, done up like a sex slave, pours out the vodka.  Other people with tables included some strange eurotrash dude that resembled a more junked out version of Keith Richards (if you can imagine that!) wearing a crushed black velvet tux with red silk shirt underneath, engaged in a very involved conversation with a hot piece of ass that was no doubt a RENTAL.  Again, dudes, be prepared to spend great boatloads of money to impress the broads here.  It takes more than a good line, you will actually need to LAY OUT the line of coke on the American Express Black to even get one of these harpies to raise an eyebrow.  \n\nAll in all, it was like a night spent in the Temple of Doom, minus the annoying lady that was sleeping with the director singing ANYTHING GOES in Chinese.",Chinese,1.0
1,"I went there once for Trivia.  I found their drinks to be watered down and quite expensive.  My wife and I ordered some apps as well, and I was not impressed at all.  I don't see what all the hype is about.",Unknown,3.0
0,"Visited Eide's when I was working in Pittsburgh.  I collect mostly toys so I spent a lot of time downstairs.  Let's just say that there is a reason the cliche exists of the old, fat, balding assholes with ponytails.  The group that trolls the sales counter are a bunch of scumbags.  Went in to buy something that they were selling for a total of $107.00, and they told me that if I waited a week they were having a giant sale and I could get it as an even better deal.  So I rolled the dice and took the chance.  Low and behold, it was still there, I was very happy, but when I went to pay, the item had suddenly risen in price by almost $75.00.  You could still see the level of dust that was there from how long it was sitting on the shelf.  You could also see the sticker over the old one.  When I called them on their shit, they didn't know whether to shit or wind their watch.  A bunch of deceitful assholes.  I'm willing to bet that it's still sitting there.  The rest of the place and employees were nice enough, but the toys stooges were a bunch of basement dwelling fuck tards.",Unknown,1.0
1,"I thought I liked this place, but after yesterday, I can say the food is mediocre. The cafe itself looks really nice and would lead you to believe it is expensive so of course the food had to be good....not today, might have just been the afternoon chefs at the time or something they normally do to all their food, but they use a lot of oil when they cook.\nI ordered the seared trout, and that thing was smothered with oil under, I had to keep drinking water, even the green beans that were on top were really oily. One of my friends had orderd some hash browns, although they came out extra crispy the way they like it, it was also drenched in oil. Onf of my friend's medium rare steak came out pretty damn well.\n\nBesides the food, service was good.",Unknown,3.0
3,"I fly - a lot - and I have to say that Sky Harbor is one of the better airports in the country. It's one of the highest volume airports yet it's reasonably well organized. I've heard that about 75% of the air traffic flows through Terminal 4 (that's where US Air and SouthWest fly out of). \n\nIf you've going to fly out of Phoenix very often my advice would be to start using US Air or SouthWest because a) it's a hub for both of them and b) you'll have much better flight choices and c) because of the competition, the prices tend to be better. The other terminals, by comparison, are nearly deserted. Terminals 2 and 3 have very limited food choices. Terminal 4 has improved a lot in that regard. \n\nThere is a lot of parking available, both on site and off site. The off site parking, naturally, is cheaper but you have to wait for the buses to bring you to the terminal. Compared to other airports of comparable size the on site parking is not that expensive. If it's a business trip and you are getting reimbursed for the parking, just park on site and save yourself the hassle. Honestly, the best way to get in and out of Sky Harbor is not to drive at all but to use a transportation service. I'm not talking about Stupper-Shuttle - don't get me started on them - but a real sedan service that will drop you at the curb and meet you at the security gate when you arrive back home. \n\nIf you can, print your boarding pass at home rather than waiting in line at the airport. The airline clubs, in my view, are a waste of money. As another reviewer pointed out, the wi-fi access is now free at Sky Harbor. I used to belong to the US Air club but let it lapse. The snacks are not that good, they were charging for drinks. Unless you are regularly connecting through Phoenix how much time are you really going to spend in the airport? Now if you're connecting and have a long layover then it might be worthwhile but otherwise I'd skip it. \n\nI got a laptop stolen here once so a word about security. If you have a laptop computer, put it through the x-ray machine last and don't take your eye off it for a moment. Particularly if it's very busy.",Unknown,1.0
3,"Looking for an inexpensive option Downtown before a show for a quick bite. This is the first place that came to mind. My friends wanted a little drinky poo before the show and my fella and I needed a snack. I ordered the garlic cheesy bread appetizer and he ordered the wings. My friends tried the nachos along with a mango hef that was on special. \n\nEveryone really enjoyed their food and drinks. Service was slow, but they were really crowded and our waitress always made the effort to get things to us quickly as possible. Best of all, our meal was cheap. Like really cheap. That made the meal all the better. \n\nI'll definitely be back when I'm in the area!",Unknown,1.0
1,"I think im done with Ghost Bar. This use to be my chill spot to take out of town visitors to impress them with the view, atmosphere and the mild party vibe. This last Friday i made list arrangements with a NEW promoter with the N9NE Group which i think is what F'ed me. My regular girl has been MIA for a while and so i needed to act fast and find somebody so i settled for this. Just myself with 3 girls on the list should not have been a problem. Had to do something new this time and check in at LA Tan in the palms (that was weird #1) as i never did this and was given a ticket that looked like i was going to see Shrek at the movies. Did the usual and got to the rope to find the Clipboard Master to drop a name and was told that these dumb ass tickets i got from La Tan still made me wait in line (weird #2) as why make previous arrangements to stand in line? So since im anti Disneyland lines i gave security a $50 shake and got passed that hurdle. Then when i got to the register... guess what i had to pay $25 to get in (weird #3). Im sorry but this has never happened in the past when dealing with the promoters ahead of time and making sure i kept their guy girl ratios in mind and favorable toward the girls obviously. So $75 bucks later im in Ghost Bar...and a little annoyed. \nFirst round of drinks i worked toward the outside bar to the left only to find out that they dont have Seagram's 7 for my 7&7... say WUT! Really? Your gonna charge me $15 for a drink and you cant even carry the basic essentials behind your bar... fine ill take a Maker's Mark and coke which was made horribly as i like to enjoy my drinks and this was WAY too strong. The second round was bought at the main bar where they had everything and made alright but the wait was retarded, as it would be way more efficient if they stocked the outdoor bars properly. \nBeside the negatives Ghost Bar still obviously remains to be a great view of the city with a decent DJ at times and an overall decent feel. But could be improved upon quite a bit to make the place worth spending the $15/ drink prices a more enjoyable experience. This was my last run to Ghost Bar since the issues at the door were slightly embarrassing and honestly ridiculous, i dont know if i have N9NE Group to thank for that or the actual bar/club but either way ill spend my money elsewhere where the service is more appreciative. I think Ghost Bar needs to take a step back and improve upon a few things but doubtful that will happen.",Unknown,1.0
3,"The concept of this place is very simple. You come in, you sit down, you grab whatever you want to eat and each dish is color priced. The highest price I believe is 2.50. I got 5 plates of food and a drink and that ended up to be $7. That's it. Cheap sushi! Best of all, although the sushi isn't perfect, its pretty damn good for what you are paying for and the experience. It was simply delicious, i'm coming back!",Japanese,1.0
1,Very friendly staff but I honestly liked the poutine at Burger King better. It is VERY cheap to eat here I suppose but you get what you pay for. If you usually eat high quality all beef hotdogs you will not enjoy the bland mystery meat pink mess they sell. I am not jewish but I have a whole new respect for kosher hot dogs now. If you are only in montreal for a couple days maybe there is higher quality food you would prefer to eat. This stuff was not easy to digest.,American,1.0
0,"This place is the rip off of all rip offs. My boyfriend and I decided to go there for lunch over the summer. We ordered drinks from the bar, ridiculously priced for a restaurant during the day, $9.50 for some mojitos? Come on. They weren't that good. \nNow we were starving when we arrived, I ordered the tilapia and asparagus and he order the meatloaf and potatoes. \nWe received our food and he dug in right away. I just sat and looked at mine. \n\n\""Fourteen dollars for this? How much was yours, eleven dollars?\"" \nMy boyfriend looks at my plate and could only say, \""That's it?\"" \n\nHe received a FULL plate of meatloaf and the other half of mashed potatoes. I had six stalks of asparagus and a piece of fish the size of a child's hand. That was it. \n\nI called the waiter over and asked him if all the fish were this size and he said he thought so and there was nothing wrong with my meal. I asked him if this was worth $14 to him and he said he thought so. I told him, \""I'm not from Scottsdale, I would like to see the manager.\"" \n\nThe manager walks over and proceeds to actually argue with me about the food saying that it is perfectly fine. I said, \""It may be fine, it may taste great, but I'm still going to be hungry after this $14 meal. I would at least like another piece of fish.\"" \nHe tells me for $6 he could get me one more piece of fish and I tell him I'm not paying that for another piece this size. \n\nAt this point my boyfriend is offering me his food, but that's not what I wanted. \n\nFinally I tell the manager just take it back, I'm sorry to see you toss that but you are doing nothing to satisfy this customer. He literally did nothing but argue with me. \n\nI wasn't trying to get a free meal, I just wanted to get what I was paying for. \n\nRude people, overpriced food, crappy bar. \nTake your business somewhere else.",Unknown,1.0
0,"Nothing has worked in this location which is convenient and has good parking because each horrific incarnation at this spot is trying to be some kind of snooty, trendy place to attract the \""in\"" crowd. Word, the \""in\"" crowd went bust on credit card debt. If you want to survive, cater to real people who care about what they are eating. \n\nI was dragged here against my better judgment while attending a meeting in Scottsdale. The place was empty at 7pm. That indicates there is usually a reason. The snooty hostess seated the group but I was already smelling something I did not like. It's an odor one finds in a Mexican restaurant that uses it's oil way too long and has other kitchen issues. The decor is bizarre for a Mexican place and the menu is trying too hard to impress. When I saw the runny plastic goo called chile con queso come out that several had ordered and smelled the stale chips, I actually faked a phone call to get out of there. I had my own car and headed to a bar I know downtown that has never let me down. \n\nThe next day I polled my compadres about dinner and impressions ranged from \""just ok\"" to \""awful\"". I'm indigenous Mexican and pretty hard to please so I'll let those comments tell the story, but if you want real Mexican food, go to the deli at Food City at McKellips and get a green chile burrito and some salsa quemada. $1.29, smells good and tastes good. Skip the $18 entrees and Papi Chulos altogether.",Mexican,1.0
1,"Very pricey for what you get, but it's tasty. Service is slow, partly due to the fact that the customers in front of you are drunk.",Unknown,3.0
3,"3 1/2 stars \nOn our first try I wasn't bowled over but as I learn what to order this place really grows on me, its great having this place as a neighborhood restaurant. It's affordable and the food is pretty good overall ...and some dishes are surprisingly good. To start the so called lentil soup that comes with every entree is a lot more than the name implies. It's a mixed veggie, curry, split peas etc etc soup, perfect for a chilly night. The shrimp Madras is very good - when they asked 1 to 5 how hot I said 6!! .. and they still had to bring me more hot sauce, typical of Charlotte. \n\nBut now the humble Chana (Chickpeas) Spinach Masala w/pomegranate, cardemon and spices is absolutely fragrant, spicy and  delicious. This dish could be served in a fine restaurant.\n\nAnother surprise: I usually don't go crazy for Asian deserts but we shared a pudding of carrots, raisins, cashews, rice sugar and cream ( Halwah? ) that manage to taste very unusual, yet familiar and delish as well. \n\nAn Indian couple seem to own and run this place, the wife is the cook and she really aims to please. She came out to our table 3 times to talk to us although there were a fair amount of customers - mostly Indians. We had dinner there twice and I think this lady does her best with the vegetarian dishes. I tend to be a meat eater myself but I'll stick to their vegetarian menu in the future\n\nThey also have a decent wine selection for $5 a glass which doesn't hurt the dining experience.",Indian,1.0
2,Met up with friends here for a late lunch/early dinner. The food looked good (I had a glass of house wine) but was way overpriced. I also ended up $15 for a glass of house red wine. HOUSE RED is $15?!?!?!\n\nWon't be going back - although the Cosmo is an awesome place to hang out for sure!,Unknown,1.0
1,It's the ghetto version of pei Wei.  It's really cheap but nothing to be excited .\nI had higher expectation because the owner  also ones Saigon in chandler.  \nI wish the food is more authentic like Saigon.,Unknown,1.0
1,"Celebrity is best left for TV:\n\nLet me start by saying that I'm not one of those people expecting the moon from restaurants. I have a lot of tolerance. 2 stars is because it was below Applebees in quality, service, price and ambiance.\n\nIf you've been to Craft you will notice that there are 3 tables that are situated in the hallway of the casino. Our party got that table and the restaurant gave us a round of drinks because we wanted to move. This tells me that the situation happens so often with disappointment in these tables, that the policy is free drinks automatically. So our ambiance was half hallway in front of the bathrooms.\n\nWe didn't cheap out. We got a mix of steaks from the high end black label wagyu to the $50 steaks on the menu. We also got 4 side dishes. The Kale was way too salty. We barely touched the side dishes. The ladies in our group got the Filet Mignon, men got Ribeye and Black label Wagyu. The ribeye wasn't any better than store bought and home grilled. The Wagyu was good. The Filet Mignon was intolerable! Bland, needing salt, dry, and tasting like ground beef.\n\nTom Colicchio should be ashamed. We were drilling the waitstaff on Tom Colicchio's visits to the restaurant and we found out he had only been there one time in the last year because a chef was promoted. That is pretty much what I figured.\n\nThe worst places are often the celebrity chefs. They are too busy being on TV to manage the food experience they are selling. To round it off, our service was below average. Drinks were slow to be replaced and our waitress was kind of a drag to be around. No good.",Unknown,1.0
4,"Thank goodness for Yelp!!! I found this little piece of heaven spot on yelp while vacationing. \nThe place is n a very nice area. The shop is clean, well kept, nicely appointed and has a very efficient, sweet staff. \nI think the price is good for what u get. $21 for 16 deliciously, gourmet donuts. Not only do they look beautiful, they taste amazing!!! Super fresh, moist, light and airy. \nWe will definitely be back here.",Unknown,1.0
1,This place is more like 1.5...slow service .....small portions..expensive...eh taste...whats not to like...haha...what blows me away is the throngs of people who come here and actually wait online outside before they open....and whats with those weird ass hours...This place reminds me of langers neighborhood in los angeles...better come with a shotgun to ward off the baseheads and 5 dollar hookers as you pull into the shopping center.....but if you want to go to a swingers club or a tranny bar your in luck there across the parking lot ...woo hoo !,Unknown,3.0
2,"It's not that I wouldn't tell people to go here but this is what I would tell you. 1. Do not ever go here with a pregnant woman. We went here for our anniversary and I am 6 months pregnant. They sat us first in a tiny little booth, my belly was already touching the table and I began to get claustrophobic. I have never seen a booth so small in my life. It is a total design error. Private booths yes, not tiny private booths in a cubby in the wall--so uncomfortable. We asked to be moved, which I really felt for a place where we were spending that much money should have probably noticed that I was pregnant and found me the best most comfortable seat in the house--instead they found us a table with torturously hard chairs. Then they told me the big surprise that this is a 2 hour dining experience--a 6 month pregnant woman cannot sit in hard chairs for two hours--again someone should have noticed this and offered a better seating. I tried to brave it, in between the painfully slow out lay of tiny courses--again not fit for a starving pregnant woman--for about 2 hours, finally after several trips to the bathroom just to get the feeling back in my legs my husband had to ask to be moved again to an obviously better spot next to us--an open, normal sized booth with a cushy seat. I liked our waiter, very friendly, and the chocolate fondue at the end of the endless fondue was to die for. I'd go back and specify that I want a normal sized booth and probably just get the cheese fondue and chocolate. The other entrees were okay, but bring me out my food not in a trickle feed. By the end we had spent 3 hours there, had to move twice and I was just exhausted by the end and we paid over $130 for the whole thing. I've been to nicer restaurants and paid as much for more caring service perhaps and amazing food. It was alright, but again there's just a lot to know about the melting pot before you decide to spend three hours there. If you're looking for a romantic time with just some light eating and conversation then that's what this place has to offer, but men before you bring your girl there make sure to request a normal booth, and maybe think about ordering a la carte if you don't want to wait hours for your 4-course meal to be done.",Unknown,1.0
2,"first time i have been here after my girl heard great things about it and i realized its the restaurant for the billboard i have seen on the way home many times on the 215. we had the special app burrata cheese with tomatoes. it was good but not heirloom tomatoes really? rookie mistake..cheaper with reg tomatoes but mistake for sure...burrata is amazing though, can't lie...also had the crab cakes it was a big portion size however, not great flavor and needs some work. had the spagetti and meatballs for dinner, noodles were good but not home made, meatballs were a big portion but not as good as lavo...for dessert the espresso cake, 1 word WOW!!! it was amazing and would go back just for that. also love the off the strip prices, the bottle of wine which was a ruffino was $42 which was a steal. great service as well, can't remember his name at the time but super friendly and helpful. \n\ngreat little feel inside the restaurant and will go back for that feeling. not the best food but will give it another try for sure. restaurant was packed on a tuesday night so clearly they are doing something right. seems like a local summerlin ritzy crowd. mostly old ppl and we were the only asians in the restaurant other than the ppl who were sat next to us. coincidence? not sure...haha",Chinese,1.0
2,"If I were being totally honest, I would give this place a 2 star review BUT my dining companion thought her food was pretty good, so I bumped it up a star for her. I went here with a friend last night after the Yelp event at PBS. It was very close by and also close to my the place I'm moving into in a couple of weeks, so I thought it would be a nice opportunity to give it a try. We went in, had no wait (it was like 9 pm or so) and were seated in the tiny dining room. The menu had some interesting looking items on it (the drink menu looked good too, but being that I had been drinking all night at the Yelp event, I figured I didn't need to pay 9$ for a drink....). I asked the waitress what soup they had, and she said they didn't have soup that day (and in a tone that was like...'you idiot' I think because the soup says Saturday soup or something, but I figured if it was on the regular everyday menu and not a specials menu it was probably just a name for the soup....maybe it was stupid....I don't know). So I asked for my second choice, the chicken and dumplings....oh sorry, we're out of that. ohhhhhhk. So I asked what she would get and she went on and on about the prawns. I told her I wasn't into seafood, so what did she suggest that was not seafood and she replied \""Have you ever had prawns?!?!\"" Really? Not the expected response from a waitress....I have had prawns, I do not like them or most any seafood and I do not want an inflated check for food that I do not want because your restaurant is out of everything else. She then suggested the salad with chicken in it, so I got that. My friend got the chicken sandwich. She said the sandwich was good...my salad was terrible. We both concurred it was one of the worst salads I have had. The dressing tasted like orange rinds and was super sweet and the chicken in it was very spicy (which I like) but the two flavors together were not complimentary. Also, the salad was drenched in that dressing....no eating around it. The veggies seemed fresh enough and it looked nice, but for 10$ it is absolutely not worth it. I got a to go box and left it by the light rail so a homeless person could try to eat it, although I think they may even leave it behind. I'm not sure I would come back here...hard to judge a restaurant off of one salad, but I'm leaning toward a no on that one. \n\nPS my friend said they have really cute bathrooms, so that's a plus!",Unknown,1.0
1,"Eek! My sister and I went here a month or so ago, didn't have the most pleasant experience. Expensive I remember it...The service was depressing. Our waitress largely forgot about us and the other staff were all pretty apathetic. Had to wait ten minutes to get a drink refill, and the pizza was not very good. I haven't tried their sandwiches, perhaps that's their forte, but customer service certainly is not one of their primary concerns.",Italian,3.0
1,The service at Grimaldi's was horrible.  Our waitress forgot to bring my daughter her lemonade.  We ordered our salad and she didn't realize we ordered it then later came back to our table to ask us if we wanted a salad.  The waitress finally took our order and we waited at least 50 minutes for our pizza.  When we finally received our pizza it was warm as if had been sitting out for a while.  We asked to speak to a manager who was very nice he agreed that our pizza did not look hot nor did it look cooked.  he did comp us for our pizza.  Which we were happy for but our bill still came out to be $60 for having to wait over an hour for a cold pizza.  We have been to the Grimaldi's in Gilbert and had  a better experience there.  I definitely would not go back to the Grimaldi's in Chandler.  This was a disappointing experience for our daughter and son in law since we had told them how wonderful the pizza was at the Gilbert location.,Italian,1.0
1,"A nice budget motel.  Got a AAA deal for $59 + tax and it was most everything I expected; clean, quiet and comfortable.  If your wife requires five star rooms, marble floors, etc then this isn't that but is more like mid level.  It suited my needs, the pool was clean, and the grounds are nice.  Had a little difficulty with sleeping - the pillows were way thick and the bed a little hard, bringing this down to net of two stars",Unknown,1.0
2,"This bar definitely aspires to be more than just a casino bar but the security guards who seem convinced they're working at a high end club need to tone it down a notch. We came here for the Masquerade ball. Waited forever to get in (I know a lot of clubs don't open on time since the line makes the place look like it's in high demand but when you're waiting up against a gaming table, it's kind of dumb). The bartenders didn't mention the drink specials on the poster outside but mentioned other ongoing ones. My friends got a few $5 drinks so they were pretty happy. We hung out for a while but the regular club music got kind of old and boring so we bounced. I do have to say that the bar is gorgeous and the layout is awesome. I wouldn't rule out coming back here in the future for a super cool event but I wouldn't make it a regular hang out. The specials on bottle service were pretty cool though.",Unknown,1.0
0,"I knew I would probably have a crappy time after reading the reviews for this place. but my friend wanted to go anyway. and yes, the service is crap.\n\nWe had to go and ask about any hopes of getting hookah, let alone drinks, and they told us someone would be coming to our table and we had to wait. We had already been sitting there and waiting for some kind of service for 20-30 minutes. Another 15 before we got a menu to figure out what we wanted. Another 20 before someone comes back so we can tell them what we want. And then another 20 for them to get it ready and bring it over. That i can understand but it was already irritating because of the hassle it was just to get service and order. \n\nThe hookah was ok. The taste wasn't anything near what we expected. I wasn't even about to try any of the food because it probably would have been another hour and a half. \n\nI will be getting $4 beers and hookah somewhere else next time.",Unknown,1.0
1,"Perhaps it's Superbowl weekend that made Boa seem sub par, or maybe it was the fact that you can only get happy hour prices at the bar, or even the way the bartender was more concerned about setting the Tivo to record some T.V. show, instead of serving us our last happy hour drink, I just don't know. Either way I am not impressed at all with Cafe Boa. For one, the entire restaurant  was reserved until 9:30pm, Ok, so let's sit outside you say. Ahhh but low and behold you cannot get happy hour prices outside. Would this be so bad if the bar wasn't 10 ft by 10ft....probably not. So the happy hour \""area\"" is small but luckily we were able to find a seat at the bar. Now the prices are good, and they offer a decent amount of drink specials on everything from wine to beer, to martinis, however the food is limited. I though the Pinot Noir I ordered (half off) was very dry for a Pinot. The food specials and sausage dish served in a marinara sauce was ok, the sauce was interesting with capers and black olives. It did give me some new ideas to experiment with, when I make my sauce.  Unfortunately the sausage was dry like the Pinot. (good pairing) My date ordered a cappretta salad, which was several tomatoes and some mozzarella and this cool soft cheese. Or \""badass\"" as our bartender described it. LOL!  That was very good, but it was an extremely small portion.  Overall the service was decent. I heard the energetic, charismatic bartender, drop several F bombs, and the staff seemed somewhat \""wired\"" like someone left a big basket of easter candy in the back, and they all got into it. Sugar rushes aside, overall the final bill tallied up to 30$ (without tip) for 4 glasses of wine, and 2 apps. Not bad you say? Since we missed one happy hour drink, the bartender was cool enough to leave one of our drinks off the tab, to balance it out. As he said \""It was both our faults we missed that deadline\"" with a smile. I jokingly replied, \""actually I just blame you.\"" I was kidding, but also somewhat serious as he spent about 10 minutes trying to figure out the Tivo settings. Um, who has TIvo in a bar anyway?",Unknown,1.0
1,"There is nothing special about these hot dogs. And the price of $7 is a bit steep. Plus you get diahrrea after eating here. \n\nAnd the place is kinda dirty. There is 3\"" of grease on the walls and ceiling and the tops of the garbage cans are full of old food and ketchup stains. What would it take to wipe the place down? Geese I hate eating in filthy restaurants.",Unknown,1.0
3,"So I have driven by this place a million times thinking \""I gotta get there sometime\"".  The consensus that I've heard was that the place was fantastic and had great wine.  We had a Groupon $20 for $45 which is always featured so I recommend that because why wouldn't you if its there and your going to dine there anyway.\n\nImmediately when you walk in your eyes are drawn the candles that are lit everywhere and directly in front of you is the redish orange unique chandallier.  Pretty neat.  Ambiance just punched you in the face. I had been here before this became Mezzos and don't remember the details as much as I did this time.  The ceiling is dropped down creating a circled effect which I thought added a lot of character to the place.  To your right is a little sectioned off party room/section that would be good for a large party.  To the left is the bar area which I really didn't get to check out closely being that we were seated on the other side closer to the kitchen.  \n\nThe server and guy assisting him were fabulous, attentive and very nice.  I believe the owner was there, however he never greeted us. \n\nI ordered my glass of Chardonnay and they didn't have my first choice.  Soo I ordered my second choice.  It wasn't too shabby but $10 a glass.  I hate the mark up on wine sometimes. The BF was disappointed they didn't have mixed drinks so he just ordered a soda.  \n\nThe bread came out right away.  Reminded me of some bread that I make at home.  Crusty on the outside and doughy on the inside....warm and delightful.  It accompanied a small bowl of oil and balsalmic.  Too much oil for my taste.  I kinda like more of the balsalmic but it was still really good.  We ordered the Caesars salad to share and it was perrrfect.\n\nFor my entree I ordered the penne ala vodka with chicken as an add-on.  It came out and looked amazing.  There was way too much chicken though - SAID NO ONE EVER - except for ME!  Sorry.  I like more noodles and a hint of chicken.  There was a lot of chicken and a lot of sauce.  All was tasty to say the least and 1/2 went home for leftovers.  BF ordered the chicken parm with a side of penne with marinara.  This was ALOT of chicken too but he wasn't complaining.  It almost felt like 3 portions...no kidding.  Needless to say we brought some of that home as well.\n\nOverall a great experience.  Ambiance is a 5.  It has outdoor seating that would be amazing to enjoy if it wasn't over 100 degrees outside right now.  I think with our Groupon we only spent $15 over that.  Nice little date night and a definite need to go back and bring friends!  \n\nBTW- the leftovers were BOMBdiggity the day after.  Better than the meal itself.  Big fan.",Chinese,1.0
0,"Another overdone steak and utterly inattentive staff! Still sitting here waiting for someone to give a care.\n\nSo, we finally got the attention of a server who was not our server, Michael. She was kind enough to take my steak back to the kitchen. Michael, our server, finally shows up 10 minutes later with a half-hearted apology and to let me know that my steak was being prepared again. He does not offer to refill our drink glasses that have now been sitting empty for 20 minutes. The manager makes an appearance and brings me a strip steak that looks rare from the sight of it. He informs me that my steak is on him and apologizes. He goes away. I cut into my steak and it's, you guessed it, Pittsburgh Rare. I asked for medium rare. He returns and I tell him that the chef needs to go back to culinary school and learn how to prepare a steak. The manager apologizes again and asks me if I want to take this pathetic piece of beef home with me! Not only is it rare but it's a cheap cut of strip steak that is loaded with connective gristle. I said no thanks. He comped my husband's meal and we left. I never hope for people to lose their jobs but the cook and the server really need some serious retraining! I will never go back to this Applebee's again.",Unknown,1.0
1,"Bottom line: good selection, but horrible customer service.\n\nWhen I go suit shopping, I'm usually dropping between $500-$1000.  That doesn't make me the biggest spender in the world, but it's a good chunk of change to spend in a mid-level men's formal wear shop.  And it's not peanuts to me, so when I come in looking to spend that money,  I expect a little attention from the staff and some advice.  They're really not good at attention or advice at this Men's Wearhouse l,ocation.  That hasn't been my experience at all of their stores, but this one is particularly bad.\n\nI stopped in 2 different times to look at buying a few suits.  The first time I stopped in, no one greeted me or asked if I needed help.  But to be fair, the staff looked like they were helping a fair amount of customers looking to rent tuxedos.  So I figured I'd just come back when they weren't so busy.\n\nThe next time I came in, a woman offered to help me.  We talked about what I wanted (classic gray business suit) and she took me over to the section of suits in my size.  After a minute of looking, she just told me, \""Looks like we don't have one in\"" and walked off.  The store wasn't that busy.  She walked back to the register and talked with other staff.  No alternatives offered, no advice.  So I poked around for about 5 more minutes and split.  \n\nI headed over to a different Men's Wearhouse, where they met me at the door and discovered they didn't have the exact suit I wanted after talking to me.  But they led me over to a selection of similar suits, listened to what I wanted the suits for and helped pick out 2 suits similar to what I came in looking for.",Unknown,1.0
4,"Had a last minute emergency out of town and my dog was not up to date with his shot; called a few places and finally this awesome animal hospital was my life saver. My pup got his vaccinations and an over night stay for an affordable price. I was concerned because this was a new place for him but when I picked him up, he was absolutely happy and they took great care of him. We will definitely be back.",Unknown,1.0
1,"This is my first and last visit to this hotel and casino.  Let me start at the beginning. It is off the strip. Not far but your not going to be wanting to walk.  And driving Las Vegas sucks!\n\nWe reserved, and paid in advance for the room on the hotels website. When we check in were told there's an additional $16 a day resort fee.  I know all these hotels are doing this crap now but it gets to me.  Just add it on to the price of the room upfront.\n\nThe layout of the rooms is confusing. The place really shows its age.  Rooms are small.  Clean but small.  The shower is a little corner deal. With a curtain. No tub. So there water everywhere. Reminds me of a locker room.\n\nThe casino is sad. The people in it look sad.  I don't want to turn into one of the sad people.  I will not be back.",Unknown,1.0
4,"This place is awesome.  They have Mexican Pepsis, these out of this world food.  Ben our server is one great listener.  Oh, by the way.  You can go meatless or bunless! They have portobello mushrooms for the meatless option.  I didn't try them but oh that sounded so good. I got the lettuce wrap. \n\nWe had tater tots for our starter (Ben suggested them).  They had these sauces you could try.  I fell for the Jalape\u00f1o Ranch. It wasn't spicy at all.  They're not on the menu, shocker. They should be. \n\n I had the Hatch Burger $11, no bun but I cracked and had the bun on the side. It's a portuguese roll. I'm portuguese so I couldn't turn it down for a few little itchy hives. Besides it reminded me of home (Rhode Island). The bun wasn't overly sweet. It was just right. \n\nVery filling. Locals should come here.  It's a nice sports book to grab a bite at the same time. \n\nThe bill came to $24.86, they took the tater tots & Pepsi off the bill. So we left a 32.5% because we felt the service was excellent.",Mexican,1.0
1,"FAMOUS FOR:\n- Steaks\n\nBUZZ\n- Prime Rib\n\nI TRIED\n- French Onion Soup (7/10)\n- Bone In Rib Eye (2/10)\n- Sauteed Mushrooms (5/10)\n\nI was once on a flight and saw that someone had left a Robb Report magazine in seat back pocket. I flipped through it and saw it had listed the 7 best steakhouses in Vegas, and I was astonished when it even mentioned Circus Circus. I mean, what is actually redeemable from that decrepit place? I read on to find out it actually won some kind of award saying it's the best steakhouse in all of Vegas. Wait... WHAT? Come again? Circus Circus...THE Circus Circus? The Circus Circus that's way off the strip, and has thousands of smelly kids (and adults) swarming and mobbing all over the lobby, the taxi lines, and hallways? THAT Circus Circus has the best steak? No F-ing Way! For a few years, I've been wanting to go, but probably in the 5 times I've been to Vegas since reading that article, nobody wanted to go. This time, I finally got the chance!\n\nThe menu is very simple. They have quite a few seafood options like crab legs, oysters, lobster tail, etc., but at a place called \""The Steakhouse,\"" I feel like those are sort of obligatory menu items. No idea how they taste. Pretty much the menu is STEAK, and very few appetizer and side offerings. Asparagus? No. Creamed spinach or corn? Nope. Mac & Cheese? Psh! As if! They got seafood accompaniments and sauteed mushrooms. Period. So...pretty limited choices.\n\nAll the steaks I've had in Vegas have been decent, but not all that great. I'd prefer Morton's to SW, Carenvino, Delmonico, Cut, GR Steak, and I'm sure I'm missing a couple others. I was actually hoping Circus Circus wasn't good, because if it was good, that means we may need to make trips out this way to have steak from now on. Well..\n\nFRENCH ONION SOUP\nNot my normal appetizer, but considering the limited choices, the only one that made sense. It was pretty decent. Presentation was kinda cool, bowl served on a plate with some extra croutons and cheese shreds in cute little heaps. Seasoned well, onions were cooked well. It was probably what I'd call textbook French Onion Soup. It was good, but nothing really made it unique or special. It was just good French Onion Soup.\n\nRIBEYE\nHere goes. It's presented ok. The cost of the steak comes with your choice of potato. The steak looked healthy - decent spots of char all over. I start cutting a piece, and ended up finding that about 30% of my piece was fat. The fat is the most seasoned part of the steak, and also pretty delicious. Normally I cut it off, but hey, Vegas! It's the most seasoned part of the steak, so this bite should have been stellar...but...no. In fact, there was hardly any seasoning at all!\n\nYou couldn't even fathom my disappointment! If there was any kind of special mesquite flavoring, I didn't find it. The meat was decently tender, and I can't really complain about any of its technical aspects (i.e. medium rare was just as I asked), but the taste was just so BORING! Nothing inspiring, nothing savory, nothing...good! It was bad! I mean, there was nothing going on with this! It's not like \""no news is good news.\"" With steak, \""no news is the worst possible news!\"" I had to restrain myself from asking for A1, but I did end up sprinkling some salt on it. It did make it taste better but anytime you add salt after the fact, it doesn't taste right. I was so disappointed I probably left 1/3 of it. I was taking scoops of mashed potatoes with each steak bite, to try to add seasoning somehow. I tried everything. Nothing worked. It just gave up!\n\nIt was a pretty bad steak...not the worst I've ever had, but definitely the worst $50 steak I've ever had. \n\nMUSHROOMS\nWell, certainly better than the steak, and while tasting halfway decent, it wasn't anything special. If I went to TGI Friday's or Outback or Chili's and got this batch of sauteed mushrooms, I'd have found it fitting, but if I paid $7 for them (and it was a pretty small batch), I'd like something with a little more creativity! \n\nINDIANA JONES & THE STEAKHOUSE OF DOOM\nI was really, really upset! I mean, even though it was free (company paid), which should make it taste even better, I couldn't believe what a waste of money this place was. Considering the $20-$30 roundtrip cab ride and having to swim through a roaring (and smelly) sea of children and parents for about a mile (exaggerating), there's more at \""steak\"" here (see what I did there?). \n\nEither A) the reviewers were all full of sh*t, or B) We got the C- cooks, because I can't imagine how an establishment like this could have gotten high marks anywhere. \n\nThankfully, I now know, I don't EVER have to go to Circus Circus again! If you're a curious person like me, then you probably do need to go here, just to say that you've tried it and conquered it. Otherwise, if you're solely on a mission to try actually good food. Skip this place!",Indian,1.0
1,"Normally my family is particular about sticking to the tried and true Chinese restaurants. It is rare to get my mom and dad to deviate from their regular rotation. When my dad suggested this place, it took me by surprise. The Yelper in me is always in search of a hidden gem.\n\nHK Garden is not that kind of place. It is jammed pack with tables of screaming, uncontrollable children. The Asian teacher in me wanted to expel some corporal punishment, but decided against it. A few stern looks were enough to get them into the seat next to their mother. \n\nThe service is lacking. Of course, it is lacking, it is a Chinese restaurant. Of course, I am going to get ignored when I need them most. \n\nThe food is a hit or a miss. \n\nThe seafood and tofu hot pot: hit. \nThe mapo tofu: miss.\nThe porks blood and intestine hot pot: hit.\nThe HK sweet and sour spare ribs: miss.\nThe whole fried flounder: hit.\n\nApparently if $40+ is spent, you get a free entree. We got the flounder. There is something else for $80+.",Chinese,1.0
1,"I didn't think this place was that great, but probably because I have such great Greek places in San Diego that I'm used to so that I wasn't impressed with this place. The food was pretty expensive for what you get but I guess that's what you would expect from a mall food court. I got the Mediterranean chicken salad without the raisins (ew yuck raisins in salad) and didn't really think much of it. It wasn't really that flavorful so I guess the dressing could do some work. The salad was really big though and I couldn't finish it all. It had tomatoes, onions, corn, parsley, cheese, and chicken. I really think that the salad could do without the parsley and would probably taste a lot better with cilantro, but that may just be my bias love of cilantro :P. Since the flavor wasn't doing much for me I got some of the hot sauce they had and mixed it in with the salad and after that then it actually tasted a lot better. Even after the hot sauce I wasn't able to finish the salad so I brought it home to eat later. Usually I don't think it's a good idea to bring home salad because it usually gets all soggy and gross, but for some reason this salad was oh kay when I ate it later that night. I actually thought it was better when I ate it later that night for some reason. Maybe the salad absorbed more of the dressing? Or maybe because there was less parsley in it? But either way, I finished it later that night and it did taste better. Overall though if I had to chose a place to eat I wouldn't chose this place again.",Greek,3.0
2,"I will never forget this place due to that one night where me and my friends were doing one of my favorite activities by just walking around Fremont. We decided to grab a $10 chinese food deal at the Lanai Express and once we finished we complained about how bland the food was. \nThere's purple all over the place. I was waiting for a Prince song to start playing on the speakers. (I happen to love the music of his purple majesty.)\nOther than that story, the color scheme, and the super-boring buffet there's really not much to say about the place. It's old, judging from the clientele, decor and the words of my aunt which claim that it's pretty much exactly the same now as it was when she first came down here it's kind of stuck in the 70's, which makes it kind of cool actually in my opinion. If you're looking for a cheap, low-frills place to hang out which reminds you of days gone by, the Fremont definitely fits the bill.",Chinese,1.0
2,"I came here around 8:40pm on a monday night and there were around 3 parties already there. I went to the bathroom before sitting down and, low and behold, there was a humungous cockroach staring back at me while I was peeing! Ew\n\nMy friend and I both got the AYCE dinner for $22.95 and the appetizer labeled \""THE SHIT! must try,\"" which was more shitty than the shit in my opinion. My friend really liked it though. We also got the 2-for-1 sapporo deal, which was pretty awesome because we got 2 huge bottles that was enough to fill 4 cups. \n\nThe sashimi salad was hooked up with sashimi, which is good because I don't like eating a bunch of rice at AYCE places, as it gets me unnecessarily full. I also ordered salmon, yellowtail, and albacore sashimi, which all tasted pretty fresh, but definitely not the best fish. Really thin slices too. The sashimi roll was good too, stuffed with assorted raw fish and rapped in cucumber (no rice). My friend ordered a spicy crab roll (basically a california roll but with spicy crab), monster roll, baked lobster roll, and baked scallop roll, which were all pretty good. \n\nThis place kinda smelled like clorox, but it wasn't anything too overbearing.",Unknown,1.0
2,"Went here yesterday for lunch. Pretty busy little place at lunch time with the downtown business crowd.  Anyhow, there food is solid but overpriced. Nothing exceptional but nothing bad that I have had either. I had the salmon burger yesterday. The shoestring french fries were good, I am pretty sure they are fresh and that was probably my favorite part.  The salmon burger itself, which was recommended by the waitress, was extremely dry. I was hesitant to try it as they stated it was not a piece of salmon . I surmised it was salmon flakes with filler aka what I would expect from the frozen section at any grocery store. So going back to the dry salmon patty, the salmon burger had cream cheese - which again I am not a big fan of but I think the cream cheese and the copious amounts of mayonnaise helped offset the dryness of the salmon patty.  The menu stated that the salmon burger had a balsamic aioli, however I could not taste that at all on the burger and there did not appear to be any balsamic dressing on the burger.  I did like the bread and butter chips on top of the burger (there were five held on top with a toothpick).  My total for the salmon burger & fries, with no drink including a $2 tip was $15. I just don't see going back for the price that they charge. \n\nI overhead another waiter saying that the hangover burger was great, and my friend who got the hangover burger liked it but I just can't justify paying $13 for a burger unless I was at BURGR or the like.  If I am going to get a hamburger and it's not high end then I am an In-N-Out girl because, hey, that's what a hamburger's all about... but I digress. \n\nI went to MTO once before, about six months ago, and remember getting the salmon wrap. Again I remember it being okay but nothing really noteworthy. I split it with a friend and it is definitely not big enough for splitting. \n\nAs a side note, they serve beer for $5, there were some good choices Dogfish Head 60 - although they also had PBR, I question who would really pay $5 for PBR - although a friend pointed out he noted a resurgence of \""cheap\"" beer as being trendy - I haven't noticed that but I pay more attention to micro brews and wine myself.  But MTO seems to attempt to appeal to a sense of nostalgia by referencing wonder bread and Velveeta amongst other items, so maybe that is their justification for $5 for PBR? Anyway, long story short - okay to try but don't get the salmon burger unless you are in the mood for a patty that has the moisture of the Sahara desert and expect to pay a premium for pretty much anything.",American,1.0
4,Great specials. Today was chicken tender wrap $5.99 um um good,Unknown,1.0
0,I came in for a trim and was butchered. After coming home and showering I noticed that over half my hair was gone when requesting about a quarter off. Stylist insisted on cutting more off during my cut. Ive been in tears for days. $100 haircut total waste and a year of growth gone.  Stay away from this place. \n\n*read reviews below* same issues with many other people. I just wish I read some of these reviews before I went to this place.,Unknown,1.0
1,"Overpriced, Overhyped and underwhelmed! I was terribly disappointed with my experience. The food wasn't awful, but it was uninventive and one note.  I felt like they were trying too hard to be cute and trendy, rather than focusing the flavor and providing a balanced meal.  Also while I understand that a true improvisational cuisine is hard to accomplish with a restaurant that size,  it was pretty clear they had a set menu for the night and just rotated it between the tables. For example, I noted in my restrictions \""Vegetarian, eat dairy LOVE cheese\"".  I was served no dairy what so ever.  By my third course I complained because so far my food had been mediocre, and round 3 tasted like a stew, everything was cooked in the same broth.  Not to mention I couldn't cut through the asparagus with my knife or my teeth! \n\nThe server was great, when I complained she had them make me a new course, parmesan risotto. It was better, but not creative and definitely didn't have a \""wow\"" factor.    She also brought us out a nice cheese plate on the house, which was by far the best part of the meal. Overall, I was very impressed with the service and completely underwhelmed by the food.    I have no problem paying $$$ for a stellar meal, but not for one that left me hungry and craving protein! We won't be back.",Unknown,1.0
1,"My boyfriend & I were desperate. We needed to eat something before we saw the Matsuri. So we ended up eating here. Yes, it's vegas and food is usually over priced. But at least over priced for good food! Anyway, we got a 20% discount check for this place and it still ended up overly expensive.\n\nRainbow Roll: $14\n\nAnd my bf got some kind of soup for $16.\n\nAnd we ordered soju (she told us there would be tiramisu soju but it ended up being a regular flavor soju). The soju is $18.\n\nThey included the gratuity tip to the check, it came out to be $50. Superrr expensive for pricey food. For $50, I would have went to the WYNN Buffet instead!\n\nAnyways, the food wasn't terrible but it wasn't delicious either. It was your average conveyor belt sushi. If you can, avoid this place and go somewhere with better quality of food.\n\nWill not be coming back.\n\nYes, this restaurant is extremely dead and it was on the 4th or 5th floor. And the escalators weren't working. Such a dead and ridiculous hotel. The line for check in were never-ending, the front desk to the bars in the back. It was hard to maneuver in this hotel. \n\nNo, Thanks. PASS.",Japanese,1.0
2,"Once upon a time, I actually stopped for a moment to hear out a Mill Ave promoter...\n\n\""Come in! It's only five dollars\"" shouts the peddler. I let out a hearty laugh. A cover on a Sunday night? Not I. After taking a glance at the hotties I had traveled with, the doormen obliged, and we were whisked to the second floor, feeling thirsty and excited.\n\nWe reached the summit of the staircase, with jaws held agape. This place was a ghost town. Should we leave and try to salvage our Sunday elsewhere? No, that's too risky, other bars could already be closed. So we stand in the empty lobby for a good 20 minutes, before the ladies settle for some bottle service at a table. You DO know, that's the only way to get a seat here, right? \n\nTotally. fucking. worth it. $40 lands a bottle of Strawberry Andre and a fifth of Skyy. A steal by club standards. It came complete with carafes of cranberry and pineapple-orange. My oh my, was this pretty nice. The promoter, who was equally worried about having fun himself (I like workers this genuine!) threw us some offers we couldn't refuse. I may soon be back.\n\nAtmosphere is sparse, and it could use a little upkeep. Also, there's a pole at every table, so women are apt to play stripper. They can be so trashy, yet i can't look away...\n\nAnd many drinks were had, and many skanks were laughed at. The end.",Unknown,1.0
0,"Do not stay in a regular room. Just back from room 316- the nastiest hotel room I have ever seen. I never took my shoes off. Yes, the size is super tiny, cracked sink, filthy/old shower. Maybe OK for one person. The price is very cheap, but not worth it. I did see a suite room on the same floor and it looked very nice.",Unknown,1.0
4,Quaint little establishment which serves great crepes with friendly service.  I had the dessert crepe with bananas and delicious maple syrup.  Reasonably priced and very easy to locate.,Unknown,2.0
1,"Burger was just OK, service was good, salad & dressing were nasty! Way too expensive for average food. I'd rather get a bistro salad at Trader Joe's for $4!",American,1.0
1,"Strike number three for Five Guys. No longer in my rotation. Take a seat on the bench. I'm pretty sure I can't come up with anymore baseball euphemisms... but it doesn't matter because I simply do not like these burgers and fries.\n\nI've wavered about Five Guys and I stayed away for a long time. This afternoon I was in the area and decided, hey I'll try it again. Well I might as well have just gone to Chipotle since my gut was telling me to.\n\nThis go round I ordered the Cajun fries, which come with a Cajun seasoning. It does have a kick, but to say these are amazing? No way. I was feeling pretty hungry so I went with the \""Cheeseburger\"" (two patties) and I just can't say it's that good. I think it may be the way they wrap the damn thing up so tight. It makes the burger become super soggy super fast. I just feel like I'm eating a mooshed up wanna-be burger. I'm sorry, I feel as though I shouldn't be bashing them this bad, but I'm just so disappointed.\n\nAnd overall the price just does not reflect these burgers. $11 is too much for a combo meal I don't care how many fries you over-fill my bag with.",American,1.0
4,"Tried this place with my hubby for a snack and totally fell in love with their food. It's a great cheap eat in the heart of Vegas (next to the Wynn). Make sure you taste their spicy pork tacos! They are just fantastic! (and cheap, 1 taco = $2)",Mexican,1.0
2,"So I ventured in here today for a quick nosy hoping to see what was on sale. I figured nothing in these economic times could be TOO expensive...They had a lot of their items FULL PRICE much to my disdain, but I was pleasantly surprised to find a large bin on throw pillows for 75% I personally was in need for some and bought some super cute ones for $6.00 each originally $35.00 yeah great deal!!! So I was a happy camper...I even found two that matched that weren't damaged SCORE...\n\nThey were setting up for Christmas so it was a little jumbled, but they had some cute Halloween stuff out but it was weird half the stuff was marked down and half wasn't, it was so confusing I just passed. I don't like the guessing game, either mark down the season or don't KWIM?\n\nAll in all though a typical Pier One except for how disjointed everything was it was hard to find things, and they just don't have the cute sets of furniture like they used to :(",Unknown,1.0
2,"This location is much better than some of the other downtown Pittsburgh locations, but only because the guy who makes my create your own salads is really really friendly. I love that you can create your own salad; however, for $7.99, I wish the lettuce was always at the peak of freshness. It sometimes is, it sometimes isn't.\n\nI like the variety of soups; however, if you want mac and cheese, come early because they always run out of it. The tuscan bean is good, as is the tomato bisque.\n\nThe roast beef with herbed cheese on a baguette is my favorite sandwich, and this one has never every let me down.\n\nPerhaps if the prices were a little lower, I would be more satisfied with the quality of the food.",Unknown,1.0
0,"We brought our truck in Oct. 2011 for brakes they charged   $800.00 for brakes and rotors, now it is only august 2012 and we brought it back because of pulsating of brakes and they said the rotors were warped and needed to be turned already, apparently they are not using factory recommended parts just cheap ones!!! Very disappointed.... our last brake service before combs lasted 7 years and none of our driving habits have changed.",Unknown,1.0
1,"20 oz beers OK, but  $8 for that beer, hrm. Loud thumping music makes it difficult to have a conversation - on the phone or otherwise. If you've got to wait for a plane, meh, it's alright, but wouldn't be my first choice in the future.",Unknown,1.0
3,"Let me just preface this review by saying, I really really didn't want to like Pizzeria Bianco because of all the hype I have heard about it. Unfortunately (or fortunately I suppose), I actually did like Pizzeria Bianco. While I cannot say it was the best pizza I have ever ate, it was good and I walked away a pleasantly full and happy gal.\n\nTo avoid having my opinion of Pizzeria Bianco swayed one way or the other by a potential 3 hour wait, and since I don't feel like any food is worthy of a 3 hour wait, I went with a group of 6 friends and made a reservation. My biggest advice if you are going to make a reservation, make it way before the date you want to go! It took three times calling for a reservation before I got one...last night the hostess shed some light on why...they only take one reservation for each time slot. If you do decide to go without a reservation, take advantage of drinks and apps beforehand at either Bar Bianco or Rose and Crown!\n\nPizzeria Bianco is small and tables are very close together, so if you don't like dining almost on top of the table next to you, I suggest skipping this place. Our waiter was friendly and provided good service most of the night. Coke comes in the old fashioned bottles and the alcohol selection is a bit small, but I guess the focus is really the food. Our group started with an order of the spiedini (fontina wrapped in prosciutto) and an order of the tomato and mozzarella as appetizers. Definitely if you are with a group, order at least two of the spiedini, as it only comes with two skewers which only affords each person a very small bite. The tomato and mozzarella fed our group easily, so one order for a group of 6 should be fine. The tomatoes were so fresh and juicy, and the mozzarella was super fresh as well...all and all, it was probably the best caprese I have had. Both appetizers were winners with our group. We also went through two plates of the bread and olive oil before our pizzas arrived...my only complaint was that I prefer when restaurants put a bit of seasoning in the olive oil to kick the flavor up a bit.\n\nWe ordered five pizzas...2 Biancoverdes, 1 Margherita, 1 Rosa, and 1 Sonny Boy. We probably should have just gone with four pizzas, but with five, we had leftovers for some people to take home. I really enjoyed the Biancoverde and the Margherita, although the Biancoverde was by far the heaviest of the pizzas and had intense flavors. It had a bit too much argula for my liking, but it was very good. The margherita was simple, yet tasted very fresh and had a good cheese to tomato ratio, which is very important in my book for a quality Margherita. The Rosa and Sonny Boy were hits with our group as well, although I think the Sonny Boy was probably the least favorite of the four kinds we ordered. For the two appetizers, five pizzas, a glass of wine, a coke, double expresso, and a cappucino, our bill came to $111...when we added in the tip, each person in our party of 6 paid $22. I thought that was incredibly reasonable and actually much less than I had been planning to spend.\n\nThere were a few negatives about my Pizzeria Bianco experience:\n1. Parking - the lot for PB customers was full when I arrived at 5:30 pm, so I was directed to the garage on 5th Street which was fine. However, even after getting my ticket validated at PB, it still cost me $3 to park. Not a huge thing, but I think that people turned away from the lot (which is free) should be told that they will still have to pay to park at the garage, just at a discounted rate.\n\n2. When we arrived at 6:30 (time of our reservation), we had to wait for 15 minutes for a table. Granted, not a three hour wait, but it just irks me a bit when you have reservations for a specific time and then are still made to wait.\n\n3. The table of two guys next to us were asked to leave by the hostess...she told them they could finish their beers outside or next door, but they had to leave so a party of two could be seated at their table. I have never heard of something like that happening before. Our group was a bit shocked and as my friend said, \""I guess to be a hostess here you need to have quite a pair\"". \n\n4. After we got our check, we waited over 15 minutes for someone to take it and bring the change (we paid in cash). Our waiter never actually came and got it...the hostess overheard us wondering when someone was going to come and get our money, so she picked it up and handled it for us. The funny thing was that there was a group waiting for our table outside! \n\nOverall, I would say Pizzeria Bianco is a 3.5 star establishment, but I'm giving it 4 stars (Yelp really needs half stars!) because the food exceeded my expectations in terms of quality and freshness, and our group walked away quite happy with our dining experience despite a few hiccups.",Italian,1.0
0,"I called to see how much a synthetic oil change would be, the guy said $54. I walk in literally 10 minutes later and ask for the same thing and the girl says $59. I told her the guy I talked to said $54 and that I also had a $10 off coupon from the last oil change I got at another sears location. She said they had a deal and it would be better to go with their promotion. 1 hour later they call me and say I need a new air filter , tire rotation, and coolant flush and they were having a friends and family discount so it would only be $80 for all that. I passed on that offer. I go back to pay and end up paying $54 the original quote I got on the phone. My $10 off coupon went to waste and they only offered me the F & F discount if I got all that other unnecessary stuff done yet the lady before me got the F & F discount on her oil change! I'm never coming back here or recommending this place to anyone and I hope them ripping me off was worth my loyal synthetic oil changes.",Unknown,1.0
4,"I came here and spent $40 (!) on dinner here, and you know what? It was worth every penny, if not for the desserts alone. Food was amazing (laser-cut crab legs!), and there was a very wide range of cuisines. Definitely would come again, but for lunch when it's (hopefully) cheaper.",Unknown,1.0
2,"Mixed feelings. The apetizers were PER-FECT. Like, the best fish we had had in a loooong time. But then our second courses were so underwhelming it just didn't step up to the apetizers! It's quite pricey, too, because you need 5-6 plates to make it a dinner for two. I'm still pretty sure I will give it a second try just because the fish was so amazing.",Unknown,3.0
2,"Now the Medley Buffet, We came here on a Friday for lunch for $9. We used 10k points for $10 of dine-in credit. \n\n- Like a Feast buffet but a different Chef. They took the chef from Red Rock. \n- They have a buy 1 for 2 promo Mon-Thurs only.\n- Ribs are tough.\n- I come for the Mexican food! Yum! \n- Make yourself taco fries and meatball tacos with sour cream! \n- No sushi for lunch\n- Single price is $9 with players card but at a station casino, it's $8. \n- Fried chicken is worth getting\n- Leave with an ice cream cone!\n- Good value.",Mexican,1.0
3,"So I heard this place was more \""disgusting\"" than XS.  Which means I had to go give it a try.  There is a line at about 8 o clock at this place...which means if you don't get in early, your pretty much waste your night waiting in line.  Cover was a bit more than XS, i paid $45, and when I got in I was sort of disappointed.   They have 3 levels.  The top level is a loungy area with pool tables where you can hang out.  The middle level is the main level with a decent sized dance floor and a patio that opens outdoors to a small pool.  The bottom floor is the hip hop floor which I though was a little tight and hard to get around.  The ambiance and decor is nice, but I prefer XS cause I just felt more comfortable there.",Unknown,1.0
3,"This is a solid little bakery/deli. If you know me at all, you know I love my Middle Eastern food and I love little Middle Eastern places like this. So, without being biased, I'll list what was good from this particular spot:\n\nGreat lemonade which is accented by orange flower.\n\nGreat falafel! Yes, the falafels here are wonderful and bite size!\n\nGreat pitas. A little on the pricey side for a bag of them, but I've been eating them all week and I don't feel like I wasted a penny. \n\n**They also make their own pita chips dusted with za'atar! Those with some labne would be scrumptious!**\n\nGood shawerma, got a pita sandwich with tahini and was pretty pleased.\n\nOkay hummus. Definitely not the best I've had, but much better than the plain stuff you might get from a super market.\n\nI'm definitely going back to try more! Next on my list are the spinach pies, their labne and their fresh pitas covered in za'atar.",Mediterranean,3.0
0,"As someone else mentioned, I wish I could give zero or negative 10 stars. This service is horrible. I've had Clearwire for over two years. The first year was great. As they grew and became more popular in Vegas, however, it got worse and worse.\n\nClearwire throttles heavy users. They don't admit to doing it, but they do. Usually it only happens to me at night when their usage is heaviest. Today, it's been all day long. It is worse than dial-up. I work from home and I find this intolerable.\n\nI called Clearwire and they again repeated the lie that they don't throttle (even though you can find proof from other users posted all over the Internet). I ran a speed test and, check this out. They promise 4G service. My download speed is 2.09 Mbps, upload is .28. Yes. . .point two eight. As I type this there is at least a one second lag before each letter shows up.\n\nI am so over this. Yes, it's cheap. But if you depend on being able to work online, spend the extra money for a better service. I did a lot of research and am having CenturyLink installed tomorrow. Yes, they actually gave me a next-day appointment. I've read negatives about both Cox and CenturyLink, but nothing can be as bad as Clear so I'm not worried.\n\nIf all you do is check your email and do light Internet surfing, you may be fine. But if you want to watch YouTube videos, download photos or anything normal users do, forget it. It is not worth even the small amount they charge.",Unknown,1.0
0,"Avoid this place like the plague.  Jack isn't a nice guy, he isn't dependable and he will lie straight to your face.\n\nBrought my car in because the check engine light was on and we had been told we needed to replace the timing belt.  They were the most resonably priced (what a joke that phrase turned out to be) and could have it back to us a few days.\n\nNow the nightmare began. \n\nAfter over $1,400 dollars in repairs, I picked up my car and drove home.  The following morning, same problems with the car - misfiring and the check engine light was back on.  Back to the shop we go.  Now we have new problems!  $500 later, more repairs.  The next day, car was misfiring and you guessed it, check engine light back on.\n\nBack to the shop we go!  More work (that they didn't charge us for, but I don't believe was really done) and they PROMISE the car is better than new.  \n\nRiiiiight....\n\n10 miles down the road, car is misfiring again and the check engine light is back on.  And where did we go the next morning?  Back to the shop - but this time Jack, the owner, was there.  And what an unplesant, rude, disrespectful man he is.  I cannot believe he owns a business.  He flat out lied to my face when he told me that \""Chuck\"" had drained my gas tank and found it full of gunk.  Funny, I had the same amount of gas when I dropped it off and no one had mentioned that had been done.\n\n2 days later, now we are being told the computer is fried - another $2k worth of work.  What?!?  Oh, and today Jack emptied the tank.  Interesting, as Jack told me it had been done 2 days before.  And when he did?  He \""forgot\"" to fill it back up, leaving me with fumes to make it to the gas station.\n\nThe car is now at the dealership, which is where I should have taken it to begin with.  Not trust some shady, rude, liar.  \n\nI wouldn't take a Barbie car to this \""repair\"" shop.  Hopefully they won't be in business much longer and won't be ripping off other people.",Unknown,1.0
0,"Food (chips & salsa, pulled chicken burrito, and fish tacos) 1/5:  you can get better fake cantina food at Wahoo's or even La Salsa.  Fir the price we paid, it was NOT at all acceptable.  The only saving grace was the so-so guacamole.\n\nDrinks (Diablo's own brew) 2.5/5:  decent beer, but for $8.00?  The beer should come in a bigger mug.\n\nMy gf and I was there yesterday, and I have to say it was quite disappointing......\n\nService 1/5:  We got our chips, beers, and main course within acceptable time.  However, I never got the hot sauce I politely asked for.  After 15 mins, AFTER I am done with my burrito, our waitress still did not bring the hot sauce or even check in with us to see if we needed anything \n\nOverall, somewhat acceptable food, over-priced, and unacceptable service.",Mexican,1.0
0,"I was in town visiting a friend and we wanted to get a mani/pedi together on the last day. After walking around the mall across the street and calling several places checking their availabilities for walk-ins, we decided on this place. \n\nThe place is definitely more of a tanning salon than anything else. The word I would use to describe the entire place is probably gaudy.  Walking into the place, the walls were pretty barren and the decorations looked like the inside of a Forever 21 dressing room, actually I'm pretty sure, the chandelier was the same one. Most of the people who worked there were very young and dressed like they were going out for the night, I guess given my previous experiences with salons / spas, were the workers were either dressed in uniforms / more conservatively covered, this was a bit unusual. \n\nThe quality of service was the worst service I've ever received for the amount that I paid. Maybe the range was typical for Scottsdale, but around Evanston, I can get a mani/pedi for $32 and receive better quality work, and at this place, I got a premium pedi / hot oil treatment mani for $53 combined not including tip. The color selection for the nail polishes were very limited and mostly, the colors were pretty loud and gaudy. The two women who worked on my friend and I seemed to be engaged in some sort of passive aggressive argument the entire time we were getting our pedicure, and that made it somewhat awkward. It's only been a couple of days after my manicure and huge chunks of nail polish has been chipped off of my nails and I definitely have not been doing any super strenuous activity since the manicure. \n\nMaybe the tanning service is a lot better, but as far as I'm concerned it was the worst $53 I've ever spent on nails.",Unknown,1.0
4,"hi, my name is sheri. please allow me to give you a verbal tour through veloce cibo. ;) \n\nthe ohana were fans way before i even discovered the breath taking views, delectable grub, great service, and unique design this place has to offer. the restaurant has it's own elevators which escort you to the 16th floor. if you see lemon trees everywhere you know you are at the right place. this caught me off guard at first and i didn't know what to think, but it has grown on me after my third visit. the architecture is absolutely beautiful and the dinning rooms are separated by glass (30 guests per room) so one can get a more intimate feel. when the sun goes down and the strip lights up, it's definitely a sexy view. \n\nas far as the food is concern, since i don't eat meat and the occasional seafood, i have only been able to enjoy the sushi, salads, and array of bread. \n\nsheri's picks:\nthe M Girl Roll - $15\nGodzilla Roll - $16\nSpinach Salad - $12\nBig Eye Tuna Tartare - $15\nStir Fried Eggplant - $8\n\nthere are tons more i would suggest, but let's start off easy. my family loves the Braised Short Ribs - $36. \n\nthe service has always been more than wonderful every visit. from the moment we walk up to the hostess counter to the moment we leave tip they are always super attentive, friendly, and accommodating. Mahalo Veloce Cibo!",Japanese,1.0
2,"Just the facts:\n- Great options for healthier eating\n- Unique non-meat sandwich options at lunch (portabello, grilled zucchini, black bean, etc.)\n- decent coffee\n- cute atmosphere and fun S&P shakers at the table\n- kind of pricey\n- I want to go back to try breakfast",Unknown,3.0
1,"Based on Yelp reviews, we dined at this restaurant recently on a double date. The building itself is adorable. Maybe used to be an old house? It's cozy and you feel like you will be served some home cookin' with a twist. Our appetizer of spinach artichoke dip was delicious but the meal declined after the beginning. My husband and I both ordered the chile relleno. The description looked fantastic but the polenta was bland and the chile itself (for not being heavily fried) was very greasy and left me wanting. One of our friends ordered the crab cakes which he described as fine. \n\nToward the end of our meal, a gnat was discovered floating in a Manhattan at our table. Our server was notified, she took the drink away after asking if our friend wanted a replacement (he declined) and we waited for our check. The drink was still included on the check and the waitress seemed a bit surprised when he asked for it to be removed. \n\nI think the reason I was so disheartened about this experience was we still ended up paying about $70 for our meal (just for myself and my hubs.) Unfortunately, Coronado is not worth the food, price or overall experience.",Unknown,1.0
0,"AVOID this place at all costs.  I've never been treated so disrespectful in my entire life. \n\nCame here last night with 3 friends after having dinner at Squid Ink since it's the only bar in the area.  Ordered a beer for myself and 2 of my friends and was promptly told that in order to get the drinks I would need to surrender my keys.  Ok... I told them and I gave them my keys even though I didn't even bring my car here.  My friends and I ordered shots, then went on the dance floor and goofed around having a good time.  When I went to order another drink I was told by the waitress that I was \""too drunk.\""  \""Excuse me?\"" I asked her, \""I've had 2 drinks!\""  When I asked for my keys back she just flatly told me, \""No.\"" I went to find a manager and a burly doorman asked me what was my \""problem.\"" I told him my problem was I was being refused service and I just wanted to get my keys and get out of this crappy bar.  He told me I would get my keys as soon as a cab got here. I told him a cab was on the way, and that never in my life had I been treated like a common criminal for doing nothing wrong!  I told him obviously you people don't want my business and I won't ever return.  That's when the doorman told me, \""That's fine, fags like you aren't welcome here.\"" That's when I completely lost my shit.  After the cab arrived I asked for my keys back. I was told, \""you're just planning on taking the cab to your car.\"" I told him my car was at home and I needed my keys to get into my house! He finally thew the keys at me and I got the heck out of there.\n\nI have no idea where the people come off treating someone like that.  I did nothing wrong and was called a hateful word and was treated like a common criminal. And my tab came to around $25 for 3 beers. Definitely avoid this place.",Unknown,1.0
1,"RA is OK. I like Happy hour mainly for the cheap food and Saki/beer. The sushi on the other hand is just meh! It's good but its not what I consider real sushi or quality sushi. It's Arizona Sushi! Coming from LA and San Diego, this would be pathetic sushi! But some it is OK and I can tolerate it at HH due to the prices. I would not go here during regular hours and regular prices.",Japanese,1.0
4,"I went here today after searching for somewhere to get brunch. I got one of the specials, snickers French toast, and two $3.50 bellinis. The French toast was AMAZING I ate ever last bite. The atmosphere was really cool, it felt like walking into someone's house. I'll definitely be back to check out the other menus.",Unknown,1.0
2,"I planned to give 2stars,my teens said that give another one for their yummy ice cream! There are about 5-6 favor of ice cream and they got very good verities of cakes. Their sashimi was bad quality,the oyster on the shell with bitter teaste.The prime rib was cold inside.Only the Chinese selection they made it good. $21.99/adult for dinner and weekends. $.99/yrs for kids under 10.",Chinese,1.0
4,"I have been getting my hair cut by Ramon for over 15 years- both my mom and I started going to Ramon before he opened his own salon.  She lives out of state now but still schedules a haircut with him anytime she can squeeze one in when she visits.\n\nFirst, the pragmatic things.  Every haircut I have had here has been awesome.  Mostly I get my hair cut by Ramon, sometimes I get my hair cut by Christina, either way, I always love it.  I look really young for my age and I am not great at doing my own hair and makeup, so having a nice haircut makes a big difference both at work and at play.  Ramon is also great at changing up my look when I ask for it, even if I have no idea what I want.  It's not cheap, but it's most certainly good value for the money.\n\nBut this salon also delivers on the less pragmatic aspects.  Ramon is a great, great guy- he's always nice and funny, asks about family and makes all his clients feel good about themselves.  He also does a lot to enrich the community (Maureen M's review sums it up perfectly). Ramon's staff is also amazing- nice, hard-working and talented.  Everyone makes you feel welcome and makes every haircut a fun experience.  This is definitely the type of business you want to support!\n\nRamon has been cutting my hair since I was an awkward teenager in middle school.  I'm now a professional in my late 20's, married (and looked great doing it, thanks to Ramon) and I still go to him.  I recommend you do the same :)",Unknown,1.0
4,"A bit pricey but completely worth it ! Especially if you go to their happy hour or reverse happy hour at night !!! Speciality drinks are delicious , service is really good even when super busy, and sushi is always fresh tasting ! Go on certain days and you'll run into the incredibly hot and super sweet bartender who is very knowledgable on everything in the kitchen as well as all drinks at the bar. Super patient every time I go with my difficult friends.",Japanese,3.0
1,"A lot of people I know consider Vegas a true desert when it comes to finding outstanding food. Food that blows you away and makes you want to come back to Vegas just for a particular restaurant. They say it's glitz and glamour, expensive and flashy, and food takes a backseat. No where else is this more true than STK. \n\nIt's a great looking restaurant. It's hip with loud music and good looking servers and bartenders. You're definitely not at a loss for eye candy with the patrons. Actually not a bad place for the fellas to have a group dinner if they want to drop some coin on a place where food isn't the emphasis. Unfortunately I was here dining alone on business and food was my only friend.\n\nI don't think I need to go in to detail because I've personally never cared for detailed reviews of mediocre food.  I will say this.... at some level a place like this does have to get certain things right.. I mean, people do have taste buds and people do come here. So as long as food isn't the emphasis and there's some other reason pulling you here: another person chose it, you want to oogle at hot bartenders, you like dining in a club atmosphere, you can probably get outa here satisfied. Just know whatever you order isn't going to be on any of your bests lists.",Unknown,3.0
2,"If I had more money, I would shop here more often. \n\nThere isn't a whole lot to write that hasn't been mentioned in other reviews. I hope the owner reads her Yelp reviews, because most other reviewers are absolutely right. The prices are a bit high and most items are national brands you can find elsewhere. The locally made jewelry is amazing, but a lot of it a little too \""granola\"" for my tastes. And itty bitty gold earrings for $88? \n\nI've gotten an adorable t-shirt with the word \""love\"" on the front and thank goodness I picked it up for half price- it was originally $80! Also picked up some Free People shorts, cute Havaianas- both at half off. Are you sensing a trend here? Love me a sale. \n\nIt's fun to stop in and just browse the jewelry, clothing, and home items. I don't know, maybe I'm missing something here...where did the sale rack go???",Unknown,1.0
2,"Place is cool, literally.  It's kind of small and it's expensive.  I laughed as I could go to be that cold to a football game all bundled up and tailgate :)  It's good for an experience, but not a place to go regularly.  Need how they have \""ice\"" glasses and all the ice furniture.",Unknown,3.0
2,"I came here yesterday after lounging at Nikki Beach. The place is part of the South Beach Marketplace and it has both Gelato and self serve frozen yogurt. They charge 49 cents per oz. which is quite pricey, but then again, it IS inside a casino. \n\nI ended up getting Dulce de Leche, Cheesecake, Peach Mango, and Plain. My favorite was definitely the Peach Mango because it was the closest to a tart flavor. The Dulce de Leche was also good, but I'm more of a tart person. Don't be fooled by the plain flavor. I guess I just assumed it was going to be \""plain tart,\"" but I was wrong. The plain flavor is exactly as titled, PLAIN. It literally tastes like nothing, so I would suggest not getting it. Even though their toppings selection isn't very big, the fruits were very fresh. You could tell they have them delivered fresh as opposed to getting frozen fruits to thaw and serve. \n\nI tried to limit myself on the froyo since I saw that it was 49 cents per ounce, but it still came up to $5.17. Since it adds up so fast, I think I'll just stick to Gelato next time because it'll probably be cheaper.",Unknown,1.0
3,"Stayed at Sam's Town in early 2009 for a few nights over a long weekend.  As I recall, it averaged out to about $33/night, which I thought was great at the time (I assume due to the economy having crapped out and tanking completely).  For the price, the room was amazing, especially since it included Friday and Saturday nights.  Also, it was a real non-smoking room, which was good; I can't stand smoke.\n\nWas with my daughter since we were both in the LV area to go to Front Sight for some classes (about 45 miles away, outside of Pahrump).  Yes, Sam's Town is a longer drive than from the main strip, or from Pahrump, but all the Pahrump hotels were sold out and I decided to be a cheap ass if I had to stay in LV itself.  I also did not want to stay in one of the $20/night hotels I normally stay in when on my own and forced to lodge in LV where you can still see the outline of a body from the police chalk on your room floor.  I had my daughter with me, figured I would upgrade to something fancier.\n\nWe were on the 2nd floor.  It was a little noisy in the evening, although by 10PM everything settled down after the last light show.\n\nThey have a laser light show with mechanical animals on top of an indoor water fall.  I found it humorously cheesy BUT... my daughter, who was 5 at the time, LOVED the entire show (which can be watched from your room window), especially the rigged stiff legged wolf that would roll out of a cave on top of the water fall and howl (bob it's mechanical head up and down).  It's almost two years later and my daughter still talks about this and wants to go back, just so she can see the stiff legged wolf come out of it's cave and howl.\n\nCan't comment on the casino or the food since I only was there to have an inexpensive place to sleep.\n\nIf the price is right I will definitely go to Sam's Town again, just so my daughter can see the mechanical wolf howl.",Unknown,1.0
1,"Had the WORST experience tonight which makes me sad to say because normally I have the most amazing time all because of Sun who is on vacation so I got stuck with someone else! So this is WHY I left a $2 tip on $40...first of all I made an appointment for a regular fill which in the middle of it he just starts taking off my nails telling me I need a new set, so I then agree & say I'll just get a regular manicure no new set or abutting! He then decides to do gel so when I go pick out a regular color I can't because he already started doing jel, he then tells me we're doing a gel manicure because it lasts longer... which I know is more money but I really didn't have a choice did I?! So frustrated! I then get one design & he charges me $5! This irritates me because I feel as if he was just trying to get more $$ I already know how much everything is, I clearly told him I'm on a budget which I guess didn't really matter so now he knows why he's lucky he got 2! When I'm leaving with nothing I came in wanting & less $$ in my wallet! I'll never go back unless it's with sun",Unknown,1.0
2,"first impression is clean and hipster'ish. not my scene but to each his own. barstools are extremely comforting and grab hold of your butt cheeks in a soft embrace coaxing you to stay a little longer. pretty decent draft beer selection complete with DFH 90 minute however at $7 a glass I will be opting for the 4 pack at lee's' $1 PBR at happy hour is a great bargain and the bar temptress was quick to keep them coming even at 6:59pm when HH ends at 7pm. very polite and smiley staff. this place is not my scene, i prefer more down to earth smokey stiff drink bars. but that is not why i give this place 3 stars.\n\nthe reason for the 3 stars is based soley on quality of food and pricing. we got the double cheese burger sliders. mind you they have a whole menu page dedicated to sliders. at $12 they were dismal at best. over charred and dry with a sprinkiling of carmelized onions. Mostly buns and no discernable sauce what-so-ever. onion rings for an extra $2 were obviously frozen as confirmed by one of my very close very well knowledged bar temptress friends. no dipping sauces included. my thought is out of a menu page of 15 sliders they cant even make the basic double cheeseburger slider scrumptious enough to make me swear off even white castle.\n\nbottom line go for the $1 PBR stay for the douchey sight seeing and the pleasant warmly lit atmosphere.",American,1.0
3,"This may be a buffet for folks who, like my hubby and me, dislike buffets - for the excess they encourage, for the wasted food, for the lines and carnivore centric formats. This may be a buffet for folks who prefer small plates formats and who like to have interesting vegetarian, even vegan, options in the mix. \n\nWhat we found when we tried Wicked Spoon during a June trip to Las Vegas, was it worked for us for a one time stop. Whether we'll go back or not on another visit, can't say because overall there are things about buffets that give us heartburn, no matter how good the quality of the food. (If you want to know what that is, jump to end of review.) \n\nBut we're glad we tried Wicked Spoon once to see what all the buzz was about. Overall we think it lived up to its Yelp billing. Here's our summary assessment. \n\nService: 5 \nAmbiance (as buffets go): 5 \nFood (as buffets go): 4 \nValue (as the Las Vegas Strip goes): 4 \n\nHere's what we enjoyed when we went for brunch on a weekday. (Breakfast / brunch / lunch format goes from morning opening to sometime in later afternoon when it transitions to dinner.) \n\nSERVICE: Ultra friendly, as with almost all service in The Cosmopolitan. Top notch. From check in to purchase your pass to seating at the table, to the folks at the food stations. \n\nAMBIANCE: Not your normal buffet setting for seating ambiance. See photos. In particular when in The Cosmopolitan anywhere in the facility look up! The lighting fixtures are diverse and interesting throughout. Including here. \n\nVALUE: The cost is higher than many others in Las Vegas. For those who want to chow down on the $14.99 breakfast buffet at Flamingo (where our relatives were on this morning), the idea of $22 and change (brunch / $30+ for dinner) for a buffet at The Cosmopolitan may seem too much to consider. From our view, you get what you pay for in food quality and options. \n\nLIMITED CROWDS IF YOU TIME IT RIGHT: There was a good sized line on the Monday morning when we first went. So we skipped it and went back at about 10:30 am on Tuesday and walked right in. Our advice - time it to skip the lines...because if they're not there at check in, they won't be there for the food service either! \n\nUNIQUE FOOD: As much as this has small plate formats for some of the items, served in little covered casseroles, there are also open service bins for some things. But somehow the quantities in them suggest fresher food and less \""come on up to the trough to gorge yourself\"" consumption. There is also a large carving station for those who enjoy roasted meat proteins. On the morning of our visit it seemed to include things like ham, pork belly, prime rib and so on. \n\nThe set up for the various food stations was as if visiting different continents or countries. \n\nThere were standard offerings too, like pancakes and omelets for the breakfast service, but we leaned to the unusual, which is our tendency. \n\nThings we tried and enjoyed were... \n...spicy tofu with red curry vegetables from the Asian / SE Asian section, \n...creamy polenta with wild mushrooms from the Italian / Mediterranean section, \n...the very best item of the day, a cauliflower puree with clementines and roasted cauliflower on top (we had seconds!),\n...plump Medjool dates with feta, \n...refreshing watermelon salad with cilantro and cucumber.\n...wicked good watermelon gazpacho,\n...beautiful fresh raspberries and blueberries. \n\nThe dessert bar, which was huge, included hundreds of petite sized pastries and also a gelato station. This was the disappointment for us. Although we liked the tiny sizes (like 2\"" for pastries and maybe 2  oz for containers of panna cotta) the flavors in the fruit tart,  the meyer lemon panna cotta and lavender macaron we tried weren't stellar. \n\nBEVERAGES: Too funny that the brunch service is offered with a complimentary Mimosa, glass of champagne, or Bloody Mary but one has to pay for coffee. (Pretty decent coffee it is too.) \n\nWHY BUFFETS GIVE US INDIGESTION: Even at buffets like this, formatted to encourage reasonable consumption, some folks just can't break themselves of the practice of heaping plates with food and leaving half behind to go get another heaping plate to leave half behind. Different strokes for different folks, but this is why buffets, even pretty good ones like this, tend not to be our thing. I'd like to hand out a copy of Mr. Bloom's book: American Wasteland: How America Throws Away Nearly Half of Its Food... Wet blanket that I am.",Italian,1.0
3,"Always yummy! Although the food is cheap, there is no slacking off in quality. The milkshakes in particular are outstanding (I usually get the mint Oreo).",Unknown,1.0
4,"I know that it is hard to go wrong finding a good restaurant in Montreal, but some places are just better than others.\n\nA co-worker, who lives in Montreal, took me here on a Tuesday night.  He told me that we would likely never get in on a weekend night.  Based on the food, I can see why.\n\nThe location is in Old Montreal, which can have touristy places than border on bad food.  The decor is also not quite as fancy as the four $$$$ that Yelp lists this place.  \n\nIn fact, I would not call this a $$$$ place .  The menu changes quite a bit, but there were plenty of meals under $40.\n\nService was helpful and attentive.  Recommendations on wine, entrees and dessert were excellent:\n-Wine list is good... heavy on French and European - with lots of price points covered.\n-I had a simple mescalin salad with dressing.  Other than the fact that it was enough for two, it was a great start to the meal.\n-My dining companion had the tartar mixed with beets.  He said the beets gave it an interesting flavor and texture.\n-I had the scallops.  Presentation was beautiful and the various textures/flavors were to die for.\n-Finally, we shared Chocolate Bavarois.  There has never been a better combination of cocoa!\n\nThe last point I would like to make on this excellent establishment is that the chef must like foie gras.  I counted no less than 6 menu items that contained it.  The amuse bouche had it.  My scallops were flavored with it.  At the beginning of the meal, we remarked that we thought the butter was flavored with it (it isn't - it was simply butter with olives in it).  This chef really knows how to cook!",Unknown,1.0
1,"Spent north of $1200 for simple food in one of their boxes last week. After charging me a %20 \""service fee\"" on the food, they ask for a %15 tip as well. Going to the ball park next time.",Unknown,1.0
0,"I took my vehicle into Outlaw Classic & Exotic Motorcars to get some repair work done. I was straightforward with the owner from the moment I walked in, stating that I was seeking immediate engine repairs that would enable the vehicle to be registered (needs to be able to pass smog check) and used daily (short commute to and from work). The owner then asked how much money I would be willing to spend for this visit, to which I replied, \""$2000\"". The owner then made it sound like we could definitely get the car running well and reliable for awhile with that much money. Not knowing much about auto repair myself, I inquired what repairs he thought would be best to do with that amount of money. After telling me, I then asked when I could expect my car to be done, to which he replied two or three days. I went ahead and paid 50% of the repair cost and went on my way. \n\nEight days later, my car was ready to be picked up. I paid the other 50% (plus an additional $100 he tacked on), and was happy that it ran well and passed its smog check. On day five of having it back in my possession, it broke down on a short trip to the store.\n\nWith it now running worse than when I took it in, I am puzzled at what the heck is going on. The owner's solution was for me to get it towed in to his shop, at my own expense, and pay for additional repairs. Wait, I just paid you over $2000 for some engine work, and my car now won't even run for a full week of light driving... why would I pay for more repair work and false promises?",Unknown,1.0
2,"It was an \""OK\"" experience. more expensive then some of the classier places on the first floor. They offer a free photo and but it's a sales pitch to try and get you to buy the bigger and better pictures. The store offers you a rewards program and when you say yes, they tell you it's actually a credit card... and we don't have any of these restaurants around us so no thanks!",Unknown,3.0
0,"Attention folks! \n\nDo you like hard, flavorless, uncooked boxed brown rice that taste like it was made weeks prior? \n\nDo you like ordering a chicken dish and it is mostly vegetables? \n\nYeah! Awesome, then you will love this place then if you answered yes to the following questions! \n\nIf half of your taste buds are in operation then please AVOID this atrocity at ALL cost! \n\nThe only thing that are ok is their crab Rangoon's, other than that go take a big chunky dump in a bag and dig in, you would love that more than any entree from this place! \n\nWaste of money! Bad Bad Bad food! I feel ripped off! $13 bucks down the drain on garbage!\n\n\nDon't do it! Please...don't don't do it!",Unknown,1.0
4,"Was extremely pleased by this restaurant. \n\nWent here for our anniversary and first night out since our daughter was born; to get a little steak/casino action. We sat on the patio, as the lighting on the inside lacked the usual ambience. \n\nService:\nEvery person we interacted with was fantastic. Our waiter (Michael, ask for him!) was prompt, friendly, funny and knowledgeable about the menu. The sommelier was excellent and was able to recommend a mid-range wine we loved based on the hodgepodge of information we gave him about what we liked.\n\nFood:\nDelectable. I had the 12oz. filet, oscar-topped with a side of asparagus. My husband had the 20oz. ribeye with creamed spinach and a baked potato. Unlike the other reviewers, we both marveled at the perfection of our steaks. A perfect medium rare, warm all the way through on both, with a nice sear on mine. Keep in mind: we are steak people, we've eaten at a lot of steakhouses and this was the most PERFECTLY cooked steak I've ever seen. Everything else was great, with the exception of the potato. Not that it was bad, just underwhelming after the quality of all the other dishes. But then, it was a baked potato.\n\nThe only negative point we had was the gelato. We really can't complain, as the dessert was complimentary (our anniversary), and exactly what we wanted (a little gelato, a little chocolate). However, gelato is not supposed to be hard. It's not like ice cream, it's a gooey, wonderful, weirdly-frozen mess. This was rock solid. I mean hard to get a spoon through solid.\n\nAll in all, we will be back. Probably too often. This place is the perfect high-end steakhouse to compliment a night of blissful gambling and drinking. It rivals many of the places we at in California & Vegas.",Unknown,4.0
1,"Really? I had to make reservations for this place? Because on a Saturday night over Labor Day, this Envy The Steakhouse was completely dead. There was one other table in there. When we left, there were maybe 5. We had a restaurant.com coupon, so thank goodness we didn't pay full price for this place, because I would've rather taken my money to Fleming's.\n\nOur waiter was this super mellow guy, and was really nice. He did pay attention to details because he knew we didn't want ice in our water and made sure he didn't accidentally pour it in when it came to refills. It's the little things.\n\nWell, the big thing was the price. We ordered the 10 oz. filet mignon to share between us for $45 and paid a $5 split plate charge. $45?? Are you kidding me?? We started with the gnocchi which had wild mushrooms and parmesan fondue, which was pretty good. We also ordered the steamed broccolini. The steak was definitely not worth the money, because the outside was cooked to a slight crisp (not a problem for me because I like a bit of char), but the inside ranged from well-cooked on the sides, to cold red center, which is not good. A well-cooked filet, ordered medium rare, is a cool pink throughout. What I also didn't like was that they cut the steak in half for us and brought it out on two plates, just because we split it. Well, it probably didn't get to cook enough since you cut the sucker open, and it got colder by the time you brought it to the table. \n\nWhat was good was that your entree comes with a small crock of mashed potatoes and roasted season vegetables, which was yummy. That's a nice addition, considering most steak places just give you a steak, a la carte. \n\nThey had forgotten the steamed broccolini and didn't bring it out until we asked for it. We had a wine from their seven for seven list, which was pretty good for $7. The ambience was very hotel/steakhouse-like. I still felt like I was in a hotel, and I thought the decor was trying a bit hard to be on a more upscale than what it really was. At least I didn't have to dress up to eat here. They didn't balk at my track suit jacket I had with me because I was too lazy to pack anything dressy for the trip. \n\nSo glad we didn't pay full price for it. It was barely worth it even with the coupon. I do not have steak ENVY.",Unknown,1.0
3,"If going to the cinema is for you more about the cinematic experience than simply seeing a new release as cheaply as possible then this is where you should watch your next film.\n\nIt's not the cheapest cinema and there's only really two screens worth watching a film in, but this will be something different.  You'll walk in expecting the neat rows of seats like an army at ease, but instead it will welcome you in with a more homely feel.\n\nBar the seats which are slightly different to what you might expect, thi is a cinema that reflects fondly on the 60s when cinemas were the new thing in town - well worth a visit.",Unknown,1.0
4,"For all of you hard core first generation filipinos that grew up on your mom's home cooked meals that you crave and cannot get anywhere unless you decide you want to cook for two hours...come to Nanay Gloria's!  (Mama Gloria's)\n\nThis place is a filipino buffet...just the way things are served at my family 'get-togethers';  there is a lot of food, it's always buffet style because we don't limit the food that's given to company...ever, and you cannot stop eating because the food is so good!\n\nSeriously!  The food here is cooked as if I were at my mom's house and I lifted the pot lids to see what was cooking.  My mom always made food from fresh ingredients, never cooked from a recipe.\n\nThis next part may sound foreign and yeah, it is. I won't try to explain what these dishes are, just look at the picture! \n\nAt this buffet, there is tinapa, pancit, pakbet, lichon paksiw, sago, and halo-halo.  You may have had to acquire a taste to these dishes to appreciate them, but nonetheless it's worth trying if you've never had filipino food. \n\nWow!  I'm having visions of big spoons and forks hung over the dining table with a portrait of the last supper in black velvet texture!\n\nOh, and never mind the atmosphere - it's a dive and it's great!  You'll get the latest episode of filipino soap operas and can read the latest filipino newspaper that you see the same people in all the time.\n\n$7 all you can eat buffet!  You can also take-out by pints and quarts at very reasonable prices.\n\nMabuhay!",Unknown,1.0
2,"Cindy's is a somewhat frequent breakfast stop for me - but mostly because it's close by. I love the staff, always friendly & welcoming, and the breakfast menu is great.....but steer clear of the burgers.  Quite possibly THE worst burger I've ever had in my life.  The first time I decided to try one, my boyfriend, who had been going there for years before he brought me, advised against it. I got it anyway and immediately regretted it - cut to a couple years later, I just went there with my dad a few weeks ago and felt like a burger for breakfast, so I gave them another shot. Yuck!! Even more horrible than I remembered!! Clearly just cheap, frozen, unseasoned patties they pan fry and throw on a bun.  McDonald's outshines them in that dept. But stick to breakfast and you won't be disappointed.",American,1.0
3,"I've had Sammy's a few times, usually \""to go\"". Today I decided to have a sit down and eat. We came in just in time for Happy Hour! What are the odds of that! 3-6pm daily, half off all tapas and $2 off alcoholic beverages. If I didn't forget my ID I would of taken advantage of the drinks. The tapas menu is pretty intriguing as well. \n\nI decided on the Lobster Mac & Cheese, which was about $5. It was the perfect amount. Considering it is a pasta so it's pretty heavy I decided not to get another item for myself. It had a good amount of Lobster in it. It wasn't TOO cheesy. And the dish wasn't as small as I thought it would be. \n\nThe beau got the garlic chicken pizza. Besides the fact that it came with mushrooms and I accidentally ate one, it was pretty delicious. I loath mushrooms! It definitely had a woodfire taste to it. It was thin crust which I loved. \n\nService was alright. She came and got our orders quickly but we didn't see our waitress the rest of the time. And our check took forever to arrive. Other than that I love Sammy's!",Italian,1.0
3,"Definitely like the outdoor area here over Town Square's.  Grand Cafe was closed at Red Rock which made this place a no brainer around 11pm.  Same menu, same times for happy hour!  That makes the value pretty phenomenal for what you can get.  I was already fairly loaded when we walked in so we just split pizza and wings which were more than enough.  All for less than $12 before tip!  Yes!!",Italian,1.0
4,"This place definitely lives up to the hype and stellar reputation. After I saw them on an episode of Triple D, a visit to Bachi was highly warranted during my recent visit last week to Vegas. They're located 7 miles west of the Las Vegas Blvd. on Sahara Ave inside a huge shopping center. Though a little ways from strip, it's not far of a drive and took us about 15 minutes to get here.\n\nWe arrived mid-afternoon on Saturday and were seated fairly quickly, waiting only 5 minutes for our table. The place presents a casual, laid-back atmosphere with a modern feel that compliments their unique Asian fusion style menu. You can choose from a variety of gourmet type burgers or simply build your own; and compared to most high end burger joints, prices are reasonable considering the quality of food you receive.\n\nFor starters, we ordered the oxtail chili cheese fries and pork belly steamed buns which came highly recommended by our server -\n\nOxtail chili cheese fries ($11.50) - this top selling item was awesome and delicious. The chili really makes this dish standout so flavorful, sweet and spicy. Using oxtail instead of traditional ground beef adds richness and appropriate texture to the chili, complimenting the light crisp fries. I love the way the egg yolk oozes over the chili when you break into it. It felt like I was eating luxurious French boudin fries. Very savory and exquisite.\n\nhttp://www.yelp.com/user_local_photos?select=HzPMWDKQZw-5RjpfUICxRA&userid=M6id0az7Q4wJUZyZHibkTg\n\nPork belly steamed buns ($10) - Thick cuts of pork belly nestled inside 3 soft pillowy buns and amped up with a boiled egg for the ultimate deliciousness was scrumptious.  The perfect foundation for any great Asian bun. You get a nice balance of sweet and tanginess from Chinese black vinaigrette and hoisin which works well with pork and vegetables.\n\nhttp://www.yelp.com/user_local_photos?select=WuQ91GCuI00TwNG_nXNLLA&userid=M6id0az7Q4wJUZyZHibkTg\n\nI've eaten a lot of good burgers and I'm amazed to say that these have got to be the best I have eaten anywhere, including some in LA. The buns on both of these dishes were huge, and presentation was great. We ended up ordering the Bachi and Miyagi-San Wagyu burger which were both well crafted and on point -\n\nMiyagi-San Wagyu Burger ($15) - infused with Furikake seasoning and priced a few dollars more, this kobe beef quality patty was freaking delicious. It was cooked perfectly medium with a nice crust and pink in the middle. Of course, you can't go wrong with a fried egg which to be the norm nowadays. It offers a buttery, rich flavor that makes the basis for any tasty burgers.\n\nhttp://www.yelp.com/user_local_photos?select=5KMqeSMu9yyz5gO8BWUR-w&userid=M6id0az7Q4wJUZyZHibkTg\n\nBachi burger ($13) - It came with standard lettuce, tomato, and red onion. For $4.50 more it was upgraded with apple wood smoked bacon, shredded onions and cheddar cheese ($1.50 each extra for each item). The burger was juicy, tender and so good! Everything held together nicely without getting to messy. Each bite was heavenly.\n\nhttp://www.yelp.com/user_local_photos?select=otpbLYzI-V5l-W4fXALoag&userid=M6id0az7Q4wJUZyZHibkTg\n\nTo wash it down, we ordered the salted/caramel shake ($6) with toasted marshmallows. It was smaller portion than we're used to seeing (maybe 12 oz glass), but very delicious. They have wonderful selection of craft beers and premium sake, which added to our yummy the dining experience. The 22 oz Sapporo Draft ($6) paired well with the beer and chili fries.\n\nhttp://www.yelp.com/user_local_photos?select=KeHL8-6ZQdi9DFKNkyRdmQ&userid=M6id0az7Q4wJUZyZHibkTg\n\nhttp://www.yelp.com/user_local_photos?select=IkLn0ClatO7yflj4mqumaQ&userid=M6id0az7Q4wJUZyZHibkTg\n\nAll in all, this restaurant did not disappoint. Service was excellent, the atmosphere was cheerful and the food was remarkable. Triple D was dead on with this one. It is a bit out of the way, but definitely worth the drive. We will definitely return.",Chinese,1.0
1,I signed up when the club was being built.  The LA Fitness associate sold me 3 years @ $16 a month.  I was told the rate would never change as long as I kept the membership.\n\nThe first renewal was for $25 a month and no one at the club will honor the the original amount per month.  \n\nBuyer beware.,Unknown,1.0
3,"When it was determined that we were coming to dinner here, I was like why? I just knew it was going to be horrible. A steakhouse with only 3 stars?\n\nBut I have to disagree with Yelp on this.\n\nOur service was impeccable. From the bar where we started at until we walked up and left our dinner table. The executive chef even popped out and came to our table.\n\nI love a good steak. No sissy steak either. I want a good ribeye or porterhouse. For me a good steak is a nice piece of meat with excellent marbling in it. This just means good flavor and that you are going to have a tender piece of meat. I know some may shoot for me this but I am not a \""fillet mignon\"" type of person. However, on this occasion, I knew I was not going to be able to eat a huge steak. I went withe petite \""lady cut\"" of fillet.\n\nOMG. They converted me. It was a piece of butter. It ate so well and the flavor delicious. \n\nI added on a crab leg to my steak and it was just like seafood candy. So sweet and delicious.\n\nWe also ordered a seafood platter. Fresh & delicious raw oysters and clams. Sweet and succulent shrimp and crab. \n\nSides of tater tots, mac and cheese, asparagus, broccoli and mushrooms. I would have passed on the broccoli - nothing special. But those tater tots and mushrooms. AMAZING.\n\nItems are expensive. But this place is worth every dollar. Do yourself a favor. Splurge on an expensive bottle of red wine here. Worth every dollar.",Unknown,3.0
1,"I though this place was suppose to be good from what I have heard, but I was sadly disappointed. As I walked up to the cashier, she gave me the price which was about $28 per person, I gladly supplied her with my credit card. She gave me the charge receipt and I wrote the tip amount into the receipt. She took the receipt from me and said there is a problem with me tipping on the card because she already closed the transaction. She said it would be difficult for me to tip on the receipt because she would have to void the transaction and then recharge the transaction. I said that was a silly thing to do. Then she suggested that we just charge the tip amount on the card as a separate transaction. I finally said we would just pay in cash at the table. The service wasn't very helpful to accommodate my payment method.\n\nThe seating area was not very spectacular. It felt like a HomeTown buffet, but with a little more class. The food was not very fresh. The lettuce in the salad was rather wilted and didn't taste very good. I tried a little sushi, but the rice was very hard. My sister told me that when she picked the sushi up, the rice already cracked in half.\n\nThe prime rib and ribs were average. I do have to say the duck was rather tasty. I think this was the best part of the meal.\n\nI tried some of their dessert, but was also disappointed. I felt the chocolate covered strawberries were rather mushy. As I walked toward the soft serve ice cream machine, I saw the machine being serviced.",Japanese,1.0
1,"I went to Edo last night with two friends. I believe we choose to go there because one of the girls I was with loves hibachi and the prices are cheaper than Ginza. In this case, lower prices means lower quality.\n\nJenn and I split a spicy tuna roll and both ordered udon noodles. Bailey ordered shrimp hibachi. The salad was typical of a Japanese restaurant, but Bailey and Jenn said the clear soup lacked flavor. Our sushi was also bland. Bailey's hibachi I guess had more of a \""teriyaki\"" flavor which was not what she wanted. Because I'm not as experienced with udon, I thought it was ok, but Jenn said she has definitely had better. \n\nAll in all, it was a disappointing experience.",Japanese,1.0
0,"I am so disappointed with my dining experience tonight. I LOVE Mexican food and margaritas so when visiting my home town I had to try this cute new place in Garfield. Well cute is about all it is...from the terrible chipotle salsa to the hard, cold rice and beans to the lack luster waiter. I mean ugh! Don't even get me started on the awful margarita....I am sad, so very sad with this meal. My last meal in Pittsburgh. I think I would have been better off at Taco Bell. At least I would have only wasted $10. \n\nBest thing about this place? Leaving it...",Mexican,1.0
3,My friends and I have used this place a few times to get to late night events. Can't go wrong with $5 per person each way. Just make sure everyone heading in the limo starts at the same location as they don't love picking people up all over town (I'm not even sure if they'll allow that).,Unknown,1.0
3,Solid little japanese spot in Chinatown. Went here the other night with a friend after training. Good food and very affordable prices. It's worth checking out.  I would go again and recommend to friends. The chicken katsu curry was a great dish and very filling.,Japanese,1.0
2,"My son and I have only been here once and what CGRNM had to offer indoors was great and they had some displays that children can handle. It was also very reasonably priced! The ruins themselves...well, they weren't that special. When my son and I went we were not able to go inside the ruins. I'm sure since the last review was in 2009 there have been structural changes to the ruins. It mostly looks like partially melted mud huts and since you can't go inside you'll be done with that part of the tour in about fifteen minutes. I also don't recommend going in the heat of the day during summertime there is no shade anywhere out doors and it's brutal.",Unknown,2.0
1,"We came here for a drink and snack. It was pricey for small drinks and the nachos we ordered were huge but not very good. Atmosphere was kind of cool., they have a volcano that erupts inside the restaurant.",Unknown,3.0
1,"Willy and Jose's only gets two stars and that is because the food was good.  The prices where to high for a Mexican Restaurant in Las Vegas.  The service was terrible.  I ordered a Cadillac Margarita that is supposed to come with a float of Grand Marnier.  The Margarita showed up and it was over flowing because it was watered down.  I like mine on the rocks, so I am guessing it just sat at the bar while the waitress (we were one of two tables she had) did something else with her time.  I drank a few drinks out of it and my wife reminded me of the float.  So the margarita sat there getting more watered down while I waited for the waitress to come back to the area of her only two tables.  Finally she showed up and I reminded her of the float so she took it back to the bar.  I figured they would remake it.  Nope all the did was add a half shot of Grand Marnier and send it back.  It was 80% water by this time and terrible.  My wife had iced tea,  the waiter who had the section next to us kept his tables well watered and well taken care of on iced tea and soda.  Do you think that he could come to any other section other than his?  Nope not at all.  He by passed us every time.  I asked the busser for some more tea for my wife and she went to go and get the server.  It was terrible service, then I was charged for a soda and I only had water.  Then it was a huge production to get the $2.75 taken off that they charge for soda.  Like I said the only redeeming quality was that the food was cooked properly and tasted good.  There are to many good places to go for Mexican food in Las Vegas to waist my time with Willie and Jose's.",Mexican,1.0
1,"So we stayed at The Stratosphere for my birthday, which gave us 2 for 1 discount tickets to this show. We got a \""VIP table\"" for about $79/couple (there were four of us). Basically the story line of this show is about a head vampire guy who has a coven of hot vampire chicks and is looking for love but all he really gets is sex (oh poor him). There's no actual speaking in the show, the story is all progressed through 80's rock music. The story line was pretty cheesey, and the dancing was a bit mediocre. A few of the girl were talented but most were lacking actual dance training. Plus a few of them weren't even good looking (dont know if the guys were actually looking at their faces though). There was a bit of acrobatics mixed in which was the highlight of the show, but otherwise I would say that there's probably a better burlesque show out there to spend your money on.",Unknown,1.0
2,"suncoast is sooo empty lately.  No one really seems to be coming here any more.  Their food/restaurant options are blah and boring, most of their restaurants don't even open during the daytime anymore (only for dinner)  Service throughout the place is fair at best.  As far as the cafe, their menu is very simple and boring and a little over priced.  However their lunch special for their asian food is surprisingly good, and good portions too (only $6.99)  You get a choice of egg drop soup or hot and sour (i've had both before and both are quite good)  an egg roll and I ordered the general chicken with fried rice)  We had also ordered a basket of onion rings and those are large and VERY yummy.  Their cafe wouldn't be my first choice of places to goto but it's ok for lunch.  It's DEFINITELY better then their buffet.  Their buffet is horrible. I'd MUCH rather goto the orleans",Unknown,1.0
0,"This was my 2nd \""B&B Boy\"" venture, and again, this disappointed.   (first was CarneVino) Went here before a show at the Venetian, and had reservation, and didn't need them.  The place was more than 1/2 empty.   It took about 10 minutes for the waiter to come over, bring menus.  On their drink menu, they had Fever Tree Ginger Ale, so I asked if they had Fever Tree Tonic or Bitter Lemon.  Waiter looked confused, and I stated, you sell ginger ale, do you have tonic, and he said I don't think so.  He didn't check - so rather than get him anymore confused I went with a signature drink, which was very good - Blood Orange Cosmo.  Appetizers were shishito peppers and fried, not so fried pickles, which were the highlight of our meal.  I ordered the Royal with Cheese, and the melted cheese and grilled onions disintegrated the bread, and not mid way thru the meal, the first bite.  It goo'd and ooze all over my hand.   I don't mind a GOOD burger to be a mess, but not that.   Had to ask for salt, because even with all the cheese & onion, it still lacked salt.    We stayed at the Mirage, and always eat at BLT Burger - we totally REGRETTED not eating there, and walking over to the show.    I have a cast iron stomach, but I was in desperate need of tums during the 2nd act of the show.   I'd go back for the cosmo, peppers & pickles - but don't want to pay $50 for just that.  I gave it 1 star, because it's not called pickles & peppers, it's burgers, and they couldn't deliver.",American,1.0
0,"What a dump!  Paint from ceilings peeling in the hallways.  Trip on the carpet in the hallway from where it needs restretched or replaced!  Truck stop quality bathroom.  Very dirty and just nasty place, even by cheap vegas standards.  Parking garage can't be safe.  There are much better places nearby for similar price.  This hotel is not very nice and the check-in line took 40 minutes!   Nope, this place sucks. Never again.",Unknown,1.0
1,"We arrived late at night, and noticed that there's no lane for check-in.  The valet working the driveway told us where to self-park and didn't inform us that the valet is free!  Our room was completely done up in beige.  The clock radio did not work and the shower didn't drain properly.  I had to notify maintenance twice before they fixed the shower, but the staff was very accomodating.  The room was spacious enough and though not completely soundproof, we were fairly certain that our neighbors couldn't hear our baby crying.  I would only stay here again if it was significantly less expensive than its neighbors.\r\n\r\nMonte Carlo has no nightlife (read no night club) and no attractions.  The pool area has a \""lazy river\"" you can float in.  The arcade is beyond small and boring.\r\n\r\nRoom service has a nice selection.  The cleaning staff is very good, but uses way too much lemon-scented aerosol air freshener.  You have to pay for the gym.  And worse, you have to pay $11 per day per laptop for an internet connection.\r\n\r\nThe casino floor is loud and bright.  It has its share of smokers (of course) but is well ventilated enough that it doesn't totally reek.  Alongside are a food court and the following restaurants:\r\n* Market City Caffe (http://www.yelp.com/biz/ppmYIHMCIL5bocUsJSsDWA?hrid=m3R1TFBnWTzGB_8XxuCLjA)\r\n* Andre's Monte Carlo (http://www.yelp.com/biz/pmoIMK8zGWvKsVOPDBYfzg)\r\n* Monte Carlo Buffet (http://www.yelp.com/biz/V9klA6JGT6Fz2UpVP_7sBw)\r\n* Dragon Noodle Company (http://www.yelp.com/biz/5VXlHFrYZZzj7zfZEsz5nQ?hrid=MxhxTquKMr4DI2QE3IZcCw)\r\n* Monte Carlo Pub & Brewery\r\n* Cafe (http://www.yelp.com/biz/-JfncbVURtvuzBbof40o1w?hrid=MLe5OT6nlKSseKc7yWAuCw)",Unknown,1.0
1,"We visited this place after taking the kids to the pool and finding the $32 for $16 groupon.  For an \""order at the counter, sit in the food court\"" fast food place, this place is extremely overpriced!!  Some meal combos are over 12 bucks (approaching gourmet burger prices at sit down places with MUCH more ambiance!).  Anyway, our tab ran almost 36 bucks for 3 turkey burgers, 2 fries, 1 shake and two sundaes for the girls.  Good thing we had the groupon to keep it more reasonable.  Of course, with what we got, this place was STILL overpriced after adding in the savings!  Turkey burgers were dry, tasteless and small.  Fries were very unremarkable, our vanilla shake was basically tasteless as well.  I don't know how these places charge as much as they do and still have people frequent them...  What a rip off!!  I will admit that the regular burgers did look pretty good but we were trying to go with somewhat healthier alternatives.  Anyway, if you are after burgers that don't run 40 bucks for a family of four, I think you are MUCH better off at In n Out or Smashburger!",American,1.0
4,"Oh HELL YES.\n\nFriday night.  Bachelorette party.  13 ladies.  Inappropriate attire.  Tequila shots. Raspberry kamikazes.  Red Bull & Vodka.  Incriminating photos.  \""Paparazzi\"" all over the bride-to-be in her veil.\n\nIt is ON until the break of dawn.  \n\nI got us some VIP admission/no cover passes ahead of time from The Wynn concierge so we were able to bypass the line (well, we waited for a few minutes until security escorted us) and waltz straight into the club.  Nice.  My girls and I opted not to shell out $$$ for bottle service because we knew we'd be able to share with (i.e. \""mooch off of\"") other guys and bachelor parties.  Check.  From the moment we stepped into the club until we stepped out into a stretch limo (I guess flirting with the bouncer paid off, shout out to \""Jen\"" for workin' it haha) on our way to Drai's for afterhours, the night was absolute MADNESS.  That crazy, ridiculous, hysterical, hilarious, intoxicated, infamous kind of girls' night out madness that words won't do justice, can only be told with pictures, can't get any better and can't get any worse.  \n\nTryst is PERFECT for bachelorette party shenanigans - plenty of bachelor parties and boys and girls who all want to shake it and take incriminating pictures with the bride-to-be.  Unfortunately, a guy who really, really should NOT have, insisted on giving the bride-to-be a shirtless lap dance.  (Umm,...you need to tuck that back IN, buddy.) Whatever.  The night still rocked.  The outdoor patio area and waterfall are absolutely gorgeous. Spectacular view.  Although Tryst is a pretty large club but, it's sectioned off into several smaller rooms so it doesn't have the feel of a cheesy \""mega club\"" - it feels a lot more intimate.  \n\nUltimately, Tryst gets two snaps, a twist and a kiss (and a booty shake) from my girls and me.  Forget the \""mega clubs\"" like Tao, Pure or Rain.   Tryst is THE place to party in Vegas.  And I highly recommend it for bachelorette parties - pay a visit to the stripper pole and remember to bring your camera.",Unknown,1.0
1,"I was looking for a place for an eyebrow & full arm wax so I thought I would give this place a try. \n\nWhile the facility was clean and the girl at the front was friendly I was sadly not impressed with the end result.\n\nThe price was ok for a full arm and brow it was $30 (Brow was free since this was my first time using them.) \n\nThe service itself.....that was the disappointing part. I have had my fair share of waxing, and I am NOT a fan of their wax. It only took off the hairs to the skin. (Results were exactly like I shaved my arms not waxed them.) The girl who waxed me was irritated at me when I asked her to go back and get spots she missed the first time (that was off-putting.) \n\nI did not find this hair removal method to be effective at all. \n\nIn short I would not return.",Unknown,1.0
1,"The draw to this place was the alcoholic milkshakes. And at $11, I thought they'd be stronger, the food would be better and it would be more enjoyable. We waited a while for a table despite there being many open tables...and when we sat down, the table was dirty. \n\nThere are plenty of toppings available for your burger, and they include cheeses, and all sorts of things. If you can think of it, it's probably available to put on your burger. However, I was so disappointed that my mom's food was not to her liking that it made me not even want mine. She opted to order the lobster roll as her salad tasted pretty rancid (you could argue that who goes to a place with Buns in the name and orders a salad, but hey....if you just bought me a pair of Louboutins for Christmas, you can order whatever the hell you want!)...and it served as our late night snack. \n\nLobster Mac and Cheese was passable...not enough lobster, weird kind of noodles and extremely salty. \n\nThe staff seemed to be phoning things in, as I almost had to chase the girl down to pay the check, and once she saw we weren't happy with our food, it seemed like she lost interest...maybe thought we'd take it out on the tip...not sure. I plan on returning to Vegas, but definitely NOT to this place.",Chinese,1.0
2,"Honestly, I think people just like this place because: \n\nA) It's cheap, when everything else is expensive in Vegas\n\nB) It's open at all times for all the drunks. I liken eating the food here at 4 AM to the woman you're talking to at 4 AM - you likely wouldn't be going the same thing at noon. \n\nWith that said, I'm probably not the best judge as I just got a tuna wrap and it wasn't any different from any other tuna wrap I've had. I don't eat most of what's on the menu at the place, so I am sure some of their meatier options are decent. \n\nAlso, I am pretty sure a bottle of water here is almost $4. It's tough for me to support any supposedly economical place with that kind of pricing.",Unknown,1.0
0,"It is a rare day when I actually have BAD pizza.  I've had mediocre, I've had unexciting, but the other night I actually got a BAD pizza delivered.  In addition, this was a late night after-drinks affair, so I really wasn't picky.  \n\nThe crust was so rubbery, I had trouble biting through it.  This was a plain cheese pizza.  I was very hungry, but I couldn't get through more than one piece.  \n\nNot only that, but it came to like $18 for it.  There were cheaper options, but I figured I'd try something new.  I know better now.",Italian,1.0
2,Basic fast food style crepe place. I had a mushroom and cheese crepe which was entirely decent but really nothing exceptional. The have a $10 credit card minimum.,Unknown,1.0
1,"Needless to say, this is not your typical big production LV casino.  I didn't think it was even worth the $15pp that they guys paid (girls were free, since we got on Chris Hornak's list).  The music was all over the place.  Part of the time it was top 40, and they threw in some 90s music for kicks.  It got worse as the night wore on, so we left.  The view is great, but I was here to party.  The roof was retracted while we were there, but that wasn't as exciting as the club makes it out to be.",Unknown,1.0
0,"We used to dine here often but the last couple of times have been awful! We went there for lunch on a Sunday -they were pretty busy but the wait wasn't too bad. Everything was going alright until our meals came. I ordered the pasta ala vodka which was completely cold but that was nothing compared to what my husband received. He ordered the lemon chicken and when he cut into it, it was COMPLETELY raw! We flagged down the waitress immediately and she didn't even seem concerned with it, she just said \""ok I'll get you another one.\"" She treated it as though we were complaining about the portion size of our food, not the fact that it was raw! It took over half an hour for my husband's plate to come out. I had already finished my meal so we didn't even get to eat together. Now, we are never the type of customers who complain and try to get things for free but I told my husband that they better not charge him for his entree being that if he would have taken a single bite out of that, he would have become terribly sick! She brings out the check and nothing. She had the nerve to charge us for the raw chicken. We asked to speak to a manager and she said \""well can I just offer you a dessert instead?\"" Absolutely not! You can't make up for a $16 dish with a $5 dessert but we simply said no thank you. She walked away then came back a second later and said \""she would just take care of it and to have a nice day.\"" We were baffled by this because in no way were we trying to get our whole bill take care of but we had been there long enough so we just left her a $20 and walked out. My husband thinks that there is a chance that the waitress pegged us as \""dine and ditchers\"" but regardless, we will never be returning to Brio.",Italian,1.0
3,All you can eat Sushi for $20/person??? HELLS YEAH!!! And it's fresh too!,Japanese,1.0
2,"Kabuki wont deliver cutting edge delights like that basement gem in Boston or Seattle, so dont get your hopes up.  But if you're like me, thrilled to dip a few standard rolls in too much soy without getting sick in the shadow of the stadium, Kabuki's a kickass spot for the family to enjoy that second rate sushi experience. \n\nWe've had two decent meals here. One in a hurry before a game and the second a more leisurely affair out on their porch overlooking the outdoor mall. Both servers were young and tentative, but polite and pleasant and accomodated our plans well each time. The sushi is very ordinary.  Tempura's better.  \n\nOn a generic Quality/Price scale, it's too expensive, but you're also paying for a special location, steps from the stadium and parking. The premium they charge for that, compared to other pregame alternatives, seems like a very fair exchange.",Japanese,3.0
1,"It's a hooters... So yea greasy food, cheap beer, tight shirts. Ya dig? Maybe don't bring your girlfriend on the first date. Good place to watch a sports game with pals. Service is friendly, all of the girls are very amicable. Welcome to hooters.",Unknown,1.0
0,"This salon is small which usually is a plus.  However they don't clean their tools at all, they push colors on you instead of letting you pick out the color you want.  I got gel polish and they didn't apply it correctly so it peeled off two days later (all 10 nails)!\nThe polish was way too thick, it didn't cure between layers, it was applied messily, my nails weren't prepped before the polish went on and then they didn't clean the surface well before I left so my nails were sticky!\nThe service was slow and way over priced.  For $25 I expect a manicure along with gel polish.  You can't ask if I want a gel MANICURE and not do the manicure part!",Unknown,1.0
2,"We were craving for New Mexican food, particularly Dick's Hideaway, but I remembered previewing the menu at Blue Adobe Grill and seeing that they offered similar dishes at a more affordable price. Also, being that it's in Mesa (we're in Chandler) it seemed like a great time to give this restaurant a try. \n\nThe BF ordered the shredded beef enchiladas, christmas style and added a fried egg on top. I had one of the specials where you can pick two or three items for a set price. I chose the carne adovada (what I was craving) and a garden enchilada christmas style. Both dishes came with rice and beans. \n\nThe verdict:\n\nCarne Adovada: Tender and flavorful. Good, but I prefer Dick's. \n\nGarden Echiladas: Sucked. Filled with shredded carrots & zuchinnis. Menu stated mushrooms, but I didn't really see or taste any. Green sauce was really spicy. Too spicy for me. Red sauce was better, still spicy but not that much better. \n\nShredded Beef Enchiladas: Really good. I enjoyed this the most, well the red sauce side. Something I noticed was this red sauce tasted better than the red sauce on my garden enchilada. Suppose to be the same, I think. \n\nRice and Beans: Blah. I barely touched this. Rice was okay I guess but beans didn;t really suit my taste.\n\nAll in all. 3 stars, A-OK. Pretty much all I have to say. I wouldn't suggest coming here but wouldn't mind going if someone else suggested it.",Mexican,1.0
0,"Ok, let me start off by saying I have shopped here a few times and found some great deals, and for the shopping experience I would give probably 4 stars. I decided it was time to clean out my closet, and thought it would be a good idea to try to sell some of my stuff to NBE and make a little cash. I gathered a bag of goodies (all being name brand items from Buckle, AE, Hollister, and others) and headed to NBE with about 8 or 9 pairs of jeans, 6 or 7 pairs of shorts, 5 or 6 skirts, a couple shirts, and two purses - a (real) Coach handbag and a Betsey Johnson bag which still had the the $62 tag attached. I was told when I walked in to neatly lay out my items on the buying table, and that I could either have a seat or take a look around while I waited. When she called me back to the front, the girl at the counter said there were 6 items they wanted to buy from me. I asked which items they decided to take, and she told me they would take my coach purse, my Sinful jeans, and a few pairs of my shorts. She also informed me that since it was nearing the end of summer, they had to price the shorts at the stock rate so they would give me a little less for them. I was offered $21 and some change in cash or $30 something in store credit. This was a disappointing number considering I had hoped for $50-75. Anyway,  There were a few people waiting behind me in line, so I quickly did a little math in my head and figured about $7-10 for the Coach, $7-10 for the Sinful jeans, and about $2 each for the shorts, since she had said they weren't worth as much this time of year. Trying not to hold up the line, I opted for cash, (even though I felt like the Coach and the Sinful jeans were worth at least $20 each, not to mention the practically brand new Hollister shorts I basically gave away), I quickly signed the form placed in front of me, and gathered my unwanted items from the shelf where they put the duds. I left the store and thought I'd try another clothing exchange store for the rest of my stuff before taking it all to Goodwill. When I got to the other store,  I discovered to my surprise that my Betsey Johnson purse was not in my bag of goodies.  After I finished the other store, I went back to NBE. I told the girl at the desk that I wasn't aware that they took both purses, and that she had only mentioned the Coach. Both of the girls working looked at me like I was crazy, and the girl I had dealt with earlier lied to defend herself and said that she had told me that they were taking both the Betsey Johnson and the Coach. I politely explained to them that I would not have taken that little of cash for both purses plus the jeans. (Again, basically gave away some Hollister shorts). I politely asked if there was any way I could give them back the money and take back my items, or at least the Betsey, because I felt like I had been ripped off. They said there was nothing they could do, all cash trades are final, and the only way I could get my purse back was to buy it for what they priced it for. I asked how much they priced it for and they told me $18, which is only $3 short of what they gave me for all the stuff they got. So basically they figuratively \""bought\"" my items for approximately the following prices: around $5 for the brand new Betsey (original price tag ATTACHED said $62), around $5 for the Sinful jeans, (which cost around $125 new, worth I'd say at least around $50 gently used), around $5 for the Coach, (which cost $129 new on sale at the outlet, worth at least $50 gently used), and about $5 for the \""few pairs of shorts\"" which probably were worth around $10 each. This amount of money is no where close to $40% of retail, which they supposedly pay customers for items. Given the fact that they priced the Betsey for $18, 40%=$7.20, I know they ripped me off. I was uncomfortable selling even the Coach and the Sinful jeans for that little, but I could live with it. However, I am FURIOUS that they snagged BOTH my purses plus everything else for so little!! I would NOT have accepted this awful deal!!! And I think it's ridiculous that they not only wouldn't allow me to give them their money back in exchange my items, but they wouldn't even attempt to make any sort of fair agreement with me, especially since it was only about an hour prior that I was in there the first time!  Not to mention they wouldn't admit that they dishonestly took the Betsey without my knowing! They said I could speak to the manager but she wouldn't be there until tomorrow.  I will definitely be giving her a call, there is NO WAY I will sell anything to them again, and I will think twice before shopping there again!! No better than THIEVES!!! RIPOFF ALERT!!!",Unknown,1.0
1,"It's what you'd expect in this corner of Charleston & Rampart. Homey atmosphere that gives you the feel of farm fresh to the table. Pretty decor that lets you know you are about to pay for it.\nOrdered the much touted Biloxi buttermilk fried chicken sandwich. It was ok. Battered chicken breast with an overly generous slather of honey mustard atop cole slaw. Served alongside a small salad of edamame, kale, cheese, carrots, radishes, seeds with a light vinaigrette. A glamorized chicken sandwich that I don't think is worth $13.00.\nThe Tuna tartare was good, but as my daughter says, \""it's pretty hard to mess up tuna tartare\"". A small portion and overpriced at $15.00.\nService was ok. This place seems to cater to a typical pretentious Summerlin crowd. Overall, nothing special and not worth the $40 lunch bill for 2 for an app and fried chicken sandwich with one soda.\nHo hum, tried it and won't be back.",Unknown,1.0
3,"I survived off of Peppi's on Western Ave, for years as a student at CCAC Allegheny campus. After my morning classes had ended this was my go to lunch/dinner spot.  \n\nAny college kid on tight budge can assure you that there are days when only one meal is all you can afford.  \n\nPeppi's portions are huge and they don't skimp on either meats, veggies or cheese.  One sub can easily be eaten for lunch with plenty leftovers that can be eaten as dinner. \n\nTypically for me I get the Cajun fries which are delicious cheap and you get a ton.  They are dusted with a spicy Cajun seasoning and served with a side of house made ranch. \n\nSince transferring to college in Oakland I don't get to frequent Peppi's as much but I have nothing but fond memories. Of all the Peppi locations this is by far my favorite.",American,1.0
2,"I liked this place.  We got in super quick, because my friend was on a list.  The drinks were expensive, but I also expected that.  It's a decent club, but once again, it's like the DJ has ADD.  I don't understand playing a song and then playing another song 20 seconds later.  It's ANNOYING.  And how do you get your dancing groove on?  You can't because the DJ changes up the music too much.",Unknown,3.0
2,"I have visited the king N I for lunch several times and I can tell you that they have the best deal for lunch specials!! The lunch special is between $ 7 to $ 8 bucks but includes egg rolls, soup, an entr\u00e9e and a soda..  However, I have to be honest but, you get what you pay for.  The food is not bad, but is not the best representation of Thai food. If you are looking for a decent and cheap meal then I will totally recommend for you to visit them. The Place is clean and their staff was friendly",Thai,1.0
1,"Horrible!!! My wife ordered the filet, and I the Aged Bone-In New York. Both tasted like they were seared in a pan of oil, with no salt and pepper. I have been to many steakhouses, and this had to be the worse. When we complained to the waiter, he asked if we wanted steak sauce? Told him that we should'nt have to put  steak sauce on a $60.00 dollar steak. Go to Prime at the Bellagio. Go anywhere but here!!",Unknown,1.0
1,"I saw this place featured on DDD and my mouth watered upon viewing the apple cake and dutch baby. I drove the 45 minutes up the 101 to get my hands on this delectible meal. The service was ok, nothing special, borderline rude, but I don't let that ruin my meal if it's good. I was super happy to see that they offer Junior portions of their famous pancakes. So yes, I had two. I ordered the apple cake and the dutch baby (don't judge me) Both cakes were better looking than tasting. The middle of both cakes were a unsweetened chewy flan-like consistency. The edge of the apple cake was ok so I ate that along with my hashbrowns and bacon but still left slightly unsatisfied. I also had to pay for the rest of my party when we realized that they do not accept credit cards! ????!!!! There is an atm that charges a $5 fee, yay. I won't be back, the drive is too far for something that is just meh.",Unknown,1.0
3,"What a genius idea to have a happy hour for dogs. I'm only reviewing it's facility from a spectator's point of view, and the YAPPY HOUR.\n\nYAPPY HOUR:\nIt's really happy hour for dogs, but it makes me pretty happy too. $10 entry, and you get a free doggy treat for your k9 friend, and a free drink ticket for yourself. It's a great time. It's like witnessing a reality show of a Vegas party through a doggy's point of view. Thankfully they don't discriminate against non dog owners for \""Yappy Hour\"" since I am not a dog owner and just wanted to hang out with my dog owner friends. They had a fun DJ with a really good set list (\""Who Let the Dogs Out\"" not included), bounces who keep your crazy k9 in check, and a really nice set up for these dogs to roam and go wild. I loved it! Seeing a beautiful variety of doggy mixes and breeds really had me sold on find me a k9 friend (or stealing someone else's...kidding). End of the event you'll find doggies doing exactly what we do when we get hammered. They're fighting, pulling pranks, sneaking away from bouncers, attempting one night standers.\n\nATMOSPHERE:\nBased on the Yappy Hour I assume they're dog friendly. They have a fun set up with a fireplace outside, a decent green yard, a swimming pool, a very small, but hip atmosphere in the lobby. The rooms have a motel type layout (like 2 or 3 floors with balconies). It's a small hotel which looks like a good 100+ rooms, and off the strip. So if you're looking for a small, simple, quiet place this might be good. Makes it convenient to be close to the strip, but also enough to be away from the madness.",Unknown,1.0
0,"I'm going to have to agree with Aletheia here. Why is this place deserving of such buzz? I fully expected the interior to look like a dive, but I didn't expect the burger to be the blandest thing I've ever eaten. There wasn't a hint of seasoning on the meat, and all I could taste was onion. Even the cheese didn't shine through.\n\nI've eaten a lot of hamburgers - I'm obsessed - so I can say without hyberbole that this place served up the worst hamburger I've ever eaten. I can't even fathom why this place is popular with working class stiffs - the cheapest burger is around $9. You can get a better burger at dozens of places around the Valley for that price.",American,1.0
1,"My friends booked this spot because all the other hotels were full and ultra, ultra expensive for some reason.  We speculated: Well, the Olympics DO open that weekend...No, that can't be it.  I don't think the Olympics have much to do with Vegas.  How bout EVO??  Uhh, I don't think there are THAT many nerds going, and I don't think it's that big of an event...It's at the Tropicana for goodness sakes!  \n\nIt was only when we were going down the super-packed strip that it dawned upon me.  Oh my gosh, it's Chinese super lucky day 8-8-08!!!  Ughhh, what an influence us hardcore Chinese gamblers have over Vegas. First, the MGM lion thing and now this.\n\nAnyway, on with the review.  I'm not really sure what the theme of this hotel is.  From my guess, it's probably something to do with New Orleans and Mardi Gras.  After all, we did stay in the Mardi Gras tower.  But, then there's a Toby Keith honky-tonk bar downstairs.  The elevator arrangement of this place is hotel is rather confusing, and at first it was really hard to figure out the optimal route to our room.\n\nSpeaking of the room, it was tiny! There was hardly any walking space between and around the 2 queen beds.  And the bathroom was THE smallest Vegas bathroom I have ever been in.  I'm not even exaggerating.  And a cot set us back $30 per night. I don't reckon I'd stay here again.",Chinese,1.0
1,Expensive and too much five spices in the broth. They even charged extra for a bowl of broth; all other pho restaurant would have given it away for free. Would not come back!,Unknown,3.0
3,Went with a large group of people on a Saturday night for dinner and drinks. I had the cheeseburger and fries special for $8. The burger was really good and was pretty big. The bad news was they did not have Harp or Bass on tap which is weird for a pub to not at least have one of those so you can do a Black and Tan or Half and Half. The drinks were a bit pricey for a local pub but it seems like everywhere now has upped the alcohol prices. All in all a very nice local place with a good vibe.,American,1.0
2,First off is that they went pretty cheap on the decor in this place. Figuring its in the SLS it would be really nice. We were seated and started to order immediately. Knowing Katsuya in LA we knew what we wanted. So we ordered some appetizers which were really good then all went downhill from there the entrees were mediocre at best we ordered an array off sushi rolls. Ended up being $100+ per person for that kind of money there are plenty of other restaurants to choose from. I won't be coming to the SLS nor this restaurant again!\n\nSorry but the new north is not the south!,Japanese,1.0
3,"I used to come here all the time because I worked in an office right down the road. I loved the Rosemary Chicken Sandwich and comes with a simple but delicious side salad. I've tried the Kisra and Spicy Harissa Hummus and would recommend that as well - but as the name implies, you have to like hummus and you have to like spicy. I got the salmon once and was super annoyed I ventured to try something different because it was dry, tasteless, and close to $20. Don't get that!\nOverall, it's a quick and easy place for lunch and the staff is very friendly and eclectic.",Mediterranean,1.0
2,"Honestly, it was OK.\n\nI wanted to like it, I really did.  Bacchanal is extremely hyped up and some of my friends even raved about it - I just couldn't get into it too much.  It's also one of the more pricey hotel/casino buffets.  A friend and I went around 7-8PM on a weeknight, and thankfully the line wasn't more than 15 minutes.\n\nThe selection felt like a normal buffet selection: seafood station, carving station, asian station with ramen & pho, pasta, cheese & charcuterie bar, etc. etc.  They did have a neat little area where they were making honey.  That contraption was cool looking.  \n\nThe only things I remember really sticking out were the taco station and dessert.  There were 3 different types of tacos available and a cook making them to order.  They were delicious and I actually broke unspoken buffet code and went back for seconds. :p For dessert, they have a crepe station where you can douse your crepe in toppings and drizzles galore.  I ended up with nutella with a side of crepe and fresh fruit. :) \n\nAll in all, it was a pretty forgettable experience and definitely overrated.  I'd much rather spend the money at Wicked Spoon.",Mexican,3.0
1,"I am a little late with reviewing.. but stayed at PH in mid May for a few days with girlfriends (late 20's). This hotel is just okay... The hotel didn't feel as busy as some of the others, so we felt we had the place to ourselves. We ate at Yolos when we arrived - the food was good and the margarita's great! We ate at Koi another night for their happy hour - great deal and as always, Koi was splendid! Peepshow was really fun! \n\nWe were in a Resort room - and it was perfect for three girls, we never felt crowded; plus the bathroom was a great size for the three of us - separate toilet and two sink stations. We ate breakfast daily at the Planet Dailes restaurant - was fine for breakfast. Also, ate at the Buffet before heading to the airport to leave - don't waste your time, not good and super crowded! Do yourself a favor and go eat at the Buffet at Aria...was awesome! We didn't spend much time at our hotel other than to sleep, attempt to sit by the pool by day, eat a few meals and see Peepshow. We partied by night at other hotels as the nightlife in this hotel is not that lively. \n\nPros: Location, Koi, Peepshow, despite other reviews, our room was a great size for 3 girls, large bathroom, MiracleMile mall \n\nCons: Pool (small) and has chairs places randomly around the area, nothing in the pool area was open, buffet not good, very young crowd (early 20 somethings), $25 for use of the fitness center \n\nOverall, I probably would not stay here again as I like a nice pool area and more of a nightlife.",Unknown,1.0
1,"Klavon's was a miss for my son and me. We came on a Saturday afternoon after walking the strip district. When we entered there were lots of people and and no structure for procedure in ordering. We sat at the bar and waited 5 mins or more to be acknowledged by employees who were making ice cream 24 inches away from us. Literally they kept their heads down and refused to make eye contact. Just when I was about to get up and leave a lady said I'll be with you in a minute thanks for your patience. So I decided to stay and listen to her complain to another employee about a customer who changed her order from cake cone to waffle cone. Maybe that's a thing here in PGH or just the establishments I walk into where employees openly complain about customers in front of other customers.\nMy son only wanted a scoop of ice cream and I had a 1 scoop hot fudge sundae. Some how the total came to $7.38 for that. The ice cream was icy like the kind you would buy in those gallon buckets. \n\nToo bad. It's the kind of place that should be a treat not a 2 star review. Oh, the two stars were for the candy selection and old timey feel of the place.",Unknown,1.0
3,"So it was my niece's b-Day this last week and i invited her, my sis and my other local niece to Caesar's for some swimming, then brunch followed by a visit to Popcorn Girl and Rocket Fizz. \n\nMy sis was worried about the high winds at the pool might make her girls sick - not sure how exactly ; but the bottom line, first on the list is immediately checked off. I know my niece, Lizzie, Loves a good pancake or a good waffle - so ok, back to HHAGG ... please no wait...please good service ... please hot food ... well i'll be damned - 3 for 3 . \n\nSince we've seen a million reviews - i'll keep it short - the highlights: \n\nBacon Waffles ( pic added ) - i kept staring at Lizzie's plate - 4 large waffles ... please don't eat them all - 1st went down fast , 2nd one almost as quick ...oh-oh ...3rd ...she's starting to slow down ...she's gotta be full after that huge hot chocolate with all those marshmallow's ...whew ...she's done . \n\nBut wait, my sis had her eyes on them too ( she had a so-so stuffed burger, i had a so-so hash special - but the biscuit was awesome ! ) \n\nwe agree to share the last of the bacon waffles - fluffy, nice pieces of bacon in the mix, some whipped butter and syrup - exceptional !! \n\nHighlight #2 - Hamms Beer ( pic added ) - with my special i saw at the bottom of the description - add a Hamm's beer for $1.25 - really ? Hamm's, my beloved college beer of choice ?!? Oh yeah - i'll take that ! \n\nOverall, decent service, got seated quickly, and the food - above average - when they say twisted farm food, for me , this place gets me twisted - it's really getting to be a love-hate relationship, today, it was love.",American,1.0
0,"I can't begin to explain how disappointing this experience was.  Let's start with the food.\n\nBased on other Yelp reviews, we ordered the fois gras as an appetizer.  It was interesting at best.  I thought the presentation of the fois gras was not very appetizing.  2.5 stars.\n\nFor the main course, we ordered the bone-in ribeye (we were at a steakhouse!) as well as a salmon dish for our daughter.  The salmon dish was worthy of 3 stars, not bad.  It came out lukewarm, which was okay for my daughter but now other diners would have liked it that way.\n\nThe rib-eye.  We ordered it medium.  The first one came out medium well plus (if you squinted you could see some pink).  It was the first night of our New Year's Eve vacation so we thought we should have it right.  We sent it back (in hindsight, a mistake).  The second one took a long time and when it came out it was rare (not medium rare...rare).  Just to make this wasn't our bias, we asked the manager to come to the table and asked him what he thought the meat temperature was and he said rare.  By this time, we had already eaten the sides, ate a lot of bread (which was actually very good), so didn't want to have the kitchen attempt #3.  The manager was very understanding and took the entree, as well as the other entree and sides off the bill.  All we ended up paying for was a bottle of wine and the appetizer.\n\nThe sides we ordered were brussel sprouts and onion rings.  I would give the brussel sprouts 4.5 stars and the onion rings 2 stars (about the level of a fast food restaurant in both appearance and taste).\n\nThe wine list was not very good.  Only moderate number of selections overall and very few good ones between $75-300.\n\nPretty sad that a upscale steakhouse can't get the meat temperature correct.",Unknown,1.0
4,"Talk about a diamond in the rough! This place is precariously situated just off of scottsdale road on 4th ave...across from Gilligans. Had I not really looked I may have missed it and I would have been sad because this place is great! My sister and our mutual friend went here last night for dinner and had a really good meal. \n\nThe food: I love that they have the ability to vary the spicy-ness of the dishes, and then they also bring out several condiments that can make it even MORE spicy if you like it that way. I tasted my sister's curry, which she ordered spicy. I typically hate spicy food but I thought I should at least give it a whirl. I was pleasantly surprised actually! It had so much flavor and just enough bite for me. I ordered the pad thai with tofu, mild, and it was perfect. I still have some left over :). I also ordered some jasmine tea that was delish and my sister and our friend said the plum sake was a great addition to the meal. \n\nAmbiance: the restaurant itself is small, but they make good use of the space. The bar is situated in the back, and I enjoy the fact that their bar is understated so as to really focus the attention on the food. The restaurant has some cool decorations that give it flair, without going over the top with asian accessories. Tasteful. \n\nService: there was only one server on the floor, and behind the bar, but given that its a small space he handled it just fine. Quiet, but attentive. \n\nFor all three of us to eat and drink our total came to around $50, so it was definitely worth the money spent! We will absolutely be back!",Indian,1.0
1,"If your room at the Flamingo is near the right elevator, this place deserves two stars because it's convenient.  If your room is not near the elevators, steer clear!\n\nThis place closes at 11pm, but they ran out of pizza at 10:50pm so they turned away the rest of the customers in line and shut down early.  After much confusion regarding the ordering process and where the line was, I managed to get a single slice of meat lover's pizza for $4.59.  \n\nPizza was so-so.",Italian,1.0
2,For some reason I have a thing for old run down casino's at times.. a guess you can say a little switch up from the new school full luxury casino's... plus winning at a dump like the Las Vegas Club will be a story you never forget and least expect!  One diamond in the ruff lives in this casino and if thing's haven't changed it's 50 cent beer's on the casino floor... just an experience you have to say you tried.. drinking cheep beer and hitting a win or too on the slot's at the Las Vegas Club.. I'll give it 3 stars for it's trashy class and cheap beer.,Unknown,1.0
3,"This cute little place has the yummiest macarons I've ever had. The texture is so...right? I'm no macaron connoisseur but this place seems to do it right. They have soooo many flavors to choose from. You can get 6 for $9 and there's balsamic, pistachio, maple, creme brulee, chocolate etc. One bite and you are in heaven. Rich in flavor, sweet but not too sweet, filling just oozes in your mouth, while the outer shell has a softish nice crunch cookie taste. Macarons....are...the best. I have yet to try their other desserts like yogurt and ice cream. But I would definitely come back for their macarons. It's worth every penny.",Unknown,1.0
3,"Just based on beer selection I give it a 4, they have a good variety but man is it expensive!",Unknown,3.0
0,"What we had was beautiful, sigh, but all good things must come to an end eventually.  I used to enjoy all of your thoughtful gestures that showed me that you appreciated me, the customer.  You were so charming, constantly surprising me with your great prices, coupons, loyalty program, and amazing specials.  And I was so devoted, rarely setting foot in any other grocery store, constantly telling my friends all of your wonderful attributes. \n\nBut that all ended abruptly when the new management company took over.  No more weekly coupons, prices were marked up,  sale prices became a joke, and no more clearance aisle.   I know that you have a business to run, but why did you have to totally ruin a good thing?  It seems like management brainstormed ways to irritate and inconvenience all of their previously devoted customers.  Shopping here is no longer affordable or convenient.\n\nYour new management stinks.  I'm officially breaking up with you.",Unknown,1.0
4,"I absolutely LOVE this place! Postino is my favorite wine bar in the East Valley. \n\nThe best nights to go are Monday and Tuesday nights to take advantage of their $20 house bottle of wine and board of bruschetta deal. The deal starts at 8pm but be prepared to wait about an hour for a table...it's definitely worth the wait! My favorite summer wine is the Biutiful Brut Rose which pairs well with the Brie & Apples with fig bruschetta. \n\nThe atmosphere is so classy, the staff is knowledgeable about the wines and the patio is inviting! I will definitely be a regular here!",Unknown,1.0
1,Food wasn't bad. But the waitress was a disaster. We ordered appetizers and the dinner special which included soup and salad. The appetizer arrived and a minute so did our entree. We asked about our soup and salad and the waitress said she would bring it right out. When we reminded her that the soup and salad should come after the entree she was at a complete loss about what to do. So we told her to forget about the soup and salad and take it off our bill. They reduced the bill for $3.48! The poor kid had no training and failed to follow up or apologize for the screw up. Other than that the good here is decent. Just make sure you get a seasoned wait person!,Unknown,1.0
3,"We ate here twice and loved it both times. I normally seek out unique foodie experiences and avoid chain restaurants like the plague, so naturally I assumed when the family wanted to go that I would have to settle for it. Boy was I wrong...\n\nThe first visit we went for brunch (Sunday am, seated right away). Two of the kids got Belgian waffles with strawberries and whip, the other, the Italian Market Sandwich. The waffles were good, but the sandwich was amazing. My son generously offered each of us a small bite and agreed it was the best sandwich ever!  \""Thinly Sliced Prosciutto, Pepperoni and Salami, Topped with Fontina Cheese and Arugula on Rustic Bread with Sun-Dried Tomato-Basil Aioli\"". My husband and I both ordered the egg breakfast which was prepared well and included Niman Ranch bacon. The orange juice was fresh squeezed (really, not like other restaurants advertise), and the fresh fruit actually ripe and flavorful. We were very impressed with the quality of the food, but also the inventiveness of the menu- not your standard chain restaurant fare. Everyone was very happy all around. \n\nAfter much debate about where to go for dinner  (we were there to go to Dos Caminos or Bouchon), we all decided to go here again. We ordered: a BLT (yummy bacon and bread), the Max Burger (has short ribs on it), Sunday Night Pasta (daughter said it was the best past she has ever had), Chop Salad (the only average meal we ordered), and a Top Sirloin steak w/fries ( I had my heart set  on steak frites, but every restaurant in Vegas starts steak at $40 + $9 fries- ridiculous!) The steak was tender, flavorful, and well cooked. At $28 for the 8oz steak and $4.95 for the fries I was very pleased). \n\nAgain, a great experience all around. Bravo to Grand Lux for bringing quality dining at a reasonable price. The atmosphere is fine, and simply elegant (but really, does every restaurant have florescent lights now?), but a bit noisy. Compared to fancier places with big names and higher checks, this exceeded our other experiences.",Italian,1.0
2,"Add me to the chorus of people who do not understand the effusive praise this place receives from the majority of Yelp reviewers.\n\nI've been here twice. Both times, the food was solid, but nothing special. I tried the flautas the first time, and a combo plate with chile relleno, cheese enchilada, and beef taco on the second visit. They do give you a lot of food absolutely smothered in cheese, and the prices are moderate. (Doubtful you're getting out of here for under $10/person after tax and tip.) The margaritas are $1.75, but of course very small and full of ice...I wouldn't expect anything different at that price. The horchata is delicious and made with real milk.\n\nSo the food is okay, maybe slightly above average. The service seems to be hit-or-miss. The first time I went, I sat at the bar and the service was great and friendly. The second time, however, I brought my girlfriend and we sat at a table. The server couldn't have been much more rude - he was extremely short with us. He basically acted like we were wasting his time and was not friendly at all. The younger guys did come around and keep our chips and salsa well-stocked, but it couldn't make up for the attitude we got from the server in my mind. Maybe he was just having a bad day, but you shouldn't take that out on your customers in any circumstance.\n\nAverage food and hit-or-miss service makes Mi Patio a 3-star locale...I really can't imagine rating them any higher.",Mexican,1.0
1,"I really really wanted to like Luminarias the Desert Botanical Gardens. I thought it was going to get me in the holiday spirit. Unfortunately, that didn't completely happen. What I imagined it was going to be like was definitely not what I encountered.  \n\nYou couldn't see any of the plants because they weren't lit up.  The luminarias only gave off enough light so that you could make out the outline of trees and plants.  Also, only like four or five trees had lights on them and none of the cacti or other plants had lights on them. The only lights were the luminarias that lined the pathways. Boo.  Also, there was live music...I was expecting holiday music. You know, \""Walking in a Winter Wonderland\"" and stuff like that. Oh no, that wasn't the case. Instead, there was \""Just the Way You Look Tonight\"". We looked at each other and wondered if we were at a wedding.\n\nOverall, it was definitely not worth the $25 admission fee for the Luminarias event. There was really nothing special about the event that made it seem worth that price. Plus, if you wanted any drinks (beer, wine, cider, etc), you had to pay for it at normal bar-type prices. For $25, I would have expected free hot chocolate and cookies at the bare minimum.",Unknown,1.0
1,"Here's my gripe... they send you all these coupons for drastic savings and make you think you are really getting a good deal. That's their business strategy.\n\nOK, lets talk men's briefs. I received a 30% off mailer that I planned to buy a four pack of men's briefs with till I saw the regular price marked at $34. That's $23.80... still more than I thought four men's briefs were worth. I then went to Walmart, got the same brand in a five pack for $13.50. \n\nI'm not saying there are not some good deals at Kohls but be careful. It looks like they are making up the for the good deals on other merchandise.",Unknown,1.0
3,"Okay, so this is really what I call a hole-in-the-wall.  We were in the area (at Revive Salon) and pretty hungry.  The only restaurants available were Chinese food and The Sandwich Shop.  Well, that was an easy choice.  Here, you can only order food to go.  There is a small waiting room and there are no tables.  Service was friendly and pretty quick.  I ordered a grilled chicken club sandwich that was very good ($5.55 + tax).  However, the bread was really not thick enough to support the sandwich as it should have.  Mind you,  I was pleased with the sandwich but it seemed they used the thinnest of thin bread to make it.  The sandwich included the grilled chicken breast with bacon, cheese, lettuce, tomato, and mayo although you can omit what you don't want.  I am sure I will visit again when I am in the area and my stomach is calling.  I will choose this restaurant over Chinese food any day of the week.  Although the place is not visually friendly, the food is good to eat.\n\n4 stars for the food and the menu variety\n4 stars for service\n3 stars for the restaurant overall",Chinese,1.0
1,"Some really outstanding flavors and experimental cuisine here. The menu changes frequently so don't bother trying to look at the one on their site. That part is a bit frustrating.\n\nKeep in mind entrees for dinner run $25-35 but the appetizers are all in the $12-15 range. We tend to just order the apps and get a few of them. They are usually quite excellent and they do great things with veggies and creams.\n\nThe only downside for us is the unnecessarily pretentious Tattoos man that waits on everyone. Every question you ask him, you will be made to feel like an idiot. He truly thinks you should just shut up and order. I believe his name was Pavle.\n\nI'd probably give this place more stars but the entire table agreed we just weren't liking the main persons attitude so they can take our 2 stars and our $200 and suck it. Suck it hard. Maybe if they get rid of Mr Knowitall we will be back.",Unknown,1.0
0,"$200 after a 50% off sale for a plastic pair of glasses without nosepieces! How times have changed. \n\nI'm not trendy or fashionable, so I really had no clue what I was looking for when I walked in this store. That all changed when I found out I only had 5 choices under $110 for the frames alone (buried on the last display case facing away from the door). Nonetheless, I have a fat face. Let's be honest - most days it looks like an overgrown apple growing from my body. Apparently, there are frame shapes meant for fat faces (i.e., rectangular). I spent a good 15 minutes looking at all of the glasses and, of course, did not get a rectangular frame -- primarily because in that entire 15 minutes, not one of the ten employees in the room offered assistance or guidance or anything. I was then told to \""have a seat\"" on an ungodly uncomfortable backless bench to be fitted by a worker. This wait was 30 minutes - and there was only 1 person in front of me. Not a happy girl here. The chick worker (very nice) was not clear about their offers, prices, lens benefits, or frame choices/differences. In fact, I felt like I was forcing her to give secret information when I asked about scratch resistance, UV ray blockage, and price, etc.\n\nIf you know what you're looking for and you memorize their website, this would be a fine store to shop, but you will not find a decent frame for under $170, and the 4 lenses on the website are apparently not available with all frames, because I only had 2 choices ($120 featherwates or $180 featherwates plus). Employees are not helpful, but there is a receipt book that they give you at the end of the purchase that tells you about  frame choices (i.e., after you buy your non-rectangular frames for your fat face, they tell you not to do that). You could ask for this up-front because there's nothing but posters of pretty people with pro-youth slogans all over the store.\n\nWould not do again.",Unknown,1.0
3,"\""TO GO\"" REVIEW ONLY\nThe food here is superb & very authentic.  The Pad Thai (beef), Pad See Ew (beef), Yellow Curry, and House fried rice were all excellent, all solid 7.5/10 easily.  Coming from LA where there are lots of Thai restaurants, this place is easily top 5 Thai restaurants I've experienced.  \n\nUnfortunately the prices are little expensive at $10 a plate.    Also the server declined our 10% discount when we showed him our check in (he said it doesn't work for to-go orders).  I felt like he was too lazy to process our order.",Indian,1.0
4,"This lovely little desert shop looks amazing and is located in the awesome new Aria city center. There are so many deserts to choose from, but I decided to try the yogurt mixed with fresh strawberries to counter the 100+ degree Vegas heat. OMFG best yogurt with fresh strawberries! The cashier even recommended the flavor, calling it the best Amore Patisserie had to offer, and he was so right. I did try a few other chocolate flavors, which were good, but I agree the yogurt is the best. It is on the pricey side, compared to that of Golden Spoon or Yogurtland, BUT they serve you enough yogurt/gelato to satisfy three people.",Unknown,3.0
4,"Schaffer's is a stock store so if you're a small size, prepare to spend all your money on the alterations. I was so incredibly lucky and found a discontinued Maggie Sottero gown (originally $1700) on sale for $99. Add more luck when it was a size 8 and fit my body very well. It's $185 to hem and $185 to bustle which they admit can be high compared to other tailors, but for the quality and price of my dress, I went with them for the tailoring. The entire staff is so professional, from the reception desk to the sales staff to the seamstress. Excellent work.",Unknown,1.0
3,"Gyro Express is a pretty decent hole-in-the-wall lunch place. Its always packed, which is easy to accomplish with only a total of 5-6 tables. The style is very much fast food-like: its made very quickly, kind of greasy and it has a small menu of all the classic Greek favorites which get ordered, paid and picked up from the counter. \n\nNow I can't say that everything tastes super fresh and made to order like some of the Valley favorites (Haji Baba). However, I doubt that's what Gyro Express is all about. For what they try to be (a fast, tasty and affordable Greek place), Gyro Express really hits the spot. Their classic gyro is decently sized, the meat is delicious and the sauce (and added hot sauce) make it the perfect combo. Their Greek fries (aka french fries with feta, lime juice and some parsley) are freaking phenomenal. The food wait time is minimal and the food comes out exactly the same every single time, which is great when you need some quick and tasty lunch food you can depend on.\n\nGet extra napkins. You'll need it unless you want to end up with sauce everywhere.",American,1.0
4,"This is a long overdue review of my wife and I (well, more my wife than I....) using this hospital to deliver our son in June 2013.  The whole experience from the initial tour, to the pregnancy/newborn classes, to registration, to labor, to delivery, to checkout, was top notch.  Every one of the hospital's staff we came in contact with was professional, friendly, courteous, and experienced.  I would recommend this hospital to anyone having a baby.\n\nI do, however, have 2 negative comments:\n\n1 - the room service food is not very good and is ridiculously expensive.  I would give the food like 2 yelp stars.\n\n2 - They seriously need to reconsider the accommodations given husbands (or anybody else staying with a person during labor/delivery).  I have never been more uncomfortable in my life.  The people here can save lives but can't figure out how to procure a comfortable sleeping apparatus (cot, roll-away, etc.) to put in the rooms.  It is all a blur now and all I can remember was a recliner and some other small chair that somehow turned into an awful \""bed\""\n\nNormally I would take away a star because of #1 and #2 above, but since I have a happy and healthy baby and wife I won't.",Unknown,3.0
1,"Everyone admits the pizza sucks and that pokey sticks are just a drunk food. I never understood the U of I fascination with this place. Can't remember, but I don't ever think it's cheap! Want a great after-the-bars fill up? Go to Mary Ann's, get a stack. So good.",Italian,1.0
4,"Last on my agenda for Restaurant Week was Fu at the Hard Rock Hotel.  Lovely to look at outside the red footbridge that leads inside, I also found this restaurant to serve colorful and very tasty Cantonese food in a relaxed setting.  Diane and I were seated on a comfortable banquette and a Chinese-themed chair behind a black lacquered table.\n\nThis was our best bargain of RW, because for $30.13 the first course for each person included an Asian Tapas Sampler that consisted of a Steamed Shrimp Dumpling with Chili Aioli, Pan Fried Pork Potsticker, and a Spicy Wonton; the second course a choice of Wok Seared Salmon with Ginger Basil Sauce, Grilled BBQ Korean Short Ribs, or Honey Walnut Shrimp with Lemon Aioli; and the third course a Dessert Trio of Chocolate Ganache, Lemongrass Gelee with Coconut Tapioca, and Lychee Mochi Ice Cream.  None of the appetizers or desserts could be ordered in such combinations off the regular menu except to pay for each item separately.\n\nThe potsticker was excellent with Ginger Sauce.  I didn't find the wonton to be spicy at all.  And, I quickly gobbled up the delicious steamed dumpling.  Since I was very hungry and wanted to thoroughly check this place out, plus present a more comprehensive review, I also ordered a bowl of Spicy Chicken Hot & Sour Soup, which was nicely hot and spicy as billed, with morsels of chicken, bamboo shoots, Wood Ear Mushrooms, Green Onions, and Black and Glass Noodles--a fairly mild but still spicy, good-sized serving for one diner.\n\nLucky for me, Diane had a Hard Rock Hotel BOGO coupon for Fu from the night before when we had become introduced to Culinary Dropout, so besides two entrees of Honey Walnut Shrimp, we were also presented with our ordered choice of Kung Pao Chicken.  Diane got her Walnut Shrimp devegetablized but I enjoyed the cool cucumber slices that served to offset the warm and large battered shrimps.  The Lemon Aioli on this dish was subtle, the shrimps were succulent, and the candied walnuts were neatly covered with sesame seeds.  This entree was quite large in size.\n\nIndeed, there is no noticeable portion control in operation here.  The Kung Pao Chicken that was plunked before me on a platter was easily enough to serve two (even though I ate two entrees by myself).  But I'm a big boy with a big appetite!  LOL!  This was dead-ahead Cantonese Kung Pao Chicken just mildly spicy with slices of Red and Green Bell Pepper, mostly whole peanuts, and no visible Chili Peppers.  The spice emanated from the Brown Sauce in which the large tender hunks of chicken and other ingredients were bathed.  No filler like celery was present, and no fat clung to the top-tier chicken.\n\nIn the assemblage of desserts, the tapioca tasted lemony, and the mochi resembled the flavor of vanilla.  The Chocolate Ganache with chocolate rabbit ears on top, and cake underneath, was fabulous.  Even the smooth and hot Jasmine Mist Organic Tea was great!  And, refilled ceramic pots just kept on coming for the extensive duration of our dinner.  The meal lasted long because I was barely able to finish all of the fine Cantonese food laid out before me.  But eventually I did!\n\nThumping music added to the otherwise serene ambiance.  And, service was friendly and excellent, and so accommodating that when I asked for Sweet & Low, although I found out that it is not normally served in the restaurant (Splenda and Equal are), a server on his own initiative left the restaurant to get some from Room Service, and quickly returned with a large supply of pink packets.\n\nThis was a great way for us to bid goodbye to Restaurant Week just before we left for California.  And, we will surely be back for more of the wonderful Cantonese food so graciously served at Fu.",Chinese,1.0
3,"Love these unique popcorns. I have had the other location bookmarked for quite some time, and finally this past Vegas trip, I went to try this place for myself.\n\nBling Bling Cookies and Cream : For you cookies and cream ice lover. Flavor is the same with some added purple glitter. Pretty and good.\n\nS'Mores : One of my favorite. Bits and piece of graham crackers and marshmallow inside. \n\nPinkadelic : Probably the most creative in my opinion. I'm saving this for last.\n\nDirty Vegas : Can't decide which one and don't plan on buying the whole store? This one  is a combination of all their flavors. \n\nMarilyn : Simple yet so much better than regular popcorn. Hint of coconut. \n\nCaramel Almond : If you love the flavor of almond, this is the one to get. And I love caramel popcorn, so this was twice the plus for me. \n\nWe went on black Friday so they had a 4 small box for $10 special. Normally it's 3 for $10. You also have the option to nitrogen freeze the popcorn for an additional $3. It's great as a stocking stuffer or small gift for those acquaintances this holiday. \n\nThey got samples and if you love it, ask them for a stamp card. $ 10 = 1 stamp. Get 10 stamps and you'll get a free small popcorn.",Unknown,1.0
4,"I can't say that I would fight for a parking space at many places, but Postino makes the list. Will I ever steal a parking spot? Not at all, but I will look long and hard for one here. The wait is worth it yelp friends. Postino does a great job luring customers in and keeping them. With their incredible happy hour, I wish I could sneak away to dine on a glass of wine before 4:00 PM on a weekday and for those who can, I salute you. \n\nEvery time I wine and dine at Postino, I leave full, happy and satisfied. The original Postino location will also be my favorite based on it's location, ambiance, character, service and quality products. The wine is obviously top knotch here at Postino. Bottles line the walls and the staff knows their selections inside and out. They offer bottle specials all the time and you can enjoy a bottle at a reasonable price practically every day of the week. \n\nTheir food competes with the quality of their wine. I long for their bruschetta. You chose four different flavors and for a reasonable price under $15. My favorite bruschettas are the prosciutto and fig, and tomato paste with cheese. The tomato mozzarella is also a classic. But, it really just depends on your taste buds because any bruschetta you choose will be excellent. Many times, I got for the half sandwich/salad combo. I like to order the Market which isn't on the menu. It comes with pesto, tomato and mozzerela. I make sure to add chicken. The Mediterranean is my go-to salad but I vary between all of their salads. You really just can't go wrong with anything on the menu here. And it tastes even better with wine. Doesn't everything?",Mediterranean,1.0
0,"Pros: \nrelatively clean in the gym area on weekdays (kudos to the cleaning staff), the early morning hours are not crowded at all, and there are some very good spin instructors...\n\nCons: \nEverything else. \n\nFor example...\n- two of the four Stairmasters have been broken for more than 6 weeks, another has been down for two weeks (many members, including me, have reported this weekly).  Last Friday I asked the front desk folks if they'd been fixed yet and was told that the repairman was there yesterday and they should be fine.  Nope... Still broken.  \nA week later (today), still broken.\n\n- members commonly fail to re-rack their weights and equipment, even in the early hours, and the staff does NOTHING about it (it should be noted that the personal trainers seem very conscientious about putting things back when they and their clients have finished).\n\n- the sales staff, or rather, the over-abundantly sale-oriented culture of the facility.  \nOne year ago, my friend moved to town and was looking for a gym to join; I spoke with M--e (sales) and asked if there were any membership promotions going on, coming up, or if there was any benefit in making a referral for a new member.\nIn short, I was told no, no, and no.  \nMy friend came in the next day, asked if she could try out the gym for a day, but was told it would cost $15 for a one-day pass (I'm not exaggerating... members already know that the club hands out guest passes like candy and there are little yellow guest passes stacked all over the front desk every day).  \nMy friend got a standard membership nonetheless and had to pay an initiation fee.  The very next day, posters were up all over the club about the Thanksgiving membership event -- NO INITIATION FEE!   \n(Message to my friend and new member: Welcome to LA Fitness, now F***-off).\n\n- bathrooms.  It seems to be quite difficult to keep the soap dispensers filled with soap at LA-F.  Worse, they're not cleaned before opening on weekend mornings... they're in the same shape they were in when closing the night before.\n\nIt seems that the problem isn't simply this club (others speak of the same issues at other LA-F locations), it's the corporate culture of the company itself.\n\nAnd so, despite having to drive a little further to get to a locally owned gym, I'll allow my membership to LA-F end this month.",Unknown,1.0
1,"Stale donut holes 14 for 2.49.  This Winchells is connected to a Subway. Got the breakfast $3.00 combo and they wouldn't even let me upgrade to a bottled water which I am most accustomed to back in California.  Really you couldn't charge me the extra .25 like other Subways, I'm willing to pay.  I figured since these two stores are connected there by the same ownership.  I give you 2 stars because I got my sandwich and donuts in one place but allow for upgrade please. It's ok if you don't I'm sure I won't be back.",Unknown,1.0
0,"First of all i would never ever  travel with grey hound never again because the buses are never clean! There always trash on the bus its disgusting. I was on my to Perris CA to visit my dad, taking the bus on the way there was horrible the  diver was a jerk . Then on the way back to Phoenix AZ very bad experience so i pay for my daughter ticket for her own seat because she 6 years old this bus was pack some people had all there seats the diver did not said nothing but this one guy move his stuff out the way but it was only one seat so my daughter had to sit on my lap i was very mad i did not pay for my child to sit on my lap now we are all most there to Az thats when the bus diver finally did something there was a heelchiar on the bus diver he tough he can pull out some seat justva little bit ugh it was a very tight squeeze never never again then what make things worse their customers service is really ridiculous i told them i want my money back they told me they can only give me two options you can credit to your next trip or $25 cash back hell no like i said never again",Unknown,1.0
3,"BF went here years ago, and ever since we moved back, he's mentioned it every time we go out for Thai. We finally made it in this evening for dinner.\n\nThough it's located in a strip mall, the interior d\u00e9cor is quite nice, and the service was on point throughout our visit: attentive, polite, and professional. I was impressed before we even got to the food.\n\nStarted with the Fishcakes app- $8. Good portion for the price, cakes weren't too greasy and seemed meatier than others we've had. Herbs and seasonings were mixed into the patties, making them quite flavorful. The cucumber salad was also fresh and flavorful, perfectly complement to the cakes.\nShared the hotpot of tom kha kai soup- $12. Large hot pot serving is good for us, since we love this soup. First impression of the dish was that it was incredibly well balanced. The broth was super flavorful, and there was a good amount of chicken, mushrooms, onions, and cilantro in the soup itself.\nLastly, we split the duck curry entr\u00e9e- $14. As my BF put it, \""This is possibly the best curry I've ever had.\"" The duck was perfectly cooked, the curry sauce was amazing, and the pineapple and peppers worked well to bring the dish together. Portion was a good size, and came with a small side of white rice. The only change I might make to this dish would possibly be to add more veggies to it.\n\nAll in all, dinner with tip was just over $40 for two on a Friday night. Service was impeccable, food was flavorful and well balanced, and this is definitely a place I'd go back to- Vegas has a lot of good Thai restaurants, but this one has all of the elements to make it stand out as great.",Indian,1.0
2,"Solid restaurant. A gringo wonderland. I have lost my license and needed a dinner spot close enough to my hotel that I wouldn't run the risk of getting pulled over (i'm a hysterical driver...watch out Phoenix) and Ajo Al's reviews were pretty decent so I headed down to get some fish tacos. \n\nI was scared about anything saying \""Del Mar\"" after my Frank & Lupe's experience but though the Hawaiian Ono in the Tacos del mar ($11.95) was previously frozen, it was an enjoyable experience. I've never had Ono and to me the texture was like that of swordfish, which is just fine for a tiny soft taco. It was a little chewy, but again that's because it's frozen. The beans and rice were okay, and there was some sauce for the tacos that was okay too...not exciting enough for me to remember what the sauce was though, or what it tasted like. \n\nWhen seated you will be presented with the world's largest basket of ultra thin tortilla chips you've ever seen, whether you are one person or 6. They were a little greasier than i prefer BUT they were warm and that makes them yummier. \n\nI don't think I would go back here but I don't regret trying it. It was a good meal and the servers are very friendly and welcoming.",Mexican,1.0
2,"Just about the cheapest hotel you can get to on the Strip.  It's not horrible,  and you pay for what you get.  The food options within the hotel, however, are terrible.  Choose here if you really don't care about your accommodations, and plan on spending very little time in your room.  Also, if you can get it for under $99/night through a special, that's probably your best bet.",Unknown,1.0
2,"Sorry but very disappointed about this buffet , it's the freaking Bellagio ! \nCons:\n- No visual appeal , sorry but you eat with your eyes first and this buffet look nothing spectacular . No cute presentation, regular dishes used for dessert, old school ice cream machine . The last buffet we did was The Wicked Spoon and we loved the presentation . \n- NO OYSTERS!!!!! Seriously at $43 , you would think they had a bigger seafood selection\n- Side dishes was like at a Hometown Buffet\n- Desserts nothing special, no macaroons, no gelato \n- The sushis selection was also very limited\n\nPros:\n- We had good service, plates were always removed pretty fast.\n- They do offer  3 kind of caviars, I love ikura, they also had steak tartare and very yummi ahi poke and salmon poke .",Japanese,1.0
2,Last night my husband and I went here for date night. I don't like this one is much is the one in Peoria but we were able to get right in to a Teppanyaki table which was a nice surprise. \n\nI ordered the steak chicken and shrimp and my husband ordered The fillet and chicken. Everything was as you would expect for a Teppanyaki grill except that I never got the chicken that I ordered. I find that weird at a fairly expensive restaurant. Towards the end of the meal when the waitress came over I just discreetly told her I didn't get the chicken and they took it off the bill.\n\nSo overall it was a nice meal but I prefer Sapporo in Scottsdale for Teppanyaki.,Unknown,3.0
1,"This was my first time here. I was looking for a french dip sandwich and this was one of the few places in Gilbert that had one on the menu. When i entered i was not greeted, i made my way back to the patio area and still was not greeted. I had to find a waiter to ask if it was open seating. I sat in the patio area which was filthy, the patio really needs to be power washed because its gross. I ordered the french dip and fries. When it arrived it was plated ok and was of decent size. However the flavor was bland and so was the au jus. The steak fries had an odd after taste like the frier oil needed to be changed. I was never asked once how my meal was which is sad. The waitress was tentative however in refreshing my beverage. you figure for a 14 dollar tab for a sandwich and a drink you would get better quality. If your looking for a good sandwich go else where. Too expensive for what you get. I really dont mind paying 15 for a sandwich if its really good. Basically it was a very expensive Arbys. Wont be back.",American,3.0
1,"Awful, yes I said it Awful.  I mean this is Vegas and I wanted to go out to clubs at least one or two nights but getting here at 11PM  was the worst crowd I have ever seen anywhere.  Only thing cool was seeing the old school pictures on the wall of the real STUDIO 54.  This was a very old, old crowd here and no they were not part of my group.  I think this was a worse experience than getting inside a club being 13 years old and partying with my parents.  I guess on a saturday it is a little better because they open up more floors and stuff. I saw only maybe two old MILFS that could get it for the one hour that I was here, thank goodness I did not get here earlier at 10 PM...\n\nMusic here was pretty awful too. Mostly Top 40, but not anything particularly good.  Anything they played sounded worse when seeing the crowd again i state.\n Go-go dancers were cool, but there was only really one bad chick that caught everyone's attention.  Entrance fee was $20 down the drain and I needed a drink because it was so bad, $10 more wasted on  a vodka soda with Smirnoff ( I hate Smirnoff).",Unknown,1.0
4,"Love this new breakfast spot in town and such a great location. They are a friendly bunch with fast service and good food. And holy moley-ridiculously large portions! Nobody at our table could even put a dent in the plates they were served. My husband and I agreed that we could've shared a plate and still been stuffed. They have a big menu with plenty of options (think Cheesecake Factory). Prices are moderate, but really affordable when you consider the amount of food.  The dining area is a large open cafeteria style with open kitchen-so loud, loud, loud.  For reference, a crying toddler could not penetrate the wall of noise. May not be an issue for some, but worth mentioning.",Unknown,1.0
0,"There was a homeless man collecting the trays on the outside tables, didn't think much of it and continued in. Took a few minutes to figure out what I wanted. We proceeded to walk up to order and the homeless man was blocking my way. He smelled like alchohol and tried talking to us. He stood there staring blocking our way until I finally said excuse me and went around him. The workers could see the whole thing!! I tell the worker the man was bothering us and pointed him out. By then the homeless man was at somebody's else table bothering them. The worker did nothing so I told him to get the manager. The manager didn't want to do anything either and tried to laugh it off. Finally she went and told him to leave a good 5 minutes later. \nThen I got charged for 3 tacos instead of 2! The charge is almost $1 for extra cheese! They put the cheese on the bottom of the taco, I want cheese on top but not for an extra dollar per taco and a song that is sung when you order extra cheese. \nOn to the food.... The pork was dry and flavorless.. The barbacoa was sweet and I really don't want my tacos to taste sweet like candy.\nOverall I will not return or reccomend. If I want those types of tacos I will stick to chipotle.",Mexican,1.0
0,"Gave 4 stars on first visit.  Came back about a year later and was surprised at the drop in quality.  The prices were just as high as before but the food and service were not nearly as impressive.  There was even an ant walking on the plate!  Although it was a little ant and just one, it has been a long time since I found a bug in a restaurant.  Had this been a $ place rather than a $$$$ place I would have given it 3 stars.",Unknown,1.0
4,"I tried a few places before this, but Wink quickly became my go-to for a Brazilian wax in Charlotte.  She always does such a great job - very thorough, extremely professional, quick, and reasonably priced.  The salon is clean and comfortable.  Appointments are easily made via text message.  Can't ask for much more than that!",Unknown,2.0
1,"This was our second visit and first time with our kiddos. It will be our last!  Definitely not up to par with other FRC eateries we've been to. \n\nPizza took forever to arrive (nearly 30 minutes) with nothing but our drinks to hold us thru. Our kids were excited to order chicken noodle soup, which arrived after about 15 minutes but very disappointed with the quantity of vegetables and lack of noodles and chicken. They picked thru it, with their forks and fingers (first place I've been where soup arrived without a spoon) and they were not happy. \n\nThe two star rating is being generous given the service we received during our $42 lunch tab. During our wait I noticed how slowly the tables were bussed and was amazed at how the wait staff was so disengaged, like they would all rather be somewhere else. We noticed the manager talked with several tables, it didn't look to be a good day for him. \n\nWhen our pizza did arrive it was delicious but we were not given any plates, napkins, etc so we grabbed some from another nearby table. Very odd. \n\nMy husband asked one of the wait staff about the soup and the manager came over to tell us how delicious it was. Not to our kids! We asked for a kids order of mac and cheese, split onto two plates. He promised it would be right over. It never made it!\n\nWe quickly ate our pizza; our kids wanted nothing to do with that! For some reason mine had green pepper instead of artichokes but I wasn't about to send it back. The kids had ordered chocolate chip cookies which came eventually and that was pretty much their meal. Really sad!\n\nWe didn't stay and wait for the mac and cheese. My son spilled his drink and we tried to clean it up by ourselves with the scant napkins we had. There were no napkins available at the drink station and no staff wanting to help so we left. \n\nTotal bust for my Mother's Day lunch. Never going back!!!!",Italian,1.0
4,"The Biltmore is superbly impressive from the moment you drive up and keeps your eyes dancing throughout your stay.  So much history and so much charm, this place is part Playboy Mansion, part Neverland Ranch and part Palace of Versailles.  Life size chess sets on the perfectly manicured lawn, fountains at every turn, an undeveloped mountain range as its backdrop, and poolside cabanas fit for Marilyn Monroe (she called the Biltmore her favorite pool).  Indeed, the halls are lined with photographic history of famous guests spanning the resort's opening in 1929 to present day.  (I didn't take a star off for the picture of our current prez who's a repeat guest, but I was tempted).  It makes you feel like royalty to just be there, even if you're an average Joe like me.\n\nI give an enthusiastic A+ to the SERVICE, landscaping, feather-topped bed, and aesthetic appeal/charm of the grounds.  I was most impressed with the service.  With rooms running $600 a night, you don't want to find out that only half of the staff got the five star customer service training.  Biltmore has it down from the front desk to groundskeepers.  A special mention of the 24/7 town cars waiting to pick you up any time you're ready  to step out.\n\nI give an A to the spa which could use a face lift, but nonetheless awarded me the best massage and facial that I've had this millennium.  Also to the in-room dining which was kinda yummy, but lickety-split, the fastest room service I ever had.\n\nI give an A- to the room decor.  They are going for that Mission-style rustic chic, but it looked a little too Hilton and could use less of the \""standardized theme\"" decor.  But, the rooms were very well kept and sparkling clean.  I stayed in, and highly recommend, a \""resort deluxe\"" room and think it's worth every extra penny to wake up to coffee on your private balcony with a view of the mountains.  \n\nIf I hadn't stayed there in the middle of winter I could have played at one of their eight pools. (I'd def hang at the one with the waterslide AND the swim up bar.)  On the flip side, it was nice to have the resort virtually to myself; I had no problem getting room service in less than 1/2 an hour or a couple same-day reservations at the spa.\n\n*psst* It's Frank Lloyd Wright \""inspired.\""  The actual architect was a student of his, but the big guy didn't actual design the hotel.  Darn good knock-off though!",Unknown,1.0
3,"I have been to Dexter's several times for drinks, food and football.  I love that on Badger saturdays they have a shuttle that will take you down to the stadium for the football game and pick you back up.  Their breakfast is FANTASTIC and very large portions, 2 of us usually share something.  They have a great selection of beer and pour a great drink too!  The wait staff is fantastic as well, extremely friendly and hard working.  They seem short staffed often but they all run their butts off and there is hardly a wait for anything!  Last night I had the Rueben w/ waffle fries and it was delicious!  I would suggest getting a big screen TV for watching the games but what they have works well too!  I love this place, a definitely must go to!  They also have trivia on tuesday which is a blast!  The food is great, prices are cheap, staff is fantastic...what more could you ask for?",American,1.0
3,Sooo fresh and yummy. A little on the expensive side for the price of one donut ($1). I'm used to them being 50 cents each at certain places but its the closest to me so I put up with it.,Unknown,1.0
1,"Came by for dinner with our 24-hour Buffet of Buffets wristbands.\n\nThere was no line entering the buffet and once you reach the front of the line, photographers take photos of your group while you hold a giant fork and spoon. The photographers come by your table later to try and sell you the photos prints for $20.\n\nThe food was left much to be desired. The crab legs were small, and unlike Le Village Buffet, they weren't sliced in half, making it a challenge to eat. The highlight of the meal was probably the meatballs or sausages, which weren't even that great.\n\nAnd what's up with the lack of restrooms in the buffet? I had to walk out to the casino during my meal to use the loo...",Unknown,1.0
4,A bit pricey for a full meal but the chicken bruschetta is the best!,Unknown,3.0
0,My complaint is with the policies of Budget Truck Rental Corporate. They only guarantee their rates when you make reservations. They do not guarantee that there will be a truck available at time of pickup. \n\nHowever if you don't pick up your truck on time they charge you $50.\n\nAs a result I wasted the entire Saturday waiting for them to get me a truck. That was 2 days ago they still haven't found me a truck. I called them today and they're sorry they can't help me other than reserving the rate again.\n\nThey would not reimburse me for my manpower expenses because they didn't have a truck ready because they only guarantee the rate. There is no guarantee that a truck will be ready at time of pick up.,Unknown,1.0
3,"I've eaten here about once a month for the past 2 years, since my office is close by. The service is fast and friendly, and in two years, they've only screwed up my order once, which is pretty decent. It's a nice little family-owned establishment that caters to the downtown lunch crowd.\n\nThe food can be described as Americanized Greek, with a nice selection of salads and sandwiches. My recommendations: The hummus, the steak and mushroom sub w/fries or the chicken salad-stuffed avocados.  The food is fresh, fast and you can get lunch and a drink for under $10. Also decent: The Stacy Salad and the Chicken Souvlaki. When you order, be aware that they pile on the onions and the feta cheese unless you tell them otherwise.\n\nAthenian Express is located right along the light rail and within walking distance of ASU's Walter Cronkite School of Journalism. The building is plain, but clean, decorated with Chicago Cubs banners and usually CNN is playing on one of the three TVs. \n\nParking is limited and is available behind the restaurant. They do have outdoor seating and a clean restroom. Athenian Express also has a loyalty card program, but you have to ask for a card...Every 10th lunch is free!\n\nOverall, a positive experience for those who enjoy the simple things in life.",American,1.0
0,"I recently used their self parking service for a trip to the airport. The rate was the cheapest at the time so I foolishly made a reservation. The place was easy enough to find, but everything else was horrible. The shuttle leaked and was dripping directly on my head. The person at the desk didn't have any of my information ready, and didn't even know what questions to ask. I had to volunteer information so that I felt they wouldn't tow my car. The leaky ride to the airport took much to long because they transported one of their workers (who was filthy and smelled like a mix of urine, alcohol, and smoke) to their other location before dropping us off at the airport. They gave me a business card and told me to call when my plane landed and they would pick me up. I did but it took them OVER AN HOUR to pick me up. Meanwhile I saw shuttles from each of the other parking places pull up multiple times. One place sent at least 17 shuttles in that same time it sent them to send one. Pay the extra dollar or two a day and park elsewhere!",Unknown,1.0
3,"i am a major, major fan. \n\ni had the chicken jungle curry. it wasn't spicy enough for me but it was very tasty. they are very accomodating with their menu and everything is super fresh. i hate going places when they tell me everything is already pre-made. this place is FRESH. \n\nmy chicken came with the most delicious eggplant, like so delicious i will order just eggplant and chicken next time i go. insane. it was like a little crispy on the outside and fluffy on the inside. lurve it. \n\nthe view was kinda cute and the place was small and trendy but still soft in a way. they did a good job. \n\nthe owner was awesome and spent quite a bit of time having conversations with people dining. i love when that happens :) \n\nwe will definitely be back. i didn't think it was expensive at all- each of our meals were right around $12. I would say for the quality that is a reasonable price for sure.",Indian,1.0
1,"For the uptown worker, there is always the quest for noon time sustinence.  a chance to escape the cubicle and enjoy an oasis of food until you have to punch back in.\nLocated in the Overstreet Mall across from McDonald's, Brad's isn't that oasis.  Carrying all the weight of the Fuel Pizza corporation behind it and supposedly having a heritage of success in the Syracuse, NY area, Brad's is a bland sandwich in a brown paper bag... literally.\nMy first experience was a turkey on wheat.  Basic.  And that was all it was.  Basic.\nA month or so later, I returned to give the chicken salad sandwich a try.  With a good chicken salad, you shouldn't need more than just cheese on it.  Brad's chicken salad came off to me as more of a chicken flavored relish.  There were no discernible chunks of chicken and the texture was dominated by pickles and celery.  \nToday, I decided for one last attempt.  The meatball marinara with provolone.  I mean, they are run by a pizza company, shouldn't be too hard.\nQuick tangent: a six inch sandwich is $5.95. A LARGE eight inch sandwich is $6.50.  And you have the choice of white or wheat.  That is all.  No italian. Nothing with honey or oats.  Nothing the least bit flashy as far as flashy bread goes.\nI digress.  \nSince, in my mind, the various Doritos and kettle chips they have to accompany the sandwich don't really go with my decided italian theme, I opted for the LARGE.\nIt was very \""eh\"" inducing.  And with an eight inch meatball sub and a medium drink ringing in at $9.05, I not only feel disatisfied, but also stupid.\nI shan't return...  Oasis?  Mirage....",Italian,1.0
4,"Wonderful little place, a true gem hidden in the neighbourhood, wish we had more of these here in NDG... An authentic, delicious and very affordable  Japanese treat! A must try!!!",Japanese,1.0
2,"This review is for Friday night dinner. $41/person. I was super excited for this buffet prior to going - I've eaten at Caesar's and Cosmo both multiple times and many other buffets and some people say this is the best!  I was really disappointed.\n\nFirst - we had skipped lunch, so my boyfriend and I were unbelievably hungry which should have put the ball in wynns court. Still didn't do it.\n\nThe salads were great - the best part of the buffet. Loved the Greek salad and the roasted chickpeas.\nThe sushi was average - nothing exciting. The Chinese was really quite poor. The duck dumpling station was closed and the other concoctions were chewy and tasteless.\nThe prime rib was great. Best anywhere. The rest of the meat was only average and the pastas were dry. The thing that put me over the edge was that the seafood was absolutely terrible. I'm a huge seafood fan - salmon, sea bass I love it all. The salmon was sweet and horribly dry and the choice to put olives over the sea bass.. totally questionable. This was the first time I had ever spat out sea bass. Poor little guy. Makes me want to give them 2 stars.\nFinally the desserts were honestly just average. There was one fancy peanut butter chocolate thing that was delicious but everything else tasted like it had been frozen or left out all day.\nSo minus one star for sea food and another for lack of creativity. 3 stars for the salad and veggie options (great Brussel sprouts!), beautiful decor and having such a variety. I didn't even eat half of the stuff there.\nAll in all, I won't be returning.",Italian,1.0
0,Very disappointed in this place both times we went. I don't mind paying a decent price for good food but I have to say $18 for fish & chips that are less than mediocre is a bit much. 1st time we thought they must just be off their game. 2nd time proved they are not worth our time and money.,Unknown,1.0
4,"Eaten high-end sushi in San Fran, NYC, Vegas..the Sanchez roll at Sushi Brokers in Scottsdale is the best roll I have EVER had... Great atmosphere, great wait staff... Highly recommend!",Japanese,4.0
0,"Customer Service was lacking! Although the line seemed long, you moved along quickly. At no part of the line do they mention you can't have your phone on the ride. Ended up waiting in line for 20+min then being told (not asked) to get off the ride and get a locker to put my cell phone in. Lockers are only $.50 but NO ONE has change. I ended up in the gift shop asking for change and the rude employee said she couldn't open the drawer. I said ok I'll buy the cheapest thing in here. I proceeded to the register and she didn't come over so I asked another gentlemen if he could ring me up. The lady from 15+ feet away says SHE WANTS CHANGE WE CANT DO THAT. I then said yes I'm going to buy something and you're going to give me the change I need. She was incredibly rude as well as the young employees working the ride on their power trips. All that hassle over a shot -3min ride. NOT WORTH IT",Unknown,1.0
0,"The service at Luckys 24/7 was terrible, though the burger was good.  I've been to this Casino four times and still can't figure out the value of my Rock Star card.  Taxi fare to the property was $11 one way, so you start $22 down before you hit the casino floor.  The music is so loud it's difficult to follow your bets.  Good for the casino, but bad for the customer.  This is a bad experience.  Take your money somewhere slse.",American,1.0
0,"Oh.  The Jade Bar.\n\nYears ago, I was a regular here.  I spent many hours sitting at the bar, or out on the patio.  I grew up in Paradise Valley.  Most of my friends still live there or near to there.  I found the Jade Bar in 2002 or 2003 and it quickly became my meeting place for friends, out of town guests and business associates.  Back then, we would go there with out a moments notice.  The bar was always fully stocked with great Vodkas, Great wines and one hell of a beer selection.  The bartenders knew how to take care of you.  They were quick to make you a drink, and had a meaningful conversation while they did it.\n\nThen it all changed.  \n\nOne day, we came in as a group of 8.  It was humiliating to say the least.  My friends and business associates waited 10  20 minutes for a drink.  One of my friends ordered one of their most popular drinks and it came out the wrong color.  It wasn't even the right drink! - Since that experience, we rarely go back. \n\nA good friend of mine lives at the base of the mountain, he frequents the Jade Bar regularly.  But even he will admit, \""it is only because its the best choice for a nearby drink.\""  I have gone there with him on a few occasions and I am disgusted by the attitude you receive by the staff.  I am disgraced by the lack of concern for their customers.  It literally took them at least 10 minutes to get me a beer. \n\nHonestly, I do not know what happened!  And it makes me mad.  Because I loved that bar.\n\nSo fast forward to end of 2012.\n\nI struggled with the idea of even going back there. But my girl friend insisted that we go.  I have to admit, that I had a preconceived notion of how it would go.  Well, I was right.  We showed up and found a table sat down and waited.  We waited long enough for me to ask my GF twice to leave.  The waitress showed up and was quick to ask us what we wanted but then was just as quick to walk away when we didn't know.  I eventually got drinks from the bar.  Wow!!  What a mess.  One bartender wouldn't even look at me, he was knee deep in bottles and other crap.  I got a drink for my GF and I had a beer.  This cost me about $23.  They push this idea that they are so great with their MIXOLOGY but honestly, they look like fools.  I work from time to time in San Fransisco and I have seen real MIXOLOGY bars.  This is not one of them.\n\nBig deal $23.  Not really, considering the lack of attention, lack of concern, and lack of customer service.  Back in 2003, I would of had $100 dollar tabs and not cared.  I would spend the money and Tip big!!!  I have never written a Yelp Review.  As a matter of fact, most places I just don't care enough.  But this place went from best bar to the worst bar.\n\nMy friend just told me they are renovating the bar to make it bigger!  This humors me because the last few times I have been there it was pretty apparent their clientele is slowing down.  It used to be packed now it is pretty vacant because they can not make drinks fast enough.  \n\nSo, I guess my final thought is this, you can have the best location in the world and the best looking bar but a structure is just a structure, without good people, you are nothing but an illusion.",Unknown,1.0
4,"Let me start by saying, I didn't have much to eat here only an app., but the service and wine was amazing. \nFrom the Hostess, to the Manager to the Server, everyone was great! Everyone had a smile on their face and seemed to actually enjoy their job. It was a nice change from the norm in Scottsdale. The main person that stood out to me was the manager Art, he was so accommodating and went ABOVE and BEYOND to take care of me and my friend, even checked in on us from time to time. \nWe went at dinner time and even tho the patio was closed, they let us sit out there for some privacy. The patio was totally covered with small openings thru the slats. GREAT PATIO! \nArt brought out some wine that rarely was opened by the glass and gave us the rest of the bottle to sample, it wasn't for me, but he was very accommodating and very helpful.  I selected some white (lighter) wine that he recommended, which was about $14 a glass, I think MoMo was the name. The server was really nice as well and when we got rained out from the patio, he brought our stuff into the bar area for us. \nI will definitely be back to have dinner, because if the food, which from the other reviews looks like it, is anything like the service. I cant wait! \nThank you Roka Akor and Art for showing me what customer service is ALL about!!!  You have a customer in me for life!",Unknown,1.0
0,"I've been here dozens of times since they opened and while most visits are frustrating and exhausting, this one takes the cake. The cashier (Tonya), seemed friendly enough until I noticed that she never added the discount on the phone coupon that I had placed in front of her. Before I even had a chance to say anything, she was extremely snappy in saying \""You never gave me a coupon\"". When I calmly responded \""Yes I did, I placed my phone in front of you for the code\"" she snapped, \""I don't look down\"". Wow, that must make life difficult. She then told said \""Well, you have to go over there then\"" after I had waited in not one but two lines for assistance. Rather than own up to her own mistake or at least be semi polite about the situation, I get referred elsewhere for a possible third line. Thankfully the girl here was very nice and even fixed the incorrect discount that Tonya had put in (in addition to not bothering with my coupon); therefore, helping me save a little extra. I'm not a cheapskate brat but seriously, service like this makes me want to take my business elsewhere. If I'm going to get reprimanded and yelled at for no reason, I can do that somewhere that I'm not spending money.",Unknown,1.0
3,"Oh Dads. Quick breakfast/lunch, great to have nearby to grab some quick or ready to eat food on the go. I know them as being open 24/7 but apparently that has changed recently. It was always the same gentleman behind the counter, smiling and grinning at the drunks that walked through his door. I remember one night he asked my friend and I if we had been drinking (we most certainly had) and whipped out a bottle of Jameson from beneath the counter and said \""ME TOO!\"". We ended up leaving with a dozen bagels, 10 beef patties, a big bag of wings, and half a bag full of things we didn't even order. We left having paid only $12 and he gave us each a styrofoam cup with 2-3 ounces of Jameson. Classic drunk nights.",Unknown,1.0
0,"Please kill whoever staffed this place. \n\nI've lived in Scottsdale, so I'm no stranger to the scrutinizing of kicks by chubby short dudes in cheap suits. However, that doesn't mean I'm not tired of it. \n\nMy shoes were fine to get into the club actually - I was wearing worn out Monkey Boots from 1990. I was handsome and dressed pretty sharp and stylish. My presence could only improve the ambiance of this joint. One of the guys I was with had some nice plain white leather tennis shoes on that probably cost 3x as much as mine did when I bought them. He was denied entry. This means we were all denied entry.\n\nAlso, the fact that they allow people in who wear bedazzled t-shirts and who have never heard of toothpaste or deodorant makes my head spin. \n\nThe main problem I had with this place was with the bouncers who wouldn't let us in to look around... We were guests of the hotel and we couldn't get in. The first time we tried, one of us had the wrong shoes on... we went on with our night and had a good time and spent our money elsewhere. \n\nLater that evening, two of us wearing the right type of shoe tried to get in... it was the end of their night and there was no line and people were filing out, but things were still going on and they were still letting people in. We wandered up to the rope/fence that had no obvious entry point and got ignored. Nobody was manning the station either. It was just a few poorly dressed bouncers standing around a podium chatting and ignoring us.\n\nMy friend waved at them and then stepped over a spot where the rope was touching the ground to go talk to them and ask if we could get in to check the place out. We even identified ourselves as hotel guests and flashed our keys. At that point, one of the bouncers got all serious about his job/status and threatened to get physically violent with the both of us if we didn't leave the area. \n\nSeriously? That's how you treat guests of the hotel? We left without an eyeful of nightclub - we left with only an interesting topic of conversation for our elevator ride up to the room. \n\nIn the morning, after checkout, we wandered up to the front of the nightclub and asked a nice woman if we could take a peek inside. She gave us a quickie 2 minute tour of the first floor - the club looked like a weathered old cargo ship. Shit was held together with duct tape. To be fair, they were reupholstering parts of it - and to their credit, the layout of the place seemed somewhat interesting.\n\nOn an off-night, I'm sure a good time could be had here - in spite of the staff trying their best to thwart such a thing. I won't be visiting this club on any of my future visits, and I will be sure to let everyone know to avoid it. For a good time, head to the Chandelier bar just down the street.",Unknown,1.0
1,"We recently saw Tom Papa at Stand Up Live and while he was hilarious, I was less than impressed with the venue. This experience was overall much better than our tickets for Pablo Francisco over the summer. We chose the earlier show this time  which started right on time and didn't have nearly as many openers. \n\nMy husband and I both opted for the 'bottomless' fountain drink to cover our two drink minimum. Our server was nowhere to be found after our initial drink service and she reappeared 15 minutes before the end of the show with our first refill and the check. She was all over the place, never said thanks for coming in (or anything of the sort) and refused to smile. It's a comedy club! It is definitely tight quarters without much wiggle room. I am sure we'll be back because they really do have the best headliners in the Valley. However, I would expect better service as this is not a cheap night out. After tickets, the drink minimum and gratuity included in the tab (for just two people?) we easily dropped $100. Hoping for a happier server next time around.",Unknown,1.0
0,"Poor service, bad food and cheap setup. By the way price is no cheap. I wish I'd gone to Waynn and paid 10 dollars more for the dinner. I should have taken pic of the deserts to show what I mean... Filthiest desert I've ever seen, didn't even bother to try.",Unknown,1.0
3,"Can't believe I've lived in the Valley almost 10 years before my 1st visit to Filiberto's.  I've tried several things on the menu, but this is the bottom line - the places are SPOTLESS.  The food is cheap and real and good.  I'm partial to a tostada when I'm in a hurry.  I'll get an enchilada plate if I'm in the mood to sit down.  Both fill me up.  The salsa bar is always a nice touch, although I don't think their salsa is the best.  Quality fast food and a good price.",Unknown,1.0
3,"I lived here for 10 years and never visited the botanical gardens before today. And I have no idea why, because it was a beautiful experience.\n\nDefinitely leave some time for your visit. We didn't dawdle and it took us at least 3 hours to explore everything (including the gift shop, which is like a garden lover's dream). Every kind of plant was clearly marked and we often found ourselves exclaiming, \""I didn't know there were so many different kinds of cactus!\"" several times.\n\nThe paths are wide and very well maintained and the trails are clearly marked and often lead to interesting places to rest or learn about the plants that inhabit the desert areas. We went during the holiday season and the luminaria bags were set out all over the place, awaiting lighting at twilight. During this time of the year, the gardens close at 4 to prepare for this night time event, so remember to consider that when visiting. Visiting Las Noches de las Luminarias is an extra charge (and quite expensive at $30+ a ticket, but some say it's more than worth it. We skipped that part of the experience this time) and popular nights must sell out in advance because we saw several signs letting people know that the event was sold out. Something to remember. Even without being lit, the luminaria bags along the pathways were cool anyway and added to the festive scene. On a side note, who lights the over 8,000 luminaria bags anyway? Yikes!\n\nOverall, the gardens are beautiful and the views of the mountains that surround Phoenix are top-notch. Parking is abundant and free and there are several garden employees that were milling about, waiting to answer questions or to direct our attention to something particularly interesting.\n\nThumbs up and worth a visit!",Unknown,1.0
1,"Came here for a fun date night because I received a dining credit from work for $50. We didn't come very dressed up (jeans and a nice top), so right away our waiter was cold towards us. We ordered a few drinks but they tasted like there wasn't any alcohol in it, so I asked the waiter if he could bring me a new drink because this one taste too sweet, he took the drink back without an apology and brought me a smaller glass with the drink...and charged me for TWO drinks even thought i had only taken 2 sips of my first drink. Our food was fantastic but when we went to pay for the check and handed him the dining credit he gave us a dirty look and walked away. When we got our check back he had already added on his tip, assuming we wouldn't tip him well...he gave himself a nice tip of $25 for a $150 meal. Even though the food was good, the service and snooty looks were enough to never have me come back! Also, it was hard finding this place! Had to walk around for 30 minutes to find out you have to take secret elevators to get here. No thanks! Just because I live in Vegas and can't drop $300 on a nice meal doesn't mean I deserved to be treated like that.",Unknown,1.0
1,"This is my third trip to Vegas and have stayed at Aria each time. \n\nMy wife and I where here in October 2012 and we visited the buffet one night for dinner. The price was about the $35 mark and we also brought the drinks package for the $12. \n\nWe found the food was a great selection and the waitress was always filling our wine glass up each 5 minutes. \n \nSo under $100 we had a great value dinner with drinks and found the food was fresh and lots of flavours\n\nThe waitress also told us that in a few months that the buffet was going to be upgraded. \n\nOn the 4/4/2013 we returned back to Vegas and booked back in with Aria, we had a long flight from Miami and we're starving. So we made our way back to the Buffet for dinner. \n\nTo our shock the price that night just to eat was $43 each, with taxes our and NO drinks our cost wad $97. But with a new seafood bar we thought it should be worth it. \n\nWe started at the Chinese section and found the food well below par. \n\nWe moved onto the \""Fresh Seafood bar\"", I had the prawns, crab legs. I took one bite of the prawns and they had no taste, I then started on the Crab legs and they too had no taste. The taste was like they had been defrosted and left in cold water for hours before been placed in the bar. \n\nI left a entire plate of seafood on my table that I was unable to eat. \n\nThe only saving grace at the buffet is the Red meat section, the beef was full of flavour and had a great pink centre to it. \n\nFor a price of $100, we were left with a huge disappointment not only from the buffet, but also from the waitress that because we decided not to buy the drinks package we had to ask for water at each time. \n\nI doubt that I will every return to the buffet on our next return to Aria.",Chinese,1.0
1,"If you mind waiting 30 minutes for water and more than 45 minutes for a soda, then you probably shouldn't go here.\n\nWe had a table of 10 here for Father's Day - and they weren't even that busy - and that's how long we waited for drinks. Oh and we sat down and were never given menus, we got those for ourselves.\n\nHowever, the food is decent. The salsa is good. And the food and drinks are cheap. Though I wouldn't come here again since it's irritating to wait so long for a drink in 110 degree heat, some may not mind and then maybe this place is worth trying. But if you're like me and love Mexican food and a great experience, I wouldn't recommend spending your money here.",Mexican,1.0
1,"Our hungry party of 6, looking to be wined and dined Vegas style, were thrilled at being able to get a late night reservation via our bartender at Parasol Down in the Wynn.  What started out well, ended with two words....very disappointing. \n\nThe single biggest problem was that it took way too long to get everyone's food. Two of us opted to splurge and go for the ultimate dining experience ordering the special Top Chef menu selections.  You would expect the Bravo Top Chef Menu @ $175 per person to blow us away right?  I wanted so badly for each dish to reach the Top Chef mark and be better than anything I've had the pleasure of savoring before, but it just never took me there.  \n\nAs each course was brought out, I could see the anticipation of the rest of our party, but because it was portioned for 2 we could not share the wealth so to speak.  Instead everyone else got filled up on bread and drinks by the time their entrees were served. We'd been promised \""gifts of the Mediterranean\"", but at the end of the night it turned out to be the longest, most expensive journey on our quest for food perfection. It did not live up to the Vegas hype.  \n\nI don't know who to blame for a lackluster and well below par Las Vegas dining experience.  Initially, there wasn't going to be any compensation for having our group of 6 wait for two plus hours for the main courses, but after speaking to the manager they comped 4 meals and only charged us for the 2 Top Chef menus.  \n\nThere were too many courses to mention and only a couple of stand out dishes.  Was the food fresh? Yes. Were the dishes authentic? Yes.  However, far too few pluses and several irking moments make it highly unlikely that we would return or recommend this restaurant when there are so many other great options to choose from.",Mediterranean,1.0
2,"Cheap, filling, and way better then the Strip's offerings\n\nPick up a small dish here and grab some poki next door and you have a jammin lunch.\n\nIt's simple people you grab the pad thai and get the tuna\n(And then the Batman! =)",Thai,1.0
0,"I was thinking of places to review, and though 'ah sin'... i need to warn people!  Apparently the 77 yelpers before me all tried to warn me; wish I had used Yelp prior to this trip to Ah Sin.\n\nMy friends and I got suckered into the \""deals\"" that you see on the banners walking along the Strip, $20 for all you can eat!  On the strip?  We're in a rush to hit up the clubs later that evening and we want sushi?  We wanted to go to Makino's off the strip, but didn't have time, so we forego there and decide to try out Ah Sin thinking \""it can't be THAT bad if it's on the Strip in the Paris, Paris hotel!\""\n\nBottom line, this should be \""Ah Shit\"" because that's how my ENTIRE group of 8 people felt.  The sushi is small, anti-delicious, and they put on sooooooo much rice!  The tuna I had tasted horrible and not fishy at all, and overall, the quality of food was horrible.  \n\nThe $20 AYCE is for a shorter list of menu items you can choose, and there's a more expensive $30 AYCE menu which is more extensive, and I believe it also includes AYCD Soju which is nice.\n\nSound good? Don't fall for it.  When it came to the bill, handing over that $50ish to cover me and my girl was so upsetting and frustrating that it literally and metaphorically left a bad taste in my mouth...\n\nParis, why???",Japanese,1.0
1,"The best thing I can say about this place was that it was cheap. After that there was nothing nice about it.  We had a \""fab\"" room which they gave us begrudgingly after the first \""Jr. suite\"" they gave us was totally unacceptable. The jr. Suite had a \""bedroom\""  with only a bed-no TV-no dresser-nothing (and that was the nice part)-so after they moved us they gave us this \""fab room\"" which was anything but.  It was small, had a gross old bathroom, didn't have a mini bar or refrigerator, nor any upgrade that I saw.   On top of that this casino lacked the air filter system that other newer casinos had and was full of smoke that practically choked us and was impossible to spend any time in.   Also, their employees seemed totally unaware of where they worked.  We constantly asked people where things were in the hotel and not a single employee could answer our questions.   For example we saw on the hotel map a burger/sports bar located somewhere in the hotel.  We asked several people who worked there (dealers, security guards, etc) where it was and not a single person could tell us. We later found out it was closed for remodeling and no one knew...do yourself a favor and spend a couple of more bucks at a nicer hotel.  It will make your trip so much better....",American,1.0
1,Disappointed with food service at pool. Took 2 hours and food was cold. Also very slow service at The Grotto. Wait staff didn't check back. I think the hotel is seriously understaffed. Also coffee in the room was $10 for 4 k cups!,Unknown,1.0
4,"Overall, Vdara was great -- thats why it gets 5 stars from me. We stayed here this past weekend with a group of 8, two rooms. When we checked in we slipped a $20 with the ID (A good Vegas upgrade practice) and got upgraded to two Bellagio Fountain rooms right next to each other which was great.\n\nAs many people have mentioned, the hotel smells fantastic when you walk in. It is such a breath of fresh air (did someone make that pun already, too?) from every other hotel on the strip. The thing I really disliked about vegas was the smoking EVERYWHERE, so coming home to this hotel was so refreshing as it is a non-smoking property as well.\n\nThe rooms were modern, the service was for the most part speedy, and the views we had of the strip/Paris/Bellagio fountains were AMAZING. Really a great place to stay if you are looking for something modern, classy, and different in Vegas.\n\nStill 5 stars, however  it wouldn't be Yelp if there weren't a few nit-pickey things to say. Just to point out in case any of these things hit your buttons:\n\n-- The $25 resort fee. Thats $25 a day, and supposedly covers the pool, gym, Wifi, and bottled water in your room. The Pool was closed for renovation during our stay (We were  given use of the Aria pool next door by showing our room keys, which was actually a plus for me since their pool was amazing!). Also, the Wifi barely worked and we had to ask for the bottled water to be replaced daily (not usually a water snob, but the tap water there tasted very odd). $25 still seems way too much for all that, but it is Vegas.\n\n-- No Pool (for now at least). Like I mentioned, if you are booking around the date this review was posted note in advance that their pool area is currently closed for renovation. You are given access to Aria's pool next door, just show your room key when you walk in. Aria's pool deck is fantastic: three pools, three spas, and a bar. Watch out for those $25 Mojitos...\n\n-- It's a short walk from the strip. This didn't really bother me as after the first day we pretty much had our bearings and could figure out the fastest ways to the strip. Vdara is connected to Bellagio via a bridge so walking through Bellagio, to their casino, to the shops was one way out to that end of the strip (or) taking the tram to Crystals or Monte Carlo was another. Just know that everything will be a walk, and everything looks closer than it is!\n\n-- Be ready to ask for everything. Although the rooms have kitchenettes, none of the cupboards are stocked. We called Housekeeping countless times to request things like silverware, glasses, plates, a can opener, bottle opener, hair dryer, more towels, blah, blah. There a little signs around the room that say things like \""For your convenience, you can request kitchenware from Housekeeping.\"" Not sure how this is more convenient this is for the guest... or even the hotel for that matter. Just making more work for housekeeping! We received most items we requested within 20 minutes.\n\n\nBottom-line, I would stay here again. Everything was high-end, modern, and such a nice break from the strip. However, I'd probably choose Aria or a different hotel on the strip next time just the same, to try something new!",Unknown,1.0
1,"I have seriously mixed feelings about this place. But after reading the review by James L., I realized that I wasn't the only one who felt this way.\n\nFirst, Dr. Steelman did help my sick cat come out of a very serious respiratory infection. I will always be appreciative of that. The fees are also very reasonable. They are probably some of the cheapest in town. I would give her treatment of my cat 20 stars if I could. But everything else outweighed the good. \n\nIt's almost impossible to get an appointment. And when you do get in you still have to wait upwards of an hour in the waiting room. This is where the problems really begin. The waiting room is filled with cats. I love cats more than most people, so you'd think this wouldn't be a problem for me. However, many of the cats were sick with god knows what. They cough, have drippy eyes and noses, and wander around jumping onto your lap and peering into your cat carrier.\n\nPlus, the entire place reeked of cat urine. The smell actually made my eyes water. I understand that they have a lot of cats there and that they are doing their best to take care of them, but when you can't keep up with basics like litter maintenance, it's time to reconsider and make a decision. Her fees are so low, they could probably raise them up by about 10% to hire more part-time staff and still be the cheapest in town.\n\nThis place is probably ok if you're cat isn't particularly ill or vulnerable. But even if you are desperate for a cat-only specialist, I believe that that this is NOT the place to bring a cat who is immuno suppressed.",Unknown,1.0
3,"my wife needed some comfort food, and restaurant saigon delivered.  yes, we were in need of some pho, which in montreal is called \""soupe tonkinoise\"".  since we live in denver (CO), we are accustomed to the usual mound of lime wedges, basil, and culantro, which accompanies this delicious vietnamese dish.  none arrived.  we figured this was a canada/montreal thing.\n\nhowever, we were pleased by the very hot and delicious broth.  the difference seems to be thicker noodles and a heavier/fattier broth.  my wife loved it.\n\nthe meal was delivered quickly, and it was cheap for montreal standards.",Chinese,1.0
2,"As a fan of Tom Colicchio from Top Chef I really wanted to love this place.  Today's rating reflects the disappointment I felt. The rating is also based upon a comparison with comprable restaurants as Craftsteak would get five stars if I compared it to Sizzler. (sorry all you sizzler fans)\n\nI expected an overpriced steak house so the three rating is not a reflection of price so much as it is of value.  For instance, I have had 5 star experiences at Hank's and Delmonicos.\n\nFrom the moment I walked in, I was disappointed.  While I expected a somewhat less glitzy environment, I felt like I was in the Hofbrauhaus as the place was jam packed with tables, noisy and the decor seemed uninspired (cow paintings, really? And not very good ones either).  \n\nI have to give a shout out to the 5 star service we received.  The waitstaff was amazing.  Yet I found it disconcerting that the dining manager was out in the dining area discussing issues and business within four feet of the diners.\n\nWe started with the diver sea scallop appetizer which was exactly as advertised and well prepared so I began to feel at ease.  The waiter suggests the scallops or the lobster bisque but we knew we could never finish two appetizers and our meal. The drinks, although pricy were creative and excellent as well.\n\nI ordered the rib eye and my dining partner ordered the surf and turf.  We ordered sides of mixed exotic mushrooms and grits with bacon.  The sides were excellent and the grits may well have been the best dish of the meal even if grits aren't your thing.\n\nThe main course arrived and well I can only say I was overwhelmed by the size and underwhelmed by the taste.  The large 18 OZ ribeye looked so good in the metal pan that I couldn't wait to dig in.  But first I have to rewind.  I like my steak medium rare most of the time but I find good steakhouses tend to think rare = raw, medium rare = rare etc.  So I asked the waiter what the chef's medium rare was.  The waiter told me medium rare was red center, pink surrounding and medium rare was pink all the way through.  So I went with medium rare.  Unfortunately it came out red all the way through.  Im ok with that but I would have gone with medium had I known.   The steak was well seasoned but the meat was much tougher than I have had at other steak houses and the marbling was not rendered down enough causing a rough cut.\n\nThe Lobster was nearly flavorless and chewy.  The filet was cooked medium but was actually medium rare so we enjoyed it but it too did not pack a punch.\n\nWe looked at the desert menu but I was already disenchanted so I refrained.  My dining partner had the souffle which was not in the top 5 souffle's we have had, even at less distinguished establishments.\n\nSo while the meal was above a chain and probably above most off strip places, it earns a 3 which according to Yelp means A-OK which satisfies my review standards.  4 would mean I was a fan which I am not and will not go back short of someone offering to pay for the meal which was pricey (2 people, 4 drinks, 1 app, 2 steaks and 2 sides nearly $400.00.  \n\nThey do offer fixed price meals with choices which would have given us more food for only a little more money but we didn't finish what we had and were glad we didn't opt for the extra side and dessert.\n\nBottom line, while this is a premium steak house there are many equal or better choices for the same price or less within 15 miles.  I could list about 10 off the top of my head if anyone wants to know.  I'll make a list if some of you readers ask.",Unknown,1.0
2,"Liquor World is in kind of a sketch spot.  I found this place while staying at the MGM not too long ago.  In the efforts of trying to save time, my wife was checking us into our room and I decided to cross the street to get some booze.\n\nLiquor World is on the South East side of the strip east of Hooters and Coco's breakfast joint, it's about a 10 minute walk from the MGM lobby.  The store appears to be ran down a bit, but it's certainly a better option for buying beer and liquor than anywhere else on the strip.  Walgreens has a good liquor selection with similar pricing, however this place was closer and more conveniant. \n\nWhen you enter, there's a case on the left loaded with glass wear for smoking, the middle of the floor is normally filled with ice and cheap cans of Bud, Coors, Mikes etc.  The left wall is where you'll find the liquor.  They have 1/5ths and 1/2 gallons available for purhcase.  There wasn't a specific liquore I wasn't able to find.\n\nThe mixers get spendy, they wanted about $10 for a gallon of Cranberry juice, where as Walgreens had a half gallon of cranberry juice for $5.  A half gallon was a lot more reasonable than a full gallon.\n\nService was helpful, but the place is ran down as mentioned.  I was in Vegas 1 week ago and Walgreens had just about everything Liquor World had, except it was cleaner and easier accessed via those on the strip.",Unknown,1.0
3,"After nearly 5 years away from Vegas, I was back. And as you can imagine, I had a handful of restaurants I had been dying to check out. Out of the five, only one lived up to the hype and will continue to see me whenever I'm in town. Can you guess which restaurant that was?\n\nMy wife and I made reservations a month out because we knew it would be difficult to get one if we had waited any longer. So that would be my first recommendation if you plan on coming here... reserve your spot as early as possible. During dinner, I saw a couple come in without a reservation and they were regrettably turned away. Don't let that happen to you.\n\nMy second recommendation would be to order the $100 Omakase option. Apparently the difference between this and the $75 option is the quality of the food; my opinion is, if you're going to eat a dinner of this caliber, why not spend $25 more to get the best?\n\nAs far as the food was concerned, I don't know what to tell you except: be prepared to be wowed. Granted, not all of the dishes were mind-blowing, but plenty of them were. Some of my favorites:\n\nHairy crab: I had never heard of this prior to my visit to Raku, and apparently they only exist in parts of Japan, but the meat was flavorful, and they pre-cut the shell so it's easy for you to scoop out the meat. And the vinegar-based dipping sauce that comes with it is absolutely perfect with the crab.\n\nSashimi: The tuna, paired with marinated seaweed, was awesome. And the uni was by far the best I've ever had. So rich, so creamy, so buttery... SO GOOD. My wife never had uni and refused to try it because of the way it looked and because she's a texture-eater, but I convinced her to try some, and she ended up liking it. Some day, she will love uni; I'm sure of it.\n\nBacon-wrapped mushrooms: So simple, yet so delicious. I love the texture of these mushrooms, and when combined with the bacon and a soy sauce-like sauce, it's seriously fantastic. I could pop these in my mouth all day long.\n\nSalmon belly: The salmon was cooked so well (meaning not overcooked and dry), and the skin was perfectly crunchy and salty. Combine that with salmon roe in each bite, and you've got a magical blend of flavors and texture. Popping the roe in your mouth completed the dish so perfectly. Awesome.\n\nWagyu beef: This was served on a skewer, cooked to a perfect medium-rare, and topped lightly with wasabi. When I took my first bite, I was shocked at how tender it was... it melts in your mouth like butter. And the seasoning was just right. \n\nEach dish came out in a timely manner (although we got a little jammed w/ the crab since it took some time to scoop out all the meat), and the chef did a great job going from the lighter dishes to the richer, more filling ones. And our server, Kazue, was extremely friendly and did a great job explaining each dish to us.\n\nKeep in mind the Omakase menu does change. There were a few items that my friends had told me about, but we didn't get them. I guess we'll just have to keep going back.",Unknown,1.0
0,"if i could give them 0 reviews i would. i am in town from CA for epic training & we decided to go to a cheese shop, which is less than 2 miles away. i called twice to confirm the price and also book the cab. the guy told me it would be less than $15 considering it is only 2 miles away. we get there and the driver tells us it is $10 plus $12 for staying in Verona (pretty much getting an extra fee for not going too far). we told him we weren't informed about the fee so he calls the dispatcher who asks \""are they unable to pay?\"" so pretty much, if we would've said we're unable, the fee was not required NOR were we informed we had to pay. we give the guy $25, definitely asked for the change back & vowed to never call union can, screw this cab company.",Unknown,1.0
0,"when i worked in retail my paycheck was spent before i got paid. therefore, i relied heavily on coupons and splitting meals w all of my other poor college friends.\n\nwell, i hit the jackpot. $15 coupon for a FEAST. the picture on the coupon showed everything we would get: a huge steak, shrimp, and lobster PLUS 2 sides. there were 3 of us- this was PLENTY. \n\nit was prom night too so we were initally fooled with how popular it was. popular for prom girls with light up clear shoes (not even lying), if that says anything about the crowd for you...\n\nour waitress stops by our booth and just stares at us. one of my friend kinda looks around at me and our other friend, then back at the waitress. 'ill have a diet coke?'\n\nthen our waitress writes it down and doesn't say anything but looks at my other friend.\n\ni lost it and started laughing. why isn't she talking to us? this is so weird. \n\nwe ended up asking for a different waitress, then found out the coupon was a big fat liar. you didn't get all of that. it just says you do but you don't. the food ended up being nasty. probably one of the worst meals ive ever had. \n\nas we're leaving susy talks a lot waitress trips over my friend and it was all too awkward bc i couldn't control laughing. \n\nawful food, awful service, AND the bathrooms were some of the grossest i had ever been in. \n\nif wal-mart ran a restaurant, this would be it.",Unknown,1.0
3,"I spent a lovely week here at Lifetime on a free trial pass. I LOVED this gym and I didn't feel a ton of pressure to join (although be warned, when you're on a trial pass you DO have to check in with your sales person every day before working out). This is by far the cleanest gym I've ever been too, and the locker rooms are spacious, with clean towels and soap in the showers provided. Being a casual swimmer, I particularly appreciated the water-removal system for bathing suits and the plastic bags provided to store your still-damp suit in. \n\nThey also have TONS of machines, ample treadmills, and a massive amount of classes. \n\nThe downside? It costs $100 a month for a couple to join -- which is ultimately why I didn't sign on. It's just a little too expensive for my meager budget, but if I had the cash, this would be the place I'd spend it.",Unknown,1.0
3,"Big fan of this place. The staff are so nice and helpful. Unfortunately, this location is a little small.  The one on Scottsdale Rd is AMAAAAAZING though!! The beds regularly changed and lights swapped out frequently. The lotions are nicely priced compared to other places.  The level 2 unlimted is also waaaay cheaper than other places.",Unknown,1.0
2,"Visited for Restaurant Week so we had a shared app (crab cake), two entrees (Carolina burger w/string fries and fish and \""chips\""/string fries) and shared dessert. The waiter was friendly but somewhat unattentive and tried to push the other restaurants/deli on to us quite a bit. The food was pretty mediocre but edible..no complaints. I'm not a huge string fry fan so I was hoping for some thicker cut \""chips\"". The blueberry bread pudding was okay. It tasted like they used old garlic bread from the other restaurant next door then smothered it in whiskey and butter. We went about 15-20 minutes without a water refill and waited 10 minutes for our card to be picked up. All in all it was just okay but at least now we know and it only cost us $30. I guess that's what Restaurant Week is all about though right?",American,1.0
0,"Horrible, Horrible, HORRIBLE, Horror-show at Hotel Hell!!\n\nI do not know where to start. This was our 3rd stay at this hotel but the 2 other times were over 14 years ago, so I don't know what  has happened to this place but it was God awful. I don't know where to start.....\n\nFirst off the staff is cranky, rude and unhelpful.  We booked 5 rooms on expedia.  Each room was booked with the person's name who would be staying.  When we called ahead because a person in our group got ill on the flight to Vegas and we asked about early check in, the rude reservation clerk stated \""no one is registered under that name\"" we asked her to check different spellings and before we could even give her a suggestion, she rudely said \""I ALREADY CHECKED IT THAT WAY, NO ONE HAS A RESERVATION UNDER THAT NAME!!!\""    We explained to Miss Rudy-pants that we paid in FULL at the time of booking so, \""if you could, please check again\""   She disconnected us. We called back, asked for a manger and was on hold for over 35 minutes.  Finally we called the main reservation line and the customer service was able to find the booking. Our party was  able to check in early, for a small fee, which she tried to give cash but it was not accepted.  Our friend used her debit card and was charged a  $100 deposit without being told this would happen and that of course made her short in her bank account. (college student).\n\nWe checked into our room and almost slipped and fell on a large puddle on the floor. The AC was leaking.  A call to the front desk was met with another snotty customer rep who was more interested in the fact that 2 in our party were 19 and 20 1/2 and  had their own rooms. Her suggestion was we should all sleep together in the same bed like hillbillies.  Not to mention we were charged a $100 deposit for each of the rooms occupied by those under 21 and the front desk NEVER  mentioned any problems or rules about under 21 guests occupying a room.\n\nWe were never offered another room. The maintence guy showed up and said \""oh that is just a little condensation\""   It was about 12 inches around and on a dark floor. Guess Flamingo does not care if we break a hip in a fall in their room.  The condition apparently has been on going as the room smelled of mold.\n\nProblem fixed we moved on to the pool area.  They have a section for 21 and over. Just a heads up, prepare to undergo a full body search by an armmed guard. Oh...if you buy a coffee at Mrs. Fields prior to going into the pool, better drink it fast cause, as the guard said \""NO FOOD, NO DRINK FROM OUTSIDE\""  WTF??   We bought it a few feet away inside the hotel.   The guard also does not like tampons in your purse or he was a total moron because he pulled out the package and asked \""what's this\"".\n\nNext night at  4am, the A/C again dripped and dripped.  Call to the front desk, waiting 45 mins, no show.  Call a second time waited 2 hours, again a no show. Finally gave up.\n\nStaff is untrained, rude and nasty.  We asked one employee what time the restaurant was open til and was told \""oh it closed\"" only to find out it is a 24 hour place!!  \n\nI guess the Korean tourist summed it up best when he let one smelly fart rip  while we tried to enter our room!         THIS PLACE SUCKS!!",Unknown,1.0
2,"We went for  brunch on a busy Sunday afternoon. We knew they did not take reservations but were told we could do call ahead seating.  Apparently they were too busy for this as a party of 20 called right before us.  To my surprise we were seated right away.  If you like Blood Mary's I recommend trying their Bloody Mary bar-lots of great add ins. They also have unlimited mimosas for $14.  I went with the waffle slider which was a sunny side up egg, sausage, gyre cheese and arugula in between 2 waffles.  I asked for a fried egg which they did not do, the sausage was McDonalds quality at best and the waffles were saggy. It was served with a side of potatoes which were delicious.  My other big complaint is that a friend ordered an omelet and wanted egg whites which they would not accommodate saying that they were too busy.  Our orders took a while to be served but they were so busy for a Sunday. I say skip the brunch and go for drinks. I would like to go back and try happy hour.",Unknown,1.0
2,"Don't believe all the hype. Yes, it is good but no better than Wicked Spoon, M or Wynn.  Ate here on Saturday for \""brunch\"".\n\nThe good:  NO LINE. Got right in with no wait at 10am. \n\nFood was all good quality and tasted tasted good. Memorable were the charcuterie selection of meats and cheeses (some fresh baked baguette would be good there).  Truffled scallop potatoes. Pizza and Asian selections were good. Eggs Benedict had no flavor at all. \n\nThe less than good:  sorry guys, the dessert selection sucks. Lack of selection and all gelato was so weird nobody wanted to try - \""beer shandy gelato\"", nah. \n\nNO PRIME RIB. Really? For brunch?  LAME. LAME. LAME\nFor $50 LAME!!!!!\n\nThey seated us right where the service staff stand and hawk over everyone. All we heard all meal were their Spanish conversations and them constantly glaring at us. Service was fast but uncomfortable.",Italian,1.0
2,"Great service, good food, nice ambiance, including a great live band on the night I was there! Yes, it's a tad pricey, but if you're looking to lift a pint of Guinness while in Sin City then this is a pretty cool place.",Unknown,3.0
4,"I was a bit skeptical of all the reviews of this place because it all sounded too good to be true, but every good thing that everyone has said about this place is absolutely true! \n\nThe store itself is nice. It's clean, and it looks professional. The staff was so amazingly friendly and reassuring.  You could tell that they really really love dogs, and they enjoy working with them. It was just a very fun and friendly environment. \n\nMy dog is a lhasa apso mix, and she had tons and tons of matting all over her body. I knew that she'd have to be shaved, but I didn't want her bald like what my previous groomers did to her. I asked if they could possibly salvage some hair on her, but I wasn't expecting much. When I got her back I was really surprised at how much hair she had.  They managed to not shave her off completely, get rid of all her matting, and keep a good length of hair on her. I was extremely happy! They really listened to what I said. \n\nAnother thing I love about this place is the price! The other groomers I went to would charge me extra to get rid of the matting so I was expecting that too, but they didn't charge me 1cent more than what we had previously discussed on the phone. It only cost me $45 for everything: bath, cut, ears cleaned, and nails trimmed. That's a pretty good price compared to the others I've been to. They also have a $5 off coupon if you check in, so really it only cost $40. STEAL! \n\nBest In Show Dog Grooming is my new permanent dog groomers. I will definitely come back again, and I definitely definitely recommend this place! The staff are friendly and will listen to you, and the price is incomparable!",Unknown,1.0
2,"Despite the nice layout, design, and store variety of the City Center, I was still heartily disappointed. Some friends and I were merely trying to find a parking spot to do some shopping and things of the sort when we were notified that it was going to cost us a hefty $30 to park in a MALL parking lot. Outrageous. Turns out the WWE was in town and I guess they wanted to get some extra cash out of the mullet sporting, dentally challenged fans of Wrestlemania. Cool I guess, but not for us that were just trying to buy some swag. They offered some sort of validation system to reclaim some of the $30 coughed up, but it all seemed more than shifty in nature so we decided to park elsewhere. \n\nEverything else about this nice outdoor shopping center is exceptional. So waddya say Westgate? Create a better system for those of us not there for the events at the stadium across the way?",Unknown,1.0
2,This place has an awesome deal on Thursday nights(not sure if it's all day)!  This is the only time we really go to the movies because the price is better than paying for a student ticket priced at $7.  So for a better theater than harkins or AMC thats a great deal!  I like how far the chairs can recline back but i don't think the regular seats are anything worth bragging over or highly recommending because they feel kind of cheap like a fake leather and definitely not LA-Z boy status.  just a nice theater seat spruced up and not as cushiony.  service cannot really tell you because i have not gotten much interaction with anyone. My boyfriend hands me my ticket we hand it to the ticket stub person and off we go. No customer service to review/critique.\nFrom what i can remember the better chairs were okay not on Ipic level but better. is it worth the extra money on a Thursday if you could upgrade id say yes. but on a regular day no.,Unknown,1.0
2,"So oddly enough a couple years after my initial review we actually ended up staying here.  And though, it's a wonderful hotel, I have yet to be blown away.\n\nWe stayed in the Salone Suite for our honeymoon.  This was a great corner room with \""strip view\"". Yeah well when you're only 5 floors up the view is mostly parking lot and the tip of the Eiffel Tower...not impressed.  Though the bathroom was humongous and the bed...oh that bed...SO comfortable I didn't want to leave it.  Amazing.  The TV was lackluster though.  And though unnecessary, the TV in the bathroom's remote was not working.  The blinds in the bathroom wouldn't go down and a plug and some lights were not working in the bathroom as well.  \n\nBut housekeeping likes to clean twice a day and I'm sorry - I don't use that many towels.  But they were a bit bothersome.  On voice mails.  Notes left on the door.  And even in person.  And then one of the 2 times we let her in - the woman took our souvenir glasses.  Plastic and cheap, sure...but they were OUR plastic, cheap souvenirs!  \n\nThe hotel itself has nice bartenders and great service.  The pools are wonderful as well.  But the lack of more affordable eating options was irritating.  I think we spent most of our money in the tiny grocery shop by the elevator bank.\n\nOh and be warned when giving them your credit card coming in...they put an over $500 hold on your account!  Just in case you're thinking of handing them your bank card that you plan to use on the trip.\n\nAll-in-all, not terrible, but I guess I would have expected better.  I think next time we'll stayed at Caesar's which was our original plan in the first place.",Unknown,1.0
2,"12/03/09\nDecided I'd go to CB to find out once and for all what roasted veal marrow tasted like after hearing a couple of Food Network celebrity chefs hark on and on about how wonderful they are (Anne Burrell, in particular, spoke of it on an episode of \""The Best Thing I Ever Ate\"").  I'd have to say that I didn't think much of them.  The presentation was beautiful, I must admit, but paying $10 for what amounted to about a teaspoon and a half (OK, for argument's sake, let's round it off to two teaspoons) of frothy fat accented with Hawai'ian sea salt and tawny port reduction did not translate to a great experience for me (taste, nutrition, or cost).  Sure, there were a bit of bitter greens and three toasted pieces of bread (which two teaspoons of fat could not even cover), but I found more joy and sustenance w/ the singular toast slice slathered w/ goat cheese (forgive me, it's been awhile since I had this app, but the spread could've been mascarpone and ricotta, but I want to say goat cheese) and slices of Campari tomatoes.  Happy hour price for this app was $4.50, which I found easier to swallow, pardon the pun, than to pay $9 for a singular slice of toast w/ a soft-cheese spread and a little bitter greens on top.  (I can't eat tomatoes, so those gourmet slices just ended up in the garbage bin.)  It was very tasty, however, so I may order it again, but I won't be very happy about it.  Perhaps I could get a substitute for the tomatoes?  I will ask next time I go.",Unknown,1.0
3,"Like others have said, when you hear \""metro\"" and \""sushi\"" together, it sounds pretty sketch. But don't let that fool you, I've never had bad sushi from this place. On the contrary, it's pretty darn good. I know some sushi snobs who would disagree, but hey, that's them. It's pretty cheap compared to other places, like sushi shop, and the people who work there have never been rude.",Japanese,1.0
4,"I was in town for  2 days of course had to check out the local Bikram Yoga studio.  It was the closest off the strip after all. (part of their marketing..)  Technically, it was about a 15 minute drive. Glad I rented a car and didn't take a cab. \n\nThe owner checked me in and  was familiar with the owner here, by name. I was impressed. He did ask me if I took a cab so, if needed they could have a cab ready for me after class. Also impressive!  The studio was whistle clean. I'm not sure what these other folks were yelping about.  A lot of Hot Yoga studios do smell like dirty feet. This place did not!  Yes, the room did have carpet but whatever the fiber was, didn't hold onto sweat or stink. Yes, the room was hot. It's known as hot yoga for a reason. Anyone who attends Bikram knows they can lay down on the mat at anytime (Savasana). \n\nMy first day of class had about 40 people and second about 30. I had Marie one day and Amy the next.  Marie was over the top happy. It must have been that Vegas sunshine. And Amy, she just came back from teaching in India. She told us a few times while clutching onto a cup of coffee. Both teachers were great and kept us inspired. \n\nA tip ~ if you're traveling bring a your own yoga towel if you have one. Rental mats and towels are a little expensive and if you're tall like me, the towel only covers about 60% of the mat. Traveling with a towel would have been easy to do.  Second, they don't offer baggies in the dressing room. All the other studios I've been to offer this. They are recycled bags or small garage bags. It's great to put your damp clothes into. I did ask for one and they find me one but this service should automatically be provided.",Unknown,3.0
4,"Brocach was just what I needed to satisfy my fill of Irish ambiance. Thankfully I had Yelp to rely on while searching for Irish grub last week.  Carol K.'s review peaked my interest and did not disappoint.  Thank you Carol K.!\n\nWe were there on a Tuesday night hoping to enjoy good Irish food and traditional Irish music.  We didn't get the live Irish music (not surprising on a Tuesday night), but we listened to Irish music piped throughout the restaurant while enjoying our Irish dinner and traditional Irish beverages.  \n\nCait was our waitress and was on point with her recommendations and timely check-ins.  Cait shared the drink specials which allowed us to have more of what we originally requested (plus an extra shot of whiskey for another $1!).  This was such a good deal that I'm sharing the breaksdown of this special.\n\nDRINKS:\nHusband's Irish beverage of choice:\n -Guinness - reg. $5.25 (half-pints available for $3.75)\n - John Powers - reg. $5.25 (2 oz. shot of Irish Whiskey)\n*Special = $6.25 for a pint of Guiness and shot of John Powers\n\nWendy's Irish beverage of choice:\n - Jameson and coke is what I requested; however, Cait's recommendation was to take advantage of the *half-priced Irish Whiskey & Scotch special and upgrade to the 18 yr. Jameson with a coke on the side.  It was perfect...and I only had to cough up $6.00!\n\nFOOD:\nMy husband enjoyed the shepards pie and said it was good, but needed more meat, veggies, and gravy to go along with the heap of mashed pototoes. He can't wait to come back and try the Irish Stew.  I ordered the fish and chips.  You can't go wrong with Harp battered haddock filets. Everything was very fresh and with just enough fish and a good portion of \""chips\"". I probably ate too many of the chips since they were really good and I can't stop once I start eating them with the malt vinegar.  Certain meals are served with brown bread and I think it would be a nice touch for them to include Kerry Gold butter on the side. It's from Ireland and it's good...no need to elaborate.\n\nMUSIC/AMBIANCE:\n - Music lineup is good if you can catch them on the right days and times.  \n - Live Irish music on various evenings...approx. 7 nights per month.\n - Great ambiance with traditional feel throughout the restaurant and pub area.  \n - There is also a second floor (which I did not go up to) and you can view an interior balcony area from the first floor of the restaurant.\n\nTIPS: \n - Check out the music lineup on my photo (as of Nov. 2011).  It is not on their website.\n - Happy Hour is every day 3-6PM and 10PM - Close\n - All you can eat Fish Fry on Friday's.  $15 from 4:30 - 10PM\n - I saw a sign in the restroom that promoted Private Parties with no party room charges.\n - Trivia night: Sunday @8PM w/ drink specials and prizes\n - Brocach is pronounced BROH-kaw\n - Parking can be tricky.  Some meters have 15 min limits or 1 hour limits, but will take all of your coins if you drop them in the meter.  I was a little confused since our meter indicated a 15 min limit with a 1.5 hour max time.  \n\nI will definitely be returning to Brocach whenever I'm in Madison.  Hopefully, the Irish bands will coincide with my schedule. I'd also be interested in trying them out for breakfast sometime. My standards are pretty high for a proper Irish breakfast...so Brocach, I hope you're ready!\n\nSl\u00e1inte!",Unknown,1.0
1,"The girlfriend and I were in for the weekend for the Vegas Uncork'd event.  We had stayed at the Cosmopolitan for our first night, but moved over to the Paris for the Fri-Mon part of our stay since they offered a much better rate for Fri and Sat nights and comped our Sun night.  Despite this much better deal, I really wish we would've just paid the cash and stayed put at the Cosmo.\n\nTo be sure, Paris is one of the most identifiable places on the Strip with its half-scale replica of the Eiffel Tower and the Arc de Triomphe.  I've never been to Paris, but I have to admit the faux Eiffel Tower still looks impressive.  The interior of the casino attempts to imitate the look of Paris in a Disney kind of way.  The casino floor has the requisite number and variety of table games, slots and video poker machines of all denominations.   Cocktail waitresses are decked out like Parisian gendarmerie.  There are multiple bars and restaurants scattered about the facility although none of the restaurants appealed to me compared to the other offerings available at other properties along the Strip or around Vegas.\n\nThe biggest fault I found with Paris was their rooms.  The bed in our room was stiff and unforgiving....easily one of the worst I've encountered in any of my stays in Vegas.  It certainly couldn't compare to some of the much better beds I've slept in at the Palms, Hard Rock, and most recently, the Cosmopolitan.  Unlike many Vegas properties, the Paris doesn't offer a HD flat-panel TV in their rooms.  While we didn't watch any TV in our room, it would've been more impressive if the Paris was more current in their furnishings and amenities.  Also, unlike the Cosmopolitan which offered free wi-fi, the Paris charged $15 per day for wi-fi.  At least the room was clean and quiet and the maid service did a good job.\n\nBottom line...while the Paris has only been open since 1999, it really hasn't made the jump successfully into the 21st Century.  However, if you're looking for a low-cost, no-frills place to crash in Vegas, the Paris will scratch that itch.  If you want something more, like a comfortable bed, then most definitely go somewhere else.",Unknown,1.0
1,"I have really beening trying to drag my wife to try a place like this for a while and I am sad to say that this was her first experience at this style restaurant. \n\nWe tried the lunch.\n\nThe food was just okay and the service sucked!!! \n\nThe high points for me were the pork tenderloin, sausage, top sirloin and pineapple. \n\nThe salad bar was very disappointing. A couple different options but nothing really stood out. I did eat my fill on the meat. Since we went for lunch it was only about $13. per person with the monorail discount. \n\nOur waiter Shaun was the worst excuse for hired help I have ever seen. Hardly ever saw him and when we did we had to flag him down to stop at our table. \n\nIt will be hard for me to convince my wife to try a place like this again.",Unknown,1.0
3,"We came here on a Monday night and ordered off of their late night specials. We ordered \n1. All-nighter breakfast, 1.99\n2. classic burger and fries, 2.99\nfor 6.38\n\n- This is a great place for your midnight munchies. Compared to the Grand Cafe's in other Station Casinos. This spot is clean and rarely filled with drunks. \n- The Grand Cafe is a better alternative than Denny's. It's cheaper. As long as you have a boarding pass, you are in the clear. \n- The only reason why it's not a 5 star is because I prefer going to Coronado Cafe at South Point. Although this place has steak and eggs for 5.95, they got the same thing but for 3.95! haha. \n- Service is simple. We got our food quickly. Jonathan was a pleasant dude. \n- All-night breakfast was simple. Quick late night craving satisfied. \n- Classic burger and fries were also simple. No frills. If you are craving a hamburger, I'd say it's a better alternative than the Jack in the Box that is off of Gibson. \n- Overall, amazing place to dine when the cravings hit and you have time to sit and relax.",American,1.0
2,"Ok so this place is good and bad. They have a pretty decent happy hour, it used to be awesome, but then they raised their prices about 50% a few months ago. It does have a really great patio but sometimes can be very hard to get a seat. The waitstaff is hit & miss. Some days you can get a great server that's happy & friendly, most days, they seem more put out and frustrated. The food servers are great, always get your food out fast & clean your table quick. If the food & drinks were a little cheaper during happy hour I'd give them another star. Tip: Wednesday nights are probably the best night \""Ladies Night\"" and usually a great band.",Unknown,1.0
1,"Slipping; primarily in the service department.\n\nA small group of us stopped-in while on our way to the Quivey's Grove Beer Fest.  We took a seat in the bar and waited for a server to appear.  After 10 minutes, we flagged someone down, and she said \""I'll be right with you.\""\n\nShe stopped to our table at 12:15pm; the place was less than 1/3 full.  We ordered some sodas, and asked for menus.  \n\n12:30pm - several groups wandered in, found tables, and were attended to in prompt order.  We were still waiting for our waitress to take our order.\n\n12:38pm - 22 minutes until the festival started.  Our waitress took orders from two tables near ours.  We flagged her down to place our food order.  Drink glasses were empty.\n\n1:00pm - the other tables had their food; their drinks were refilled.  We were stuck without food and without drinks.  We had been there nearly an hour and were now late for the festival.\n\n1:10pm - food arrived; she asked if we needed refills on sodas.  We said \""Yes,\"" and asked for our checks so that we could get a jump on making our way to the festival.\n\n1:23pm - no checks; food gone (we ordered light).\n\n1:28pm - we went to the bar to pay our tab.  Our waitress took the checks, and asked if we needed change for our twenties... the most expensive tab was $7.44.  Huh?  After an honest 1.5 hours of inattentive service she wants to keep $39 in tips?  Wow.\n\nThe food was average; I think it's slipping a bit as well, but the service was what really killed this visit.\n\nThere are some great servers here, but this past experience was comically bad.  All due to one waitress.  Bar/restaurant owners take note - your waitstaff is the #1 connection between you and your customers.  Invest in some caring staff, and it'll pay dividends.",Unknown,1.0
1,"Stayed here as a last resort during EDC.\n\nPros: \nFree Internet\nLate Checkout\nAffordable\nDecent Breakfast\n\nCons:\nOur room, smelled like the stalest cigarette ever. I felt like I was breathing cancer everytime I walked into our room. I was so over it we cancelled our last night and left early. \n\nThe african-american girl at the front desk couldn't have been more confrontational and uninformed about everything she was doing on numerous occasions. Booking, calling a taxi, etc. \nThe manager during the day was helpful to a point.\n\nI wouldn't reccommend staying here unless you have to. There are so many more fun places to stay in Vegas, and nicer too.",American,1.0
