label,text,cuisine,price_range
0,"First of all i'm not a big fan of buffet, i tried it because we got a $50 credit for staying here at Monte Carlo in Las Vegas and my friend wanted it so I gave it a chance. Decent taste and There wasn't enough variety of food, service wasn't that great either. so it still doesn't change my mind about buffet.",,
1,"Thanks Yelp. I was looking for the words to describe this place and Meh seems fitting.\n\nPlayboy club is located under Moon at the Palms. We got in for free thanks to the promoter hookup we got. First you can't take glassware from Moon down to Playboy. Security will take your glass and transfer the contents over to a plastic cocktail cup making you feel like you are a four year old when all of the big kids downstairs have real glassware.\n\nThere are a couple of tables here to gamble along with some video poker machines at the bar in the back of the club. The atmosphere here is relaxed and seems to cater to an older (40+) crowd. the bunnies here looked miserable, and complained about working. YOU ARE A PLAYBOY BUNNIE!! For the love of god TRY to be happy!\n\nI wouldn't come back here if I had to pay to get in, Playboy is rather small, though intimate. There is limited seating available here, and little to no dancing. Stick to here if you want to be able to hear your date and have a relaxing time. Go somewhere else if you are looking to party it up.",,
2,"Service was so-so. They were receiving a delivery so that might have to do with it. Food was hot and fresh, but we did not do AYCE. The shrimp tempura was good, but the zucchini was a bit oily.",,
2,"Stamoolis Brothers is one of the Strip District storefronts, specializing in Greek and Mediterranean imports.  They have a good selection of olives, a decent cheese selection, a variety of ready-made dips and spreads which are pretty tasty, and some harder-to-find specialty items like rose water, pomegranate molasses, different grinds of bulgur wheat, bulk fava beans, etc.  You can also get packaged bulk nuts, dried fruits, etc.  When I go in here, it's usually because I'm looking for feta cheese or Greek-style yogurt.\n\nThis place is pretty good.  A couple times I've had some problems getting yogurt here, since they have a tendency to keep the yogurt on the shelf until it's almost at its sell-by date, but on the other hand, they have the cheapest price on Fage yogurt that I've seen in town thus far.  My mom loves a lot of their dips and spreads, so I get snacks from here a lot when she's in town.  The one caution I have (besides the yogurt) is that they sell an inferior brand of canned tomatoes here, which gives off a very strong flavor of metal and ruins your meal.",,
0,"I want to give a 2 stars because the service staff was friendly and good as well as ambience was decent.  But we came here for food not to meet the staff.  Food was just really mediocre, not even hot.  The hashbrowns taste pre-cut and frozen.  The \""real maple syrup\"" is just a maple syrup blend.  I could make a lot better food myself.  We had pancakes, bacon, and the wolf pack.  All the prices were way too high with food that's more on par with denny's.  Would rather IHOP across the street.   Unfortunately it looks like another lackluster joint resides here (before nypd pizza).",,
2,"I don't understand all the hype around this place. Yes it was on TV, but so what? \n\nEach time I go I am disappointed by something. For example, the salmon is typically undercooked and lacking seasoning. I love salmon so I tried it a few times hoping it would improve, but it didn't. Last time, instead of salmon I ordered a grilled wedge salad. It was covered in oil which made it inedible. \n\nThey also almost always mess something up in our take out order. Usually it is something small like giving us regular fries instead of garlic fries, but hey, we pay extra for the garlic! It is frustrating.  \n\nIn my opinion, the food at the Coffee Shop next door is much better.",,
1,"Two stars for the sandwiches, negative three stars for them never answering their phone.",,
4,I take my kids here at least two times a week. The staff is sweet and topping selection is awesome! My daughter got the Captain Crunch yogurt and we could not believe how it tasted exactly like the cereal. We love to play with flavor combos every time.,,
1,"So I have been to Hickory Tavern many many times before. I am actually suprised I havent reviewed it until now. The view of the city is incredible and it is conveniently located in the Met, so we usually hit it before a Trader Joe's grocery shopping trip! \n\nUsually my husband and I get the Build Your Own Salads. 6 ingredients for $9. The oriental dressing is amazing and bacon and avocado on a salad is just A-mazing. In addition, I love that Hickory has Red Oak on tap. They have alot of local beers on draft and I love that about a restaurant.\n\nHowever, this review is more specifically directed to a situation we had today for lunch at HT. My husband and I decided to grab our typical BYO salads. I don't know what was going on but it took a long time to get our food. 25-30 minutes to get a salad is kinda crazy (I mean there wasnt even any cooked meat on it.....all raw ingredients!).Our waitress was super sweet though and came by saying that she had no idea why we hadn't gotten our food yet and that it should be there soon. We finally got our salads and dug in.....yummy dressing! However, about half way into the salad, my husband looks up and pulls out a piece of cardboard from his salad. It was about 2 inches by a half inch. Gross. We have both worked in the food industry and know that those boxes are dragged across the floor when being brought in. All I could picture is that nasty cardboard piece being spread across that whole (since the dressing was tossed into the salad). \n\nThe waitress was, once again, very sweet and didnt really know what to do and grabbed her manager. The manager came out and was talking about boxing up the salad to go. I am assuming she was talking about boxing up a new salad and not the one with the cardboard in it....I dont know. She also offered us a free brownie. Honestly, we didnt really want any other food at the time. They did comp his salad (which was very sweet, hence the 2 stars instead of 1) and charged me for mine. It was just kinda weird. I mean she did apologize but it just came across like it wasnt a big deal. \n\nKinda frustrating that we had this happen cause we LOVED going to Hickory Tavern in the past! I'm not sure if we will be back soon, simply cause I keep picturing that nasty piece of cardboard. Plus, there are so many other places to eat in the Met!",,
0,"On 28 June 2013 I checked into the Riviera Hotel and casino until 5 July 2013. After being placed in a downgraded room because my room wasn't available I got settled into room 3533. \nOn 30 June 2013 I went to turn on the floor lamp inside the room and I got a very powerful electric shock. My right hand and arm has very little feeling other than tingling now. I reported the incident immediately to the front desk. A security guard came up to my room and I filed an incident report. She assured me that Risk Management would call me. She took the lamp and told me maintenance would replace the lamp. The lamp wasn't replaced. After going to the ER I was diagnosed with Electric Shock Injury and was told feeling may never come back. I tried calling risk management every day. Finally after 2 days I went to the front desk and demanded to speak to someone regarding my injury. The manager, Debbie, came up and offered to refund my resort fees totaling $115.00 to make up for me losing the feeling in my arm by their faulty equipment in the room. They then upgraded me to the room I was supposed to have the whole time since I paid for an upgraded room. On 4 July 2013 housekeeping came to the room around 11 am. I told her I didn't need housekeeping and she said \""ok\"" and walked away. We left the room around 1:00 and returned around 2:30pm. Upon returning to the room none of the 4 keys we had worked. I went down to the front desk and they gave me 4 more keys. I went back to my room and those keys didn't work. I went back down but this time to the bell desk. I explained what happened and how I already got 4 new keys. He said he'd help and he followed me to my room. His key didn't work. He said something had to be wrong with the lock or mechanism so he left and went to engineering. 30 minutes later 2 security guards (1 male in a black suit and the female security who originally took my injury report) arrived at my room. They told me I was locked out of my room because housekeeping came in to clean and saw my BB gun I had in my room. He told me firearms aren't allowed in the building. I had kept my BB gun in my safe which I kept locked. I told the security how I had told housekeeping I didn't need service earlier. I also told him how my BB gun, which isn't a firearm because it does not use combustion to fire a projectile instead uses air, was locked in my safe and asked how the maid saw my gun and also why was she coming back after I told her I didn't want her in my room. He then told me I was to leave the premises and was banned or \""86'd\"". It took security an additional 30 minutes to get into my room because the door wasn't unlocking. The security guard kept trying to egg me on and asking \""Do you have a chip on your shoulder?\"" \""Are you mad?\"" \""Why are you mad?\"" He had to be asked to leave by the other security guards because he wouldn't stop egging me on. Once inside I saw my safe had been pried open, my BB gun was sitting on top of the safe and the do not disturb sign that was on the door was sitting next to the safe. All the money I had in the safe was taken. I requested to file a report and I was told Risk Management would call me Monday. They never called. They didn't refund me for my extra night stay. I filed a police report with Las Vegas Metro Police. I will never stay at the Riviera. I will never recommend anyone, not even my worst enemy to stay at the Riviera Hotel and Casino Las Vegas!!\n\nAttached is a video taken while security tried to fix the door the broke.https://www.facebook.com/photo.php?v=10151779810399913&l=1311073713539322341",,
2,I have tried Jimmy John's once before and wasn't impressed by my sandwich. After ordering it along with a group of coworkers and trying something else I must say it has raised the bar for my Jimmy John's experience. Still not my favorite sub place but I definitely love the convenience of delivery when I don't have time to go for lunch. The bread is a little tougher than I prefer sometimes but their avocado spread is pretty tasty!,,
0,"We have been there many times I from 8pm to 11 pm. This is the worst I have ever seen for a restaurant ( Sonic ). SLOW, the girl at the window needed change and  the guy was busy on his iPhone  looked at her like don't bother me. Took for ever to get 2  Bergers. The owner should take a good look at who is working for him. If this is the best he can do he better look at himself SAD.",,
3,"A must go to for any meal. First off the decor is super trendy and my favorite color...purple! A great place for a date night. My friend and I stopped here after dinner and ordered desert crepes. I had the classic crepe with added strawberries (heaven) and she had the William tell (awesome). I can't say enough about how melt in your mouth these both were. Be aware, they are super sweet and worth sharing. However I found myself finishing off mine and then eating my friends too. The warm, tart apples were perfection paired with the caramel drizzle and my nutella was melted perfectly inside the yummy crepe and strawberries. Complimentary water and or cucumber water is served to wash it all down but next time I'll definitely try the mimosas or one of the many sodas. \nThere is a great selection of dinner crepes too that I'm dying to try!",,
1,Nothing special. Probably 4 stars if you're drunk late at night. Funny how that improves just about any restaurant. If you're a tourist looking to try a classic Quebec poutine you should look elsewhere for the magical experience.,,
4,"Ok, so I've only been twice now but the service is amazing and better yet, the food is totally on par with my favorite Thai haunt, Komol, or wait for it....even better!  I can't wait to keep trying more things on the menu!  They have an entire separate vegetarian/vegan menu to explore.  I love this place!",,
2,"Happy hour is great here at this restaurant....However you can tell they are part of a big chain working to cut costs where they can.....We tried dinner there last night....The Filet was very dry for med rare ....I have had better on my own grill purchased from a local grocery.....The shrimp cocktail is supposed to be huge shrimp as an appetizer for $17.00 and these were quite small, .the kind you would find commonly anywhere. with no flavor...The single loaf of bread was cold and the outside of it was not crispy....The butter options were good though....My other half enjoyed the salmon and it was cooked perfectly...Overall for the price of dinner, I would not go back....HOWEVER I would do happy hour there again.....The happy hour menu is good and the prices are great.... I DO WANT TO SAY THE STAFF AND MANAGEMENT ARE IMPECCABLE....TRAINED WELL AND GO OUT OF THEIR WAY TO INSURE YOUR EXPERIENCE IS THE BEST IT CAN BE.....",,
0,"Almost $10 for a \""meh\"" sandwich and tiny cup of iced tea (that came out of a jug....I saw them refill the \""tea\"" machine).  I appreciate the effort to have something healthy and organic in a mall food court, but for the price and lack of flavor I'll just go somewhere else.",,
3,I love this place. The food is great and SUPER healthy. They have tons of vegan and gluten free options. Its great this time of year when you can sit outside and eat.,,
2,"Established in 1958, Los Compadres has been offering Phoenix classic Mexican food at great prices for over 50 years.  Here you will find the Mexican food standards tacos, nachos, enchiladas, tamales, burros etc. made fresh to order.  In addition, they have egg specialties, salads, charbroiled chicken, and their something different selections...  They have 10 combos that include 2-3 items each for under $8 and lighter combos for under $5.  Los Compadres is a excellent alternative to the fast food chains claiming to serve Mexican food.  Catering services and party trays are also available.  Their hours are Monday through Saturday 10:30am to 9pm and Sundays 10:30am to 7:30pm.",,
1,"First, I came here with a coupon from one of those entertainment books my daughter's school sells.  Many items were excluded including the lunch specials and the menudo.  Apparently, to be truly Mexican you have to enjoy eating a cow's stomach in soup -- menudo.  So Eli M. and I vowed to return one day.  Ah, yes, I am not even a little Mexican, but suffer from a proclivity to try unusual foods others turn up their noses at.  Enter Groupon.\n\nHaving purchased a Groupon that excluded the lunch specials, but not the menudo, Eli M. and I, with some friends in tow, made our return.  I told Eli M. that menudo costing less than $7 seemed a little dubious given the extensive perpetuation process he described, but we didn't let a little thing like that deter us. As the menudo was cheaply priced, I also ordered a chorizo burrito a la carte.  I was trying to max out the Groupon, and soup, regardless of the contents, didn't seem that filling.  Eli M. doesn't eat much and was satisfied with just a medium sized bowl of menudo. In terms of taste however, he said that it was okay.  He said it was too greasy, which is what our friends also said of their food.  Moreover, they have Pepsi instead of Coke.  And the location is a bit out off the quick lunch radius.  So, it looks like Eli M. and I will max out at two visits to Susie's.  Thanks for the menudo.",,
1,"The menu displayed on urban spoon must be very old. The prizes are higher, than we researched before. Staff is friendly. The soups must be based on an instant brew. I ordered a wantang soup and it was terrible. I could taste the chemical taste of the instant brew. It was very bland.  Knowing how good a lotus stem salad usually tastes, I ordered one. Again, I felt like I wasted 10$. The sauce was terribly bland, too sweet and too sour at the same time. Also, they used way too much celery. I was very disappointed and felt like I wasted my time and money. I felt this place was WAAAY to over-prized for what they offer. And I didn't feel that it tasted authentic or refreshing like Vietnamese food usually tastes.  The menu was just the same as in Lang Van. I did see Asian people in the restaurant. So, it must be somewhat decent. The food doesn't have a \""restaurant feel\"", but more an \""American-Asian fast food feel\"".They should restructure the portions and prizing.   I will never return.",,
0,"This review is based on the fact that it's in Vegas.  My group wanted to go here for lunch.  They wanted a light lunch before the buffet we were planning to have later that day.  So Sonics was agreed upon (with them.)\n\nI was hesitant to go to a Sonics when we were at Vegas.  We could get this anywhere, anytime, so why now?  But I agreed, we needed a light lunch and why not have it cheap while at it.\n\nUnfortunately, it wasn't too cheap.  You can't just get one of their $1 burgers cuz they're tiny and you'll still be starving afterwards.  So I got the large chili cheese fries to split also.\n\nThe burgers... sucked.  Even for a dollar, they sucked.  Badly.  The chili cheese fries... WAYYYYYYYYYYYYYY overly salty.  Like, I was tempted to drench it in ketchup to dilute the salt.  Horrible.  Don't go to Vegas for fast food, if you do, don't go here.  There's an In N Out a few miles away...",,
4,"Fabulous! I cannot say how wonderful this little place was.\n\nTucked away in the heart of downtown Phoenix, the Squash Blossom is a little sleepy cafe that serves breakfast and lunch and as of October liquor as well. In the same corridor as the Irish Pub, Squash Blossom has the most simplistic decor and it's just right. Canopies outside shade diners from the AZ sun and for me, the rare AZ rain. \nI order the Turkey BLT with sweet potato fries. My intern ordered the Backyard Bacon Blue Burger with a veggie patty replacement. They were very cooperative with replacing the patty and each our plates came with the most delicious chocolate chip cookie that was oh so very soft and moist.\n\nThe waitress was very nice and attentive. The patio had a small troff of garden veggies outside so you know this place values sustainability. My co-worker ordered the spinach salad to go and when we brought it to her she inhaled it so I think the whole menu is good to go. I cannot wait to go back!",,
4,"I've never met a chile relleno I didn't like, and the one at Taqueria Canonita was especially creative and interesting.  The vegetarian entrees at most Mexican restaurants can be dull, but not here.  \n\nMy boyfriend and I ordered the chile relleno, served with roasted vegetables and jicama salad, and the wild mushroom enchiladas served with borracho beans and rice.  The chile relleno was stuffed with a mixture of dried fruit, almonds, and cheese, and the contrast between sweet and savory was a party in my mouth.  The salad was light and the orange dressing was a refreshing surprise.  The enchiladas were drenched with a velvety poblano sauce, and combined with the mushrooms, the enchiladas just slid down my throat.  The borracho beans were a smoky kidney beans with a hint of chili powder.  Oh, and don't skip the chips and fire roasted salsa; it's so good that you'll want to drink it straight from the bowl.\n\nFor dessert, we shared the Ancho Brownie, garnished with pepita ice cream.  This ancho infused brownie was ooey, gooey, and very fudgy. \n\nThe ambiance is nice for people watching, and the restaurant's location next to the canal gives the illusion that you are dining outside.  It can be a bit noisy, but all in all, I'd eat here again.",,
3,"Cute, quaint coffeehouse with delicious sandwiches, amazing yogurt concoctions.  Their sandwiches are stacked high and with the best cuts of meat and vegetables and what not.  They make different sandwiches and menu items daily. \n\nI happened upon this place after missing my bus stop one day, and oh boy, it's the best this side of town has to offer.  And the owner has been there every time I've stopped in and is so friendly and helpful.  It's rare to meet an owner who exceeds customer service expectations, but she does.  \n\nIf I lived on this side of town, and was independently wealthy, I'd go there every.single.day.\n\nIt's more business folks and affluent types here, so if you're looking for 20-somethings on their laptops, that's not really the type that frequents curbside.  \n\nOh, I've only had their chai lattes, so can't speak to how great the coffee is, but I will update this once I try the coffee.",,
2,Even though the place is almost empty there are still enough people to watch. I'm going to order the all you can eat pancakes. My wife ordered wings and a house salad. Apparently 7pm is the dinner hour for older Charlotteans. The front of the restaurant was almost full. Service was slow but there were only two servers Matt & Tiffany. Tracey was the night manager. We go there to hang out & kill a few hours so slow service doesn't matter really to us anymore. The thing I really hate is the way that the food is presented. It looks nothing like it does on the menu.,,
1,We ordered the Spinach Linguini (take out)... this dish was nothing but linguini and a few pieces of spinach and maybe 3 small pieces of chicken.  I'm appalled the cost ($13.95) of this dish considering it was only pasta.  The only reason this review gets two stars is because the flavor was decent.  This is our second time getting ripped off by Times Square! We were willing to give them a second try but regret it.  WE WILL NOT BE BACK!,,
2,"I'm trying to decide -- when it comes to pizza, am I a crust person or a topping person? If I am the latter, then I would say that the toppings we tried on three different pizzas were all good but could have been more plentiful. We especially liked the artichoke and olive pizza. Whatever exotic cheeses the chefs put on the pizzas are terrific but are just dotted on. I left the restaurant last night feeling crusty, which is to say I love the wood-fired, slightly burned, soft-on-the-inside crust. So much so that I almost finished off the crust left on my carb-watching daughter's plate. We'll see where things fall in the great crust/topping dilemma next time I visit.",,
4,Not a bad place to go for a little shopping. I found good deals here. Good customer service.,,
1,"We don't seem to exist here.  The service was horrible.  Sat at the bar right in front of the bartender who was too busy cleaning glasses to acknowledge us.  I'm usually rather patient about these types of things, as I know they have other tasks to accomplish, however, it was NOT busy at all and it wasn't like she didn't see us.  She just gave us the impression that she would get around to taking our order when she felt like it...which was certainly not any time soon.  It was awkwardly rude and strange behavior.  If I weren't new to the area (and my guest from out of town) I would have thought she was an old enemy from days gone by.",,
3,"I came here for lunch, and for $20 it was well worth it. They had a pretty good selection of food, and everything I had was great. Near the back, you will drool as you watch the cooks grill tasty meats. There was also the standard king crab legs and shrimp, even for lunch. A few things that stood out for me were the pot pies and the custom-made crepes. I think I'll have to come back here during dinner for round 2.",,
3,"You must come hungry! There are so many choices, so best to do walk thru first to see what is on offer. Nothing worse than piling lots of food on your plate you won't eat, then getting another plate to try other dishes.\nMy husband doesn't eat meat, gluten, and dairy, so the chef took him for a tour to show him the vegan dishes. So nice this is offered! \nThe dessert is also abundant, do a walk thru with this too. My favorite was the gelato, around 5-6 different flavors. Loved the vanilla bean and coffee. \nI'd come back to this buffet. For all that is offered the price is reasonable. Add $15 for unlimited sparking wine, wine, and beer. I didn't choose it, but it's nice they have that option!",,
4,My new favorite pho spot! So glad I discovered this a few weeks ago. I may never drive to Spring Mountain for pho again!\n\nThe pho is top notch with a very flavorful delicious broth and a pretty generous serving. I tried the Bun Bo Hue for the very first time anywhere and now I'm hooked. I usually get the Crispy Imperial Rolls to start off then a nice steaming bowl of one of their savory soups along with a nice Thai ice tea to finish things off. \n\nThe staff is very nice and friendly and are always very attentive. The restaurant is small but cozy and I've never had to wait for a seat so I can straight to the food! I definitely will be a regular here!,,
0,"Basically, do NOT live here. Management says they have no record of break-ins, yet I was the one who told them about 2 specifically, one being my own place. Horrible management, horrible noise, horrible neighbors. Yeah, the apartments are nice, but who cares about granite countertops when you can't even sleep at night?!",,
2,"visited Settebello yesterday for a to-go lunch order.  I went with the \""settebello\"" pizza ($13.50) - sausage, pancetta, mushrooms and pine nuts.  After ordering, walked down to Rocket Fizz to pick-up a few \""artisan\"" sodas.  Returned just in time to pick up pizza and go my way.\n\nI felt the pizza was undercooked - very slight charring on the top of the pizza crust,  The mozzarella was not melted, a boatload of pine nuts, yet very light on mushroom..  Still, the flavors were there - especially liked the sausage and the pancetta.  I'm hoping this is simply a \"" working out the kinks\"" situation yet I wonder since at the time I entered the restaurant, I only saw 3 customers - what happens when there are 30 customers ???\n\nI'll return",,
4,"We just love this place so much! Had another delicious bbq meal yesterday. We seem to have our favorites now. He always gets a huge brisket sandwich and the green chili stew, and I always get the half sausage, new potatoes, and cream of corn. *drool* \n\nOh! We also just found out they give military discounts for active or retired!\n\nService - excellent, food - wonderful, atmosphere - fun! This has become one of our favorite places.",,
1,"Feast for the eyes, this old bank building is a cornucopia of mixed materials from glass to wood to concrete to steel to block to brick and astroturf. Dining a mixed bag, but you're sure to SEE something you like. [blink]\n\n--best seat in thehouse is the corner by the fire\n--bacchi (sp?) Ball court just like home vig location\n--hip urban feel which is difficult to find downtown.\n\n--great service, attentive and super friendly.\n--she even caught the bartender (it was hard to miss) shaking the shit out of my martini, stopped him and made him start over.\n\n--rib eye fatty, not trimmed, and in pieces. Horrible cut.\n--spinach puree very interesting, but doesn't work as presented. (Wants to surround the dish, not be shuffled off on the side)\n--so too go the potatoes. Gratin slightly burned and wants to be as elegant as the architectural lines of the building. Redesign this plate!\n--burger, although ordered medium, arrived charred but RAW!!\n--onion rings nothing to write home about.\n--banana bread pudding rich enough to serve 4. split it, or\n--hot fudge sundae. NICE!\n\nnot many places in town which are Hipster, Trendy, Romantic, Casual AND Classy. Nice hang out.",,
2,"Decent airport, large, clean and seems to have a lot of decent restaurant options. We loved Blanco in the A-gate area!\n\nI've been here 3 times now - first time was a quick run through, second was a disaster in which I almost missed my flight because of crowds and confusion about which terminal to be in and this time was relatively nice cuz of the great restaurant.. The subsequent hour plus flight delay doesn't appear to be the fault of the airport, but more the fault of US Air, which I am quickly developing a healthy hatred for.",,
0,"Papa John himself would be disappointed in the level of quality in the pizza's (3) that I received on 08/03/2013. I placed an order online from the 1010 E Desert Inn Rd. location for the special that they had for 3 medium/ 3 topping pizza's thinking that I will do something special for my wife, since she didn't eat anything at work. This was my first time I ever ate Papa John's. Everything was great when ordering and the delivery driver calling to let me know that she is 10 minutes away. When she arrive at our hotel at 7:20PM, I gave her a tip and accepted the pizza's without ever looking at them. As soon as I sat down with my wife in our hotel room, we looked at the pizza's and it looked like the pizza's were cold (cheese getting firm as if it were sitting out long). I called the Papa John's location and spoke with the manager around 7:30PM. He had offered to get new ones sent. I called back at 7:42PM asking the manager if we should give the old pizza's back to the driver that is coming to drop of the new pizza's, he then said that we didn't need to. So my wife and I were so hungry and waited for the pizza's to arrive. We had the opportunity to stare at the cold pizza's and realized how skimpy the toppings were and one of the pizza's looked burnt on the bottom. One pizza for example, had anchovies, chicken and onions. We couldn't even see the chicken and onions, so it looked like an anchovy pizza. I had time to take nice pictures of them. I called the Papa John's location again around 8:32PM. I was so upset that we haven't received the pizza's yet. They said that the driver went to the wrong address and should be there shortly and that the pizza's were piping hot out of the oven. I doubt that they were piping hot, especially arriving late. At 8:44PM, the driver called me and said that he was outside the hotel. I told him to send the pizza's back because it was late already, one hour and 14 minutes later from the time that I called at 7:30PM to get the replacement pizza's. I filled out a feedback form online at the Papa John's website the same night. It is already 08/07/13 and I still haven't received a call from who ever it may concern. I am sorry, but the way that Papa John talks about his business is different from what I experienced. The quality presented by his employee's do not match up to what his values are. I can't say that there were better ingredients if there were hardly any topping on the pizza's.",,
3,I totally agree with these positive reviews- old school Vegas style that us locals sometimes forget. It warm and inviting. And live music-- ya just never know who you'll bump into. And just wanted to suggest the pizza for tasty takeout-- far better than one of the pizza chains! Still quick and much better variety of toppings that are fresh not canned. And they love garlic like I LOVE garlic!! Yum mm my!,,
4,"This place is very spacious and the price is very reasonable. I like this storage place, because it's nearby and has easy access whenever I need it.",,
4,The best homemade Filipino food  since grandmas. The staff was so friendly it's been years since I've had that kind of food so they helped me order which was so helpful .,,
4,Lobster bisque was delicious\nLobster Salad was SUPERB\nCrab cakes were AWESOME\nSeabass was so buttery\nFilet was wonderful\nTuna tartar was fresh\nService was excellent\n\nTheres a private wine cellar room for private dining. Romantic and really cute spot.\n\nIm def returning for the food!,,
3,"Before you ask what I was smoking when I gave this Friday's 4 Stars, hear me out.\n\nI came in here for a late dinner during the week. Probably around 9PM.  It wasn't too crowded and we got to sit down right away.\n\nThe service was slow, I think they were probably spread thin. But our waiter was very friendly and other servers seem to help each other out.\n\nThe food was pretty tasty,(I may have been hungry), but never the less I thoroughly enjoyed my Jack Daniels Steak and Shrimp Dinner.\n\nIt did take a while for our food to come out which was surprising since there were not a lot of people in the restaurant, but I have no idea what the kitchen size/situation is for that place.",,
1,"the food is great, almost always. However, the customer service is horrid, and has been for the past two years. I lived in Chicago previously, and frequented the PF Changs there. The wait staff's attentiveness at that location, which is 100 times busier, was much better. For the price, PF Changs should hire some better wait staff. It has turned us off of one of our favorite restaurants.",,
3,"As you enter, the pungent odor of the BBQ smoke greets your nose. Most of the customers seem to be local regulars who come for takeout. A few simple booths and a small dining room, walk up ordering, not fancy in the least but great BBQ. We had the sample platter for 4 plus a rack of St. Louis Ribs, sides of hushpuppies fried okra and greens. The okra was our favorite. The ribs were great, as was the pulled pork. The chicken was good but not outstanding. Give it a try for a totally off the strip authentic experience.",,
1,Really good tacos.\nGeneric beer selection.\nHad a slow/rude/lazy Bartender.,,
1,"Arrving at Sky Harbor at 1AM was not the issue (it was empty), but my departure back home was almost a complete wreck.\n\nSo apparently this weekend, Nascar (among 1,000 other things) was in town.  I had a 12:40AM to ATL Monday morning.  Leaving Hohokam Park around 9PM (about 6-7 miles from SH), I didn't get to the f'n car rental center (a whole different story) until 10:30.  \n\nWho's genius idea was it to close the airport exit and re-direct traffic from a 4 lane to a one-lane bottleneck into the airport?  That could have been the dumbest, most inefficient thing I have seen since DC shut the interstate near RFK.  Traffic was unbelievable.  And I didn't realize it took another 15 minutes to get to the car rental \""center\"".\n\nAfter finally getting to the terminal, check in was slow, considering the amount of people they should have been expecting (they had red-eyes going to CHI, JFK, and ATL, amongst other places).  Getting to security was ridiculous- I would have rather gotten a handy from TSA then the circus they were running.  Apparently, waving my sunscreen in the air \""who's is this?\""  I should have told them it was my buttplug.   I told them, they said I could check it, but I couldn't let it go.  Cya, sunscreen.  \n\nAnother fascinating aspect was I had my cough syrup, hand sanitizer, and my lighter on me.  They could care less about the lighter.  The hand-gel - gone.  And my syrup, they made me take my stuff, and open it, they were testing it for God-only-knows. They didn't care about checking my ID to make sure the contents were mine though, just to make sure it wasn't on their list?  Is that not ass-backwards?\n\nFinally getting through, there wasn't shit open to eat or shop, a big no-no for people trying to get the hell home- I mean after taking 2 hours to go 6 miles that gets you hungry!\n\nThe actual airport itself was dated in some parts, but it was clean, its only saving grace.\n\nIMO, this place has a long ways to go to be a well oiled machine, which is a huge disappoinment being a gateway to the west.",,
0,It took 7 minutes to even greet us at the table. All the servers and hospos were up at the front looking at us while we were looking around for a server. To make matters worse during this 7 minutes the manager was check in with all the tables to see how everything was going and skipped our table completely.,,
4,"Great old fashioned breakfast, nothing fancy just good ol' stick to your ribs grub. Good people working there to... I'm a regular now for sure.",,
0,"I hate to say it but I agree with the other users.  The cupcakes we received from a groupon were very bland, small, and not up to par with grocery store cakes or cupcakes.",,
1,Slow disorganized service. Food is ok but nothing special. Our fries were soggy like they had sat under a heat lamp for hours. The tuna melt was dry and the eggs and sausage were dry and bland. Will not return.,,
3,"This place is tiny.  Don't expect to eat in often.  There's only 6 flavors available and that's really the only issue with this place.  The fruit and dried toppings were good.  I played it safe with Passion Fruit and loved it.  Throw some kiwi, strawberries, pineapple, and gummi bears, I was set.  \n\nI'd give this place another shot for another star.  Hopefully they'll change their flavors up often.",,
1,We were hungry while waiting for our flight so we decided to give Pwi Wei a try. We ordered the Mandarin Kung Pao Chicken and Mongolian Steak. The food is extremely salty and greasy.  The only good thing about this place is it's made-to-order so you know the food the food hasn't been sitting there for hours.,,
1,"First let me start by saying I found Nathalie's by browsing groupon.Prior to purchasing the groupon I called to verify the detail and ensure it covered what I needed (grooming of a lab), I was told yes and set up an appt for the next day. Upon arrival I was told it does NOT cover the cut of a lab and I would incur an extra fee, I was slightly irritated since I had already spoken to someone prior to my purchase but I said ok and asked how much... The response was \""I didn't know you had a groupon, I'm not sure, I'll let you know\"" I didn't like it being left open ended but thought it couldn't be more than $10-20 and I would still be getting a good deal so it's fine and I left her. Let me also add here that prior to leaving and when filling out my paperwork I alerted them my lab is older and her hips are bad to please be careful. A few hours later we came back to pick her up, I was told I needed to pay $35 more for the cut and because they had to hold her up to shave her. That's literally double the cost of the groupon I purchased! Also, my lab is old but she can stand and I have NEVER had a problem or been charged extra for grooming her bc of her age. We were told the normal price for a groom of a lab was $65 (we would be paying $70) and to consider it as getting the spa package for free which was actually supposed to already have been a part of the groupon I had purchased. I asked to speak with the groomer bc I was not paying an extra $35... I agreed to pay extra for the cut but I refused to pay double, I was told she had no idea I had a groupon (not sure why that even matters, a groom is a groom regardless of the payment) no idea it was a lab, or that she was older. I clearly stated a lab when I made my appt, I also let Nathalie know about her hips when I signed her in. The groomer finally agreed and said I did not have to pay the extra $35 but I'm still in awe of the extra money they tried to get out of us. They should not run a groupon if you can't afford to take the loss on money to gain new clients, I felt scammed. I also have to add the job was not done well... After this \""spa package\"" and bath she came home with goop still in her eye, she had some kind of gross something on her tail, and there were several areas of long hair left that was uncut. Nathalie was nice in greeting us, but the groomer was awful and I don't think we will be back...",,
3,For $6.00 you get a great car wash that includes someone to hand dry your vechile. It also includes free vacuum use and they literally have 20 covered vacuum stations. They also have a floor mat cleaning machine that you put the mat in and it comes out pretty clean. All included for the price of the wash. Don't forget to get the frequent wash card. Buy 9 washes and the 10th wash is free!,,
1,"Well I went here last week and the sign said Wok N Grill but since their website says \""Stix\"" and this is the same address, I guess maybe I got it wrong.  Just a heads up, you may see this place named Wok N Grill somewhere down the road.\n\nSo we walked in and the menu is insane.  There is way too much and far too many pictures of the food for anyone to make a reasonable decision.  So I asked the guy \""what's good\"" to which he replied \""besides everything?\""  Oh har har - aren't you clever.  Now I'm pissed at you.  So after trying to drag an answer out of him, I told him I wanted spicy and he suggested boring Kung Pao Chicken.  I took his advice which, now, makes me more mad at him because it really wasn't good.  It was a giant plate of 10000 peanuts, 10 stalks of celery, and some giant mutant chicken.  Was there value for the meal? Sure.  Was it good enough to justify ever eating that much of it?  Absolutely not!  It was decently spicy but, more so, it was just hot.  Like - I stuck this in the microwave for 10 minutes kind of hot.  \n\nLet's just say, I won't be back here.  The staff was unhelpful and the food was insane.  You can usually tell if a place doesn't have good food because they give you a ton of it.  This is one of those places.",,
3,"Great Service, Great Burgers minus the fries :) oh and Animal Style, at a Great Price!!!  They take pride in their food and customer service and it shows.",,
2,"I was here today for lunch. Our waitress was brand new and so we had to be a little patient, but she was very friendly and will catch on quickly. That said, I have no complaints about the service, but the food was not anything to write home about. I've eaten here a few times in the past, and I recommend going with one of their top sellers (noted on the menu) - they seem to be top sellers for a reason. Deviating from those doesn't pay off. But they do have outdoor seating, and it is a great place for people watching!",,
2,"For $2 a ride, it's a cheap way to see the Strip and the people on it are a mixed crowd.  There was a combination of couples, families, and flat out drunk crazy people.  I really feel sorry for the bus drivers that have to deal with these weird people.  It took about 45 minutes from the front of Paris to  Fremont Street.  The ride is really slow because there are so many stops and traffic get so slow on the Strip.  If you're not in a rush, the Deuce is the way to go.",,
3,I have never had Indian food so I can't say it is as good as it gets.  I did get the pleasure of eating lunch and sampling the buffet.  I tried many different items and they all were so good.  I love how the sauces (gravies)? are so complex and there are so many different flavors going on at once.  The iced tea was really good too.  I will love coming to visit this place again.  So yum!,,
2,Not the best sushi but the prices are reasonable.,,
4,"Although I have been dining here for years and am sure have written a review, I feel compelled to add another after last night's New Years Eve dinner.   We usually avoid holiday dinners out as the restaurants usually cannot handle the increases numbers.   Not so here!   The food was superb, service more than acceptable and a bargain to boot!",,
0,"Reserved through Orbitz with a debit card and picked up with a credit card because of their debit card policies. Their system was down so they did everything manually, approved it and I was on my way. I returned the car three days later and their computers are STILL down. They receive the car and hand write me a bill saying the card that I gave them would be charged.\n\n The next day I look at my statements and the card I gave them has been charged. I look at my bank statement and they've also charged me a deposit for a rental on my debit card, the day after I returned the car! I called them to get it straightened out because i figure it's simple human error because of their systems being down and that they can just drop the charge on my visa. \n\n I call them and they insist that i'm mistaken and I must have given them a visa. They look at the imprint of the card and go figure; it's the AMEX I paid for the rental with. Too bad though, they charged my debit card for it and they claim they can't do anything about it now (even though it's still pending). They also have a charge on my AMEX, so I don't have access to those funds either. The thing is; I never presented them my visa and they don't have a swipe, imprint or record of it other than via Orbitz. \n\n The people at the counter both times were great, but the manager Albert was rude and seemed put out that I wanted him to look into this. He had someone else call me back, presumably because he didn't want to admit his mistake, and essentially tell me to call their billing department on Monday to have them charge the Amex for the final bill and they'll refund  the other card in 5-7 days.\n\nPS: the convertible I rented was beaten into the ground. Big dents all over it. Sort of took away from the feeling of renting a flashy car when it was so beat up.",,
4,"The Creme de la Creme of Vegas buffets priced around $20!\n\ni like how the main dishes are served ala cart, tapas style.   Quality cuts of various meats: chicken, lamb, pork, and beef.    The trick to enjoying Wicked Spoon is to try a little of Everything.  \n\nSetting is very trendy.  Water is even served in stylish glass bottles (you feel like you paid for it!)  \n\nI'm cutting this review short because I overate and now have a serious case of food coma.",,
0,"Paid to see the 4th of July fireworks in the observation deck of the Tower. It was the absolute worse experience ever!! Prices were $28 per person, it was crowded, hot, no view of anything and the worst singers/performance they could hire.  So bad that the overhead speakers kept going out and all you heard was very loud static.  It got so bad that everyone was chanting \""turn it off, turn it off\""! Save your money and don't go here. You can see it free from the sidewalk!",,
2,"If you want trendy atmosphere and good food and are willing to pay the extra and dress up a little for it, this is a great place. I had the green curry \""Thai hot\"", meaning the heat level was maximum, and my wife had pad thai. The pad thai was delicious, the best i have had outside of Thailand. The green curry was just so-so - maybe i killed it by ordering it too hot - it turned out red color instead of green, and the flavors became obscured by the heat. We also shared a bowl of Tom Yum soup which was good - a little too sweet, but otherwise had a lot of good flavors in it, the simple sugar in it almost killed it though. I doubt we will be back soon.",,
3,"Great show tonight, open mic night.  Lots of good aspiring comedians (some better than others) but overall a good show. Great prices on drinks, and they are mixed strong. Free admission so that makes it totally worth a night out.",,
2,It has been a while since my last trip to Eat and I had high hopes it would meet or exceed my last experience.  I saw the new menu and was salivating over a shrimp po boy so I went.  I must say this was my most disappointing visit yet.  Where to begin. 1) The caesar salad was overly fishy tasting and my wife coouldn't even finish it.  2) The Shrimp Po Boy was extremely messy and difficult to eat without everything spilling off the ciabatta.  The shrimp were overcooked and tough. 3) The beignette's were more like grease balls.\n\nI still like this place but I think I am going to stick to breakfast which seems to be much more consistent and worthy of top marks.,,
1,"The food here is SOOOOOOO much better than the nearby State cafeteria.  In fact, the cafeteria failed inspection a bunch of times until it finally was closed for a few days last year to clean up. \n\nOld Station lunch is decent and filling; about equivalent to Subway. I don't get all the rave reviews. I've worked near the capitol for over ten years and only choose Old Station if I'm very hungry and don't feel like driving.",,
0,"Terrible, terrible service!\n\nWe dined at Center Cut Steakhouse with a group of 25 this past weekend.  The waiters were so incredibly rude it was appalling.  First, our group was separated into two different tables in two different rooms with the doors open.  When we asked if we could have a separate check for each table, the waiter just looked at us and said \""No\"" and walked away without an apology or an explanation.  When I ordered a Caesar salad (which, by the way was a piece of lettuce with dressing, a cracker, one cherry tomato and an anchovy for $13), the waiter said, with disgust, \""that's it?\"" which I found to be insulting.  My husband ordered a prime rib for $37, which tasted average, and was literally a slab of meat on an otherwise empty plate.  The man who poured our water and delivered the bread to the table showed the only ounce of kindness out of anyone in the restaurant.  \n\nSince gratuity was included, we were forced to pay two individuals who treated us with absolute disrespect over $400 in gratuity.  I would not recommend this restaurant to anyone.",,
2,"Everything you'd expect from a high end casino's buffet: Huge selection, decent quality foods, and overpriced admission.  I'm not saying that it was a bad experience; On the contrary, I enjoyed my visit.  But to me, in the end the food doesn't justify the price.  I'll elaborate.\n\nAs I mentioned, the food selection is quite extensive and diverse.  It seems every major nationality and ethnicity is represented somewhere in the buffet.  I'll use my gluttony as an example: My first plate consisted of asian-style stir fry and meats, with rice and an Asian soup.  My second plate was build-it-yourself tacos, with middle eastern style doughy stuff and meats.  My third plate was typical American, steak and trip-tip with potatoes and corn. The dessert section is fairly large too- lots of gelatos, cakes, and other sweet treats.  Overall, most of the food quality would range between very good to excellent.\n\nNow, even though the buffet is tasty and diverse, I still have a few negatives I can't quite get over:\nPrice- The buffet is great, but it's quality isn't much different from other buffets on the strip.  For example, the quality equals that of Planet Hollywood's buffet, and PH comes in at around $10 cheaper per person, with a shorter wait time. Which leads me to my next point...\nService- If you come during meal times, you're going to wait.  Unless you're a VIP, you wait to pay and wait again to be seated.  From the time we got in line until we got seated took about 40 minutes, which is kind of crazy for a lunch.  And after you're seated, if you're thirsty you are at the mercy of a server and must wait for beverages and refills. Which in our experience, was very lacking and slow. I went through two plates of food with an empty drink, and only received a refill when I flagged down a different passing server. \n\nSo in conclusion, the food was very good and the selection was great.  The price was steep and the service lackluster.  Next time I do a Vegas buffet, I'll probably try somewhere else where the cost is a bit more in line with the value.",,
3,"Grimaldi's is my alternative choice for pizza if we did not make it to LGO. I have been to this location a few times in the past year, the pizza has been consistently delicious, thin pizzas with the only things you wanted. I like their concept of 'build your own pizza from size, cheese and toppings\"". I always have my pizza with Italian sausages, mushrooms and sun dried tomatoes. Hmmm....\n\nService was great, and their waiting timer is a cute slice of pizza. I'd give 5 stars if their seating can be rearranged, I think it's a bit too crowded right now...",,
2,"First thank you to Yelp, Gabi and Sol Y Sombra for the gift card it made me go back and visit a lot quicker. I love the decor here! The booths are so comfy, you may never want to leave and that could be very dangerous here! Unfortunately I am with the minority on this one after this visit. I wanted to make it here for brunch but that didn't happen so dinner it was. There wasn't too many other parties it was pretty empty in there when we arrived. Off season and no Sommelier this day. We sat inside first and ordered some Peroni (am I the only one who finds an Italian beer here a little weird?) to drink. Some tomato bread which the server promptly corrected me \""You mean Pan con Tomate?!? Yes I wont touch that one. Then the Tortilla Espanola I tried those at the OYE already and they were delicous I would probably come here just for those!\n\nNow we had forgotten there was happy hour and were told it was only on the patio or at the bar, we thought it was a tad odd considering the place was so empty. So we decided we'd like to move out on the patio mind you HH was almost over. So the waitress tells us that we would have to close out the bill then move outside where she would be our server again. Huh?? The hub asked what he thought was a manager if it would be a problem he was just a waiter and told us \""Yes that will be a problem\"" so after a lot of looking at each other like WTF our waitress finally gets the manager please forgive me I am so bad w names people. He came over and told us we didnt have to move if we wanted that we could order off the HH menu. Thank you! At that time we decided to move outside anyway for the view, they helped move all our stuff over after that dilemma everything went pretty smoothly.\n\nWe continued with the soft lettuce it was really good the almonds were awesome but I cant say anything special about the sauce unfortunately. Next came the calamari def worth trying its a good size portion and worth every penny. The shrimp I will probably pass on next time they were ok not worth 4 for $16 eh I did not think they were that special tasting but they were big. Then there was the piquillo pepper it was stuffed with tuna I was expecting raw tuna or something not canned, it wasn't spicy at all. Think tuna salad but there was capers instead of pickles it wasnt anything special go for something else or I'd suggest it for lunch more than anything. We did not have any dessert nothing really appealed to us on the menu so we just ordered another round of drinks the mojito I had for desert was ok as well.\n\nThis place reminds me of the Scottsdale stereo type where I was not blown away by the food and the normal overpriced drinks I can see this being a neutral watering hole where the cougar and trout come out of their lairs to play simultaneously during the cooler months. I did not see anyone dressed up so I am guessing thats more of a night thing. Overall this experience was 2 stars the ambiance and the drinks get one more. Super Strong drinks here and with the possibility that I ordered the wrong things this time I will be back to try more stuff and figure out what I like. I want to give more stars I really really do,  hopefully things wont be too confusing next time.",,
4,I love chicken and waffles. That is the best idea anybody ever had. I think Lo-Lo's is the best. Even better than that famous place in California. This was my first time at the Phoenix location. I have been to the Scottsdale location a few time. I don't know which one I like better. They are both great. The Phoenix one does have a very nice outdoor seating are. They have a big green outdoor couch that is very comfy. Great to hang out on while you wait for your table.\nI was there for the 4th meeting of the UYE Breakfast Club. Always a good time with great people. I know they have other things on the menu but how do you get by the chicken and waffles. One day I might have to go twice in one day so I can try something else. I ordered the 2 drumsticks and a waffle. #10. It was awesome of course. Don't forget the jar of Kool Aid. Yum. So good. Great service too. Everyone is always really nice. This is the place where I first tried grits. I have heard people complain about grits in general but these were great. Add a little honey and they are almost perfect. Maybe some cinnamon would put them over the top. This one of those places where the food is so good you can't stop eating even though you are full.\nThe place was very clean and the pictures on the wall are great. This is one of my favorite places and I will be back to this location or the Scottsdale one over and over again.,,
3,"Before the word \""Staycation\"" was chic and cool, we would take weekends off and stay here.  We enjoy Paris for the following reasons:\n\n- It's location in the center of the Strip.  You can easily access many of the other Strip properties from here.\n\n- The view of the Bellagio Fountains.  As I described in another review, we love the Fountains @ the Bellagio.  You can request a room with a Strip/Fountain view and if you're lucky enough to get it, you'll be treated to a wonderful scene.\nhttp://www.yelp.com/biz/fountains-of-bellagio-las-vegas#hrid:5mSBxtxJXkCKC2b1hRys8A\n\n- Monorail station.  The monorail station stops at Bally's, which is next door to Paris and easily accessed.  I'm a fan of the Monorail, so it's always a bonus to be near a station.\n\n- Decent food selection.  One of our favorite restaurants in the Eiffel Tower Restaurant.  While we don't eat here often, we make it a point to do so if we have a weekend getaway here @ Paris.  The Buffet is ok and the Italian joint is pretty good too.  A little something for everyone.\n\nOverall, we always have a pleasant experience here.\n\nWill I return?  You can count on it.",,
4,"Soft, made to order bagels. Great low-fat smoothies. Staff is always nice and patient with my gazillion order changes. There's so many great choices! They also have texting sign-ups and I get free coffee and bagels with my orders all the time.",,
2,"I'm not a huge fan of clubs, and this is no exception - I am a fan of hot broads in various states of undress, and this place has it in spades, but I hardly rank among the elite that could actually afford one here - read on and I'll show you what I mean.\n\nMe and my buddies were in Vegas for a long weekend and a buddy from LA had a friend (keep up) who got a table here, complete with bottle service.  My advice to any guy going to a club in Vegas, you NEED a table, otherwise you will be standing at the bar looking like a complete ZERO getting poked with side yabs and percodan hardons from various blowjobs and douchebags. \n\nArriving at the Venetian, standing atop the grand staircase outside the hallowed gateway into Tao, my buddy spent the first ten minutes on the phone w/our connection inside. The line was ridiculous (there were several lines, like trying to merge into the Lincoln Tunnel, lines for the haves and have nots), and we still had to grease our way in - again, we are dudes in Vegas, it is to be expected (and worth it to skip being swallowed up in the mass of would be clubgoers, waiting and waiting, babbling on their cell phones, baying like madmen in the DUCHESS OF MALFI). \n\nOnce inside, you are jostled through the entry tunnel, lined with bathtubs full of rose petals, through the bar area, and up another flight of stairs into the club proper.  The dance floor is ebbing and flowing like a turbulant sea, lights flashing overhead like heat lightening, and there are people EVERYWHERE.  At this point you've just wrecked your perfactly sculptured hair and wrinkled your pressed shirt as you are squeezing through the sweaty throng of nobodies who were either too cheap or too stupid to get a table, as you step on feet looking for a way out of this and saying, \""imagine if we didn't have a table, fuck this!\""\n\nWhen we finally got to our table, it was time to take a well deserved breath of relief and watch as the hot server, done up like a sex slave, pours out the vodka.  Other people with tables included some strange eurotrash dude that resembled a more junked out version of Keith Richards (if you can imagine that!) wearing a crushed black velvet tux with red silk shirt underneath, engaged in a very involved conversation with a hot piece of ass that was no doubt a RENTAL.  Again, dudes, be prepared to spend great boatloads of money to impress the broads here.  It takes more than a good line, you will actually need to LAY OUT the line of coke on the American Express Black to even get one of these harpies to raise an eyebrow.  \n\nAll in all, it was like a night spent in the Temple of Doom, minus the annoying lady that was sleeping with the director singing ANYTHING GOES in Chinese.",,
3,"We stay at the Artisan at least once a year just to do something outside of the house....love the decor in the lobby (various well-known paintings) and the bar (a multitude of mirrors all different sizes and shapes cover the ceiling).  Each room is themed with a different artist's paintings.  If you prefer the huge rooms of the Venetian or Ceasar's, this is not the place for you - it's guest rooms are standard hotel size, but it's the decor that sets them apart.  Also, if you'd like a suite to have a few friends over for a laid back get-together, the Artisan does have a smallish, similarly decorated suite with a pool table available for half the cost of the huge suites on the Strip.  I also remember the music out by the pool being particularly good - despite the pool being kinda between overpasses, they did a nice job with it and the cabanas.  Oh!  And the food in the restaurant was great!  The only negatives I can possibly think of would be room size and that you HAVE to valet park.",,
1,"I'm currently renting with this company and my agent is Heather, and so far I am very disappointed. I have been already living in my new condo almost a month and I'm still waiting for things to be fixed. Heather has been rude to me most of the times I have called her to check the status on my work orders that have been taking forever and it seems like I am always irrupting her and bothering when I call her. The HOA office for Blackhorse condos is a joke as well, another rude company. After this I don't think I'll re-new my lease here.",,
1,"I went there once for Trivia.  I found their drinks to be watered down and quite expensive.  My wife and I ordered some apps as well, and I was not impressed at all.  I don't see what all the hype is about.",,
2,"egg rolls were good but dang, they are pricy for the same food we get here in Los Angeles",,
4,"Levi Hatch from the Neilsen Law group helped me develop the documentation to present to the IRS to reverse a significant audit claim on my 2012 tax report. The documentation was efficiently developed, and presented to the court system, resulting in a signed and approved stipulated court order.  This has been forwarded to the IRS, and is under reconsideration as I type this.  Wish me luck.  Back to the subject at hand - Neilsen Law Group - Tracy, Chevis, and Levi made me feel comfortable and confident on a very \""messy\"" situation (dealing with the IRS).  I really appreciated their hard work, and would recumbent the NLG to anyone.",,
2,"Apparently, this place is only hot when a game is on.  I came here on a Saturday night around 10:30pm and there were only 5 other patrons.  The place is huge, so it looked even more pathetic than it sounds.  \n\nI got the Kilt Lifter Scottish Ale, a locally brewed amber beer that was quite flavorful and not too bitter.  They have a good selection of beers on tap including imports and domestic.  I had already eaten dinner, so I didn't attempt to indulge in the Big Unit, but checked out the menu just for yuks.  Quite a variety of options and most meals seem to be named after a certain person.  Cute touch.  But no assignment of credit for who inspired the big unit...\n\nAll the staff here have black teardrops ala Alice Cooper.  Lots of guitars on the walls and three HUGE TV screens above the bar.  Outdoor seating and music blasting in and outside.\n\nThanks to Jim B. for the recommendation to come here.  It gave me conversation fodder :)",,
0,"Visited Eide's when I was working in Pittsburgh.  I collect mostly toys so I spent a lot of time downstairs.  Let's just say that there is a reason the cliche exists of the old, fat, balding assholes with ponytails.  The group that trolls the sales counter are a bunch of scumbags.  Went in to buy something that they were selling for a total of $107.00, and they told me that if I waited a week they were having a giant sale and I could get it as an even better deal.  So I rolled the dice and took the chance.  Low and behold, it was still there, I was very happy, but when I went to pay, the item had suddenly risen in price by almost $75.00.  You could still see the level of dust that was there from how long it was sitting on the shelf.  You could also see the sticker over the old one.  When I called them on their shit, they didn't know whether to shit or wind their watch.  A bunch of deceitful assholes.  I'm willing to bet that it's still sitting there.  The rest of the place and employees were nice enough, but the toys stooges were a bunch of basement dwelling fuck tards.",,
1,"I thought I liked this place, but after yesterday, I can say the food is mediocre. The cafe itself looks really nice and would lead you to believe it is expensive so of course the food had to be good....not today, might have just been the afternoon chefs at the time or something they normally do to all their food, but they use a lot of oil when they cook.\nI ordered the seared trout, and that thing was smothered with oil under, I had to keep drinking water, even the green beans that were on top were really oily. One of my friends had orderd some hash browns, although they came out extra crispy the way they like it, it was also drenched in oil. Onf of my friend's medium rare steak came out pretty damn well.\n\nBesides the food, service was good.",,
3,"I'm not much of a fashionista or even one to peruse much of the thrifty stores in town, but when found in Plaza on a Saturday, Hong Kong is a typical stop. The owner and all of the staff are very welcoming and always offer to help you find what you're looking for (if anything). \n\nThere's plenty of killer selections of plaid, vintage, odd graphic tees, boots, leather jackets, and 60's/70's decor/kitchen items. I saw some cups last time I visited and was tempted to pick them up for the simple and obvious 70's-style patterns. Pretty far out, maaaaan. \n\nI've picked up several t-shirts from here and love the wear on them. Found some great baseball henleys and a few kick-around shirts. Prices can vary depending on what kind of \""find\"" it is in the vintage world. \n\nAll around a cool spot and a destination if you're into the vintage scene in Crown Town.",,
2,"I was next door at Pinball so I dropped in to get some film. \n\nIt's been a while since I've picked up my Holgas, Lomos, Dianas, etc and it's not like I can get the film just anywhere. Prices are a bit inflated compared to other camera stores in town I've popped into for what I bought. \n\nI didn't look at traditional camera products, but I saw they had some lomo cameras so I wanted to see their pricing. Those at least weren't too unfairly priced, most were at retail. \n\nThe guy who helped me was nice, but a bit spacy. \n\nIt's not a bad stop for camera needs, but it's not a preferred spot for me.",,
1,"Seemed like she cut too much of my cuticles on the side of my fingers.  It almost seemed like she wasn't being careful and was rushing.  Maybe it was because I got there an hour before closing time.  The lady was really nice, no doubt but the quality of work just doesn't cut it for me.\n\nI've had better experience in other Nail Salons.  I just thought with the reviews I got from here, it would measure up.  This is a classic proof that we should always try out a place for ourselves before believing anything we read on any review sites.",,
0,"It was worst experience n the front desk name carman she was worst n she doesn't know the hotel rules & she was giving  me all wrong check inn hotel information & she was very loud n her tone wasn't good even hotel front desk manager Roland was rude & wasn't friendly he was saying if u want to stay or then we Dnt need customers we have lots of customer & I was very polite & just asking my baggage information & Roland made me waited for long & he didn't bother to help\nMe & I was also the customer of the hotel but the front desk manager Roland & Carmen this people tht Dnt knw how to treat the customer & when my wife told him tht you talk to customer like this n he said loud tone who are you to tell me & mind your business & if he wasn't at the front desk then I would have taken him out & show that idiot Roland what kind of person I am. He is shit worst person I ever met & my quad hotel stay was horrible & I promise I will never ever go to quad Las Vegas hotel & I will tell all my friends & family not to go.. I have stayed in balagio hotel & planet Hollywood their staff are excellent & well professional. the The quad hotel staff carman & the front desk manager Roland was worst n he was the unprofessional rude n he was not good with other customers even with me! N I stayed in 15156 & my name is abhishek this will make Roland know who the customer I am. Even they have messed up my baggage & my things like cloths & stuff was damaged, so please please Dnt stay at this hotel as per my experience & when anyone go & stay I'm sure you will face worst & horrible experience..",,
4,"I go to Gavin for my hair (cut and color)  and he'll work with you on what you want and make sure you like the outcome. He's done black, brown and blonde on my hair and puts up with my hair ADD as I tend to want to change it up a lot lol. Makes you feel comfortable and does a great job!",,
1,"This was our first time to this location of Del Frisco's.  The restaurant was empty (and its SAT night...hmm....) other than one table for two in which they seat us right next to that table......and by the back area where all of the servers hang out and talk LOUDLY.  The service was not great as the only other table that came in was a large party of 12 which they shifted tables and put them right next to us.  So, our server completely abandons us and goes to help them. (Why not one of the other 20 servers standing there talking?????)  I had to finally flag down someone to get our check!  Food was ok, nothing spectacular, just OK.  Too many other fabulous steak and seafood places to go to for the same price point such as Mastro's which I highly recommend.  MUCH better ambience and top notch service there at Mastros! Del Frisco is an outdated, stuffy feeling place and for what ever reason, it smells like the sewer in there but it may be just the old carpet.  DEFINITELY needs updating.  There are too many other great places in Vegas to go here again...not for us!",,
2,"Loved the place, terrible service. Sat at our table of six for 30 minutes before our server came, drinks took another 20. She messed a few orders up as well. And only saw her every 45 minutes or so. Food was decent. Great place to watch a game though and the indoor outdoor environment is awesome. We'll be back but hopefully with a different waitress!",,
4,"My husband and I visited L'express on our first day in Montreal for lunch. Upon entering this bistro, which is nestled on a beautiful street between many restaurants and clothing and furniture boutiques, we were instantly immersed in quintessential french aromas. Smells of, herbs like thyme, butter, and slowly braising meats and vegetables. It's a bustling busy restaurant that has a very warm and cozy atmosphere with a very friendly wait staff. \n\nWe ordered:\n\nHouse salad a blend of arugula and peppery greens topped with a simple light dressing a good starter. Delicious\n\nVegetable soup a tomato based soup with beef broth and lots of veggies, like quash, corn. Yum\n\nEntrees:\n\nCroque Monseiur fried buttery cheesy toast with ham. Delicious.\n\nBeef stuffed Ravioli. Over the top Delicious, I used my bread to sop up all the broth from my plate because it was so delicious and flavorful.\n\nAlso the restaurant has had the same menu for 30 years most of their dishes have been perfected, so don't offend and ask for substitutions. Everything looks and probably tastes delicious. People sitting next to us ordered egg salad, salmon, stewed mushrooms and liver over fries, steak and every dish looked scrumptious.",,
3,"I fly - a lot - and I have to say that Sky Harbor is one of the better airports in the country. It's one of the highest volume airports yet it's reasonably well organized. I've heard that about 75% of the air traffic flows through Terminal 4 (that's where US Air and SouthWest fly out of). \n\nIf you've going to fly out of Phoenix very often my advice would be to start using US Air or SouthWest because a) it's a hub for both of them and b) you'll have much better flight choices and c) because of the competition, the prices tend to be better. The other terminals, by comparison, are nearly deserted. Terminals 2 and 3 have very limited food choices. Terminal 4 has improved a lot in that regard. \n\nThere is a lot of parking available, both on site and off site. The off site parking, naturally, is cheaper but you have to wait for the buses to bring you to the terminal. Compared to other airports of comparable size the on site parking is not that expensive. If it's a business trip and you are getting reimbursed for the parking, just park on site and save yourself the hassle. Honestly, the best way to get in and out of Sky Harbor is not to drive at all but to use a transportation service. I'm not talking about Stupper-Shuttle - don't get me started on them - but a real sedan service that will drop you at the curb and meet you at the security gate when you arrive back home. \n\nIf you can, print your boarding pass at home rather than waiting in line at the airport. The airline clubs, in my view, are a waste of money. As another reviewer pointed out, the wi-fi access is now free at Sky Harbor. I used to belong to the US Air club but let it lapse. The snacks are not that good, they were charging for drinks. Unless you are regularly connecting through Phoenix how much time are you really going to spend in the airport? Now if you're connecting and have a long layover then it might be worthwhile but otherwise I'd skip it. \n\nI got a laptop stolen here once so a word about security. If you have a laptop computer, put it through the x-ray machine last and don't take your eye off it for a moment. Particularly if it's very busy.",,
0,"This is my last update. I am not satisfied at all. After playing telephone tag for two days, with a package delivery pending the next day, I physically went to the site and spoke with Adrian Maldonado. He backed his driver completely, but told me that the immediate supervisor would be with him when he delivered my package and that the driver would personally apologize to me.\n\nThe driver, who I now know is named Clark, didn't say a word until I asked him to apologize. I was told what a good driver he was for the past 15 years and that he would not be parking in handicapped spaces anymore and I had nothing to worry about in the future because he would do a good job. I had his bosses guarantee. When in response to the supervisor asking me if I was satisfied, I said, \""No, it was my understanding that Clark would be apologizing personally,\"" the supervisor tried to tell me that because he was the boss, I could be assured that Clark wouldn't do these things anymore. I again reiterated that this is not what I was told would happen. I then turned to Clark and explained to him directly why what he did was not cool.\n\nHis non apology was \""I'm sorry you feel that way.\"" \n\nSo some effort made, but not really changing my mind about how horrible this company is run locally. Still think Clark is an asshole who thinks this is all a joke. Why should he change. It is obvious his supervisors don't want to make him change and want to defend him. \n\nHowever, we are stuck with them for the moment because we have several items pending, but once our current situation changes, future efforts will be made to avoid UPS as much as possible. \n\nSupposedly competition was supposed to be good for the market, but now two companies dominate the delivery industry. FedEx is barely better. Competition, my ass. Big Brown's logo ought to be \""Logistics over customers!\""",,
3,"Looking for an inexpensive option Downtown before a show for a quick bite. This is the first place that came to mind. My friends wanted a little drinky poo before the show and my fella and I needed a snack. I ordered the garlic cheesy bread appetizer and he ordered the wings. My friends tried the nachos along with a mango hef that was on special. \n\nEveryone really enjoyed their food and drinks. Service was slow, but they were really crowded and our waitress always made the effort to get things to us quickly as possible. Best of all, our meal was cheap. Like really cheap. That made the meal all the better. \n\nI'll definitely be back when I'm in the area!",,
2,"I'm a bit ambivalent on Barcelona - an upscale LA/Miami style dance palace.  I've had great times dancing and enjoying the company I was with.  Only drank and danced here, but hear the restaurant is overpriced and not that great.  But for drinking and dancing it is a 3.5 stars.  The pretty people and their wannabes are in full effect - so it's not for everyone.\r\n\r\nIt might even be worth it for the spectacle of it all - both the massive size of the place, and for the comical people-watching.  It's good for some chuckles, at least!",,
1,"I think im done with Ghost Bar. This use to be my chill spot to take out of town visitors to impress them with the view, atmosphere and the mild party vibe. This last Friday i made list arrangements with a NEW promoter with the N9NE Group which i think is what F'ed me. My regular girl has been MIA for a while and so i needed to act fast and find somebody so i settled for this. Just myself with 3 girls on the list should not have been a problem. Had to do something new this time and check in at LA Tan in the palms (that was weird #1) as i never did this and was given a ticket that looked like i was going to see Shrek at the movies. Did the usual and got to the rope to find the Clipboard Master to drop a name and was told that these dumb ass tickets i got from La Tan still made me wait in line (weird #2) as why make previous arrangements to stand in line? So since im anti Disneyland lines i gave security a $50 shake and got passed that hurdle. Then when i got to the register... guess what i had to pay $25 to get in (weird #3). Im sorry but this has never happened in the past when dealing with the promoters ahead of time and making sure i kept their guy girl ratios in mind and favorable toward the girls obviously. So $75 bucks later im in Ghost Bar...and a little annoyed. \nFirst round of drinks i worked toward the outside bar to the left only to find out that they dont have Seagram's 7 for my 7&7... say WUT! Really? Your gonna charge me $15 for a drink and you cant even carry the basic essentials behind your bar... fine ill take a Maker's Mark and coke which was made horribly as i like to enjoy my drinks and this was WAY too strong. The second round was bought at the main bar where they had everything and made alright but the wait was retarded, as it would be way more efficient if they stocked the outdoor bars properly. \nBeside the negatives Ghost Bar still obviously remains to be a great view of the city with a decent DJ at times and an overall decent feel. But could be improved upon quite a bit to make the place worth spending the $15/ drink prices a more enjoyable experience. This was my last run to Ghost Bar since the issues at the door were slightly embarrassing and honestly ridiculous, i dont know if i have N9NE Group to thank for that or the actual bar/club but either way ill spend my money elsewhere where the service is more appreciative. I think Ghost Bar needs to take a step back and improve upon a few things but doubtful that will happen.",,
3,"The concept of this place is very simple. You come in, you sit down, you grab whatever you want to eat and each dish is color priced. The highest price I believe is 2.50. I got 5 plates of food and a drink and that ended up to be $7. That's it. Cheap sushi! Best of all, although the sushi isn't perfect, its pretty damn good for what you are paying for and the experience. It was simply delicious, i'm coming back!",,
4,"This is a hidden gem and I shouldn't be spreading the word! Traveling with my wife and two kids on a Saturday, we used the curbside drop off at the 44th st and Washington station. There was not another traveler in sight. We headed up to the second floor to us the early bag check and again no one in line. Checked our bags, flying Southwest, and headed to the train. It arrived in less then a minute and we were in terminal 4 in 10 minutes. Seriously this is the only way to go if you are flying out of terminal 4.",,
2,"Went there pre-Suns game last night to check it out. It is definitely a nice place to go before a game for some cocktails. The classic martini is only 5 bucks! Unfortunately, the service was very poor.  We ordered a bruschetta appetizer and two meals.   The meals came and the waitress came over to apologize that she forgot to put in the appetizer. She ended up bringing it when we were 2/3 done with our meal...so, obviously not craving or hungry for it.  Regardless, she still charged us despite admitting to her mistake.  This was annoying and our tip adjusted for this poor decision.  The food was ok- nothing special. I ordered the roast beef sandwich and it was quite bland.  I think I would have rather eaten a burger at hard rock before the game, but the drinks were good.",,
4,"I will give this LV a 5 star because of the great service I received from ALEJANDRO HERNANDEZ.  He was kind, helpful, and patient.  I went in there in my UCLA sweater and Nike Shox, but I knew what I wanted so I did not mind getting immediate attention like I do at the LV's in South Coast or Beverly Hills.  A particular chubby, hairy, sales girl walked right by me, and went to help a caucasian couple.  They made her pull out all kinds of handbags but they ended up buying NOTHING HA !!  Then sweetheart Alejandro came out and showed me a few handbags that I liked.  I was pleased with his service. I just wish that this Louis Vuitton store had more Alma MM handbags...",,
1,Very friendly staff but I honestly liked the poutine at Burger King better. It is VERY cheap to eat here I suppose but you get what you pay for. If you usually eat high quality all beef hotdogs you will not enjoy the bland mystery meat pink mess they sell. I am not jewish but I have a whole new respect for kosher hot dogs now. If you are only in montreal for a couple days maybe there is higher quality food you would prefer to eat. This stuff was not easy to digest.,,
4,Ok here I am again.....on really short notice and I was taken care of immediately!  So happy that this place is open late. Thank you Elaine and Vivian for all of the great customer service and nail artistry.,,
1,"First off, the food is not bad here, not great but would give it B+.\n\nThe problem is the noise level; it is horrific.  We sat in banquets by the kitchen and heard every order 3 times and every pan bang.  As if this is not enough noise, they play cheesy music soooo loud.",,
1,Terrible. Just Terrible. \n\nAwful service. Comically horrible band. Way too many TVs. Music too loud and dumb. \n\nSolid beer selection though,,
0,"This place is the rip off of all rip offs. My boyfriend and I decided to go there for lunch over the summer. We ordered drinks from the bar, ridiculously priced for a restaurant during the day, $9.50 for some mojitos? Come on. They weren't that good. \nNow we were starving when we arrived, I ordered the tilapia and asparagus and he order the meatloaf and potatoes. \nWe received our food and he dug in right away. I just sat and looked at mine. \n\n\""Fourteen dollars for this? How much was yours, eleven dollars?\"" \nMy boyfriend looks at my plate and could only say, \""That's it?\"" \n\nHe received a FULL plate of meatloaf and the other half of mashed potatoes. I had six stalks of asparagus and a piece of fish the size of a child's hand. That was it. \n\nI called the waiter over and asked him if all the fish were this size and he said he thought so and there was nothing wrong with my meal. I asked him if this was worth $14 to him and he said he thought so. I told him, \""I'm not from Scottsdale, I would like to see the manager.\"" \n\nThe manager walks over and proceeds to actually argue with me about the food saying that it is perfectly fine. I said, \""It may be fine, it may taste great, but I'm still going to be hungry after this $14 meal. I would at least like another piece of fish.\"" \nHe tells me for $6 he could get me one more piece of fish and I tell him I'm not paying that for another piece this size. \n\nAt this point my boyfriend is offering me his food, but that's not what I wanted. \n\nFinally I tell the manager just take it back, I'm sorry to see you toss that but you are doing nothing to satisfy this customer. He literally did nothing but argue with me. \n\nI wasn't trying to get a free meal, I just wanted to get what I was paying for. \n\nRude people, overpriced food, crappy bar. \nTake your business somewhere else.",,
3,"Getting a pedicure here was awesome!  I was in Phoenix for a wedding and stopped by here for a pedicure.  I was seated in a chair immediately and got the one of the pedi packages that came with the callous remover, scrub and hot stone rocks.  The lady who did my nails was friendly and did a great job.  \n\nThis is a good place to get your nails done and they give you a discount if you pay in cash instead of card.",,
0,"Nothing has worked in this location which is convenient and has good parking because each horrific incarnation at this spot is trying to be some kind of snooty, trendy place to attract the \""in\"" crowd. Word, the \""in\"" crowd went bust on credit card debt. If you want to survive, cater to real people who care about what they are eating. \n\nI was dragged here against my better judgment while attending a meeting in Scottsdale. The place was empty at 7pm. That indicates there is usually a reason. The snooty hostess seated the group but I was already smelling something I did not like. It's an odor one finds in a Mexican restaurant that uses it's oil way too long and has other kitchen issues. The decor is bizarre for a Mexican place and the menu is trying too hard to impress. When I saw the runny plastic goo called chile con queso come out that several had ordered and smelled the stale chips, I actually faked a phone call to get out of there. I had my own car and headed to a bar I know downtown that has never let me down. \n\nThe next day I polled my compadres about dinner and impressions ranged from \""just ok\"" to \""awful\"". I'm indigenous Mexican and pretty hard to please so I'll let those comments tell the story, but if you want real Mexican food, go to the deli at Food City at McKellips and get a green chile burrito and some salsa quemada. $1.29, smells good and tastes good. Skip the $18 entrees and Papi Chulos altogether.",,
3,"I went to this place on a weekday to avoid the crowds. the food came out fast as the dim sum ladies are very good and hits everyone table. food choice was excellent. the fried shrimp dumpling was excellent as well as the haw gaw and si mui. the place is very nice and clean , large dining room and easy parking . excellen choice for out of towners",,
3,"I like the ambience. The pineapple mojitos were very good. Fresh crushed pineapples. I liked the frito misto and the ribeye steak. We asked for medium-well, but was served almost close to a well done. It was still good. Good seasoning. I was not a fan of the butternut squash soup. Too sweet for me. I would come back when I'm in Vegas, but there are so many restaurants to try!",,
0,"I was really excited to check this place out.  The menu looked pretty awesome when I checked it out online.  Reviews here, to sum up, seemed to be pretty mixed, with one's experience tied pretty closely to ordering the right things on the menu.  Armed with knowledge gleaned from other reviews, the lady and I rolled over there on a Friday night at 7:00pm.\n\nThe parking lot was a ghost town.  There were two tables being served.  Not a good sign, but hey, let's give it a shot.\n\nWe were immediately greeted by a friendly young guy who took us to a table of our choosing.  We were also immediately greeted by a NASTY smell in the air.  It smelled like someone dropped a deuce under a table.  Five days earlier.  This eau de outhouse permeated the entire restaurant.  I'm not the kind of guy who is up for making a big deal out of things.  I was fully prepared to try and ignore it and have some dinner.  The lady?  Not so much.\n\n\""Ummmm.... excuse me.  Do you smell that?\""\n\nOur host/server sheepishly replied, \""Haha... yeah, I guess I'm just kind of used to it.  It comes and goes around here.  It's the whole area.\""\n\nNow, I'm not a huge fan of the East Side in general, but come on.  The parking lot smelled fresh as a daisy by comparison.  There is clearly something horribly wrong with this building, and I hope that the young owners of Nosh and Swig have an attorney to help them get out of whatever ugly lease they are tied up in.  \n\nAfter he said he'd be back to take our drink orders, we held our breath, and made a beeline for the front door.\n\nI feel awful for them - and I hope they can get into another location.  One that doesn't smell like the parking garage of the Four Queens.  Two tables at prime time on a Friday night?  How many more Fridays can they possibly have in that space?",,
3,"i really didnt expect this much from THIS mall. it didnt look like much from the outside, but i was pleasantly surprised. the design of the palce is pretty cool. this probably isnt the best shopping considering all the shopping options in vegas. i would say this is a better shopping option for the younger generation. its also conveniently located right on the strip. right across the street from bellagio and connects to the planet hollywood casino. you can just walk down from your hotel room if youre staying in planet hollywood. \n\nthey a lot of the popular stores like H&M, footlocker, champs, urban outfitters, etc. also a lot of good eats like oyster bay, ocean one, and blondies.\nits also a good hangout for watching basketball games haha. they have a circular bar right in the middle of the mall with 4 plasmas. the LA FAKERS and celtics were playing on christmas day, a large crowd just hung around there and cheered loudly for their team, cool vibe",,
1,"I had a muffin and coffee, both were fine. Lots of offerings food-wise.  The place looks nice and sort of retro industrial inside.  \n\nThe wifi situation however is mediocre. Just two free hours, and the signal is weak. It's a last resort type of place for studying.",,
3,"This place is old, but it's kept up and still looks nice. What I liked most was that it's connected to the shopping center and a lot of good eats. Cheesecake Factory! We didn't do much gambling here since there were no promos. \n\nI will come back for Celine Dion! I must see her in concert. I believe she's there for another 3 years.",,
2,I have gone there a few times now because friends have chosen it.  The food is ok.  It is very inconsistent on taste and the look of the meals.  Prices are reasonable for what you get.  Always seem to run into people I know there so others do seem to like it more than I do!,,
2,"I think this restaurant was the first one I bookmarked for our trip to Vegas. Huge portions, crazy menu, sold. The fact that we didn't have to travel off the strip to eat at it, was even better.\n\nWe made the epic trip down the strip to find this location. There seemed to be a huge lineup of people waiting for tables but we were told around 40 minutes for a table of 4. You're given your little buzzer (that doesn't work down on the casino floor) and then you wait. They both scream out your name and collect your buzzer, and if you're not there when they do so, off the list you go. Our wait was around that time but when it's 2pm and this is your breakfast, that time seems like an eternity.\n\nService was quite sparse, though our waiter was very nice. We placed our order for drinks and two came out right away, and the other two (bar beverages) took about 15 minutes. 15 minutes for a bottled beer and a margarita. Then we waited for our food and it must have taken close to an hour. The menu says that it make take a little while but after the wait for the table, this was a lot.\n\nI got a burger, stuffed with mushrooms and cheese, and a side salad. The burgers are huge and very messy to eat. Have lots of napkins! The meat isn't seasoned and so really it's just a very big average burger. The dressing on the salad was delicious and I think that was my favorite part of the meal.\n\nThe other meals at the table were fine but nothing was seasoned very well and it was all kinda meh. Portions are unnecessarily huge and they'll gladly box your leftovers up for you. Again, it took a long time for the bill to come and so by the time we left, it was after 4pm.\n\nIf you want to feed a family of 4 with one plate of food, this is your place. Prices are very reasonable but try to hit them at a slow time and be prepared to wait a long time for your food.",,
0,"Tried to go here twice, both on Friday nights.  They were closed at 9:00 on one Friday night.  The second Friday night, we got there at 6:30 and were told the grill was closed because 'it had to cool down for an hour before they closed.'  So bizarre.\n\nOnce you learn it used to be a carwash, you'll have a hard time imagining it any other way.",,
1,"Very pricey for what you get, but it's tasty. Service is slow, partly due to the fact that the customers in front of you are drunk.",,
4,"Wow. All I have to say is I was beyond impressed.beautiful and talented dancers and acrobats. Amazing music, and the best moves! Props were beyond cool, and the special effects show midshow was astonishing. I didn't want to leave, and now I am depressed its not the 60s. And that ill never see the Beatles live. GET BACK!! Get back Beatles. I know. That's. never going to happen :( the boutique had some cool items!! I wanted everything.",,
3,"3 1/2 stars \nOn our first try I wasn't bowled over but as I learn what to order this place really grows on me, its great having this place as a neighborhood restaurant. It's affordable and the food is pretty good overall ...and some dishes are surprisingly good. To start the so called lentil soup that comes with every entree is a lot more than the name implies. It's a mixed veggie, curry, split peas etc etc soup, perfect for a chilly night. The shrimp Madras is very good - when they asked 1 to 5 how hot I said 6!! .. and they still had to bring me more hot sauce, typical of Charlotte. \n\nBut now the humble Chana (Chickpeas) Spinach Masala w/pomegranate, cardemon and spices is absolutely fragrant, spicy and  delicious. This dish could be served in a fine restaurant.\n\nAnother surprise: I usually don't go crazy for Asian deserts but we shared a pudding of carrots, raisins, cashews, rice sugar and cream ( Halwah? ) that manage to taste very unusual, yet familiar and delish as well. \n\nAn Indian couple seem to own and run this place, the wife is the cook and she really aims to please. She came out to our table 3 times to talk to us although there were a fair amount of customers - mostly Indians. We had dinner there twice and I think this lady does her best with the vegetarian dishes. I tend to be a meat eater myself but I'll stick to their vegetarian menu in the future\n\nThey also have a decent wine selection for $5 a glass which doesn't hurt the dining experience.",,
4,"Yes, just about every free-standing bar (meaning one that's not part of a hotel or something) tries to claim sports-bar status by littering their walls with big-screen TV's and tuning each to some different game. Well . . . see . . . anyone can do that, which is why it's popular. To make a REAL sports bar you need a management who develops sports as the raison d'etre of the place itself. And yes, I just used a fancy French phrase to philosophize about a sports bar.\n\nHazelwood's not only has large TV's on almost every vertical surface, they have TV's at every booth, just like truck stops in the old days had mini-jukeboxes. \n\nHazelwood's has good bar-fare at good prices on their menu, but also impressive specials that are only in effect during games. One of their beer specials when I visited was Widmer Hefeweizen. How often do you see that on special in other places?\n\nHazelwoods's not only welcomes local amateur sports teams, they sponsor a few, like the local rugby guys.\n\nHazelwoods will not only call you a cab if you over-imbibe, they also will shuttle you home in their own shuttle craft for free within a reasonable distance. This is putting their money within reasonable distance of their mouth, if you ask me.\n\nBut what is most important--and is most likely a result of the policies and features above--is the customer base. When I go into a sports bar and sit at the bar I want the guys next to me--strangers who just happen to be sitting there--to occasionally lean over and say in breathless excitement while staring me in the eye \""THE DIFFERENCE IN TIME OF POSSESSION IN THE FIRST HALF OF THE GAME WAS LESS THAN 5 MINUTES BETWEEN NEW YORK AND INDY!\"" Seriously, this is important to me because just as people in a dancing bar should be fully involved with dancing, people in a sports bar should be fully involved with sports. And I find such running commentary helpful because I basically don't know shit about football.\n\nAlso, on the night I was there the rugby players were entertaining the whole bar with their profane gang-sings about necrophilia and such. This further contributed to the integrity of the impression. This is a sports bar full of sporty people.\n\nSo yes, Hazelwood's is a success and deservedly so. This is a SPORTS BAR. It's not an Applebee's, nor is it a dive with a lot of TV's. If you enjoy the spirit of the rabid spectator and can share the excitement of those who thrill to vicarious participation, you should go to this place.",,
3,"I had a fabulous veggie burger. The prices are crazy high, and the meals are super large, so I would suggest splitting your order with a friend. The fries are delish too, don't pass them up, I almost did. My sis had the reuben and loved it, but it was pretty stacked up with meat. Free refills on soda, thank goodness.",,
4,"So I'll admit. I was totally skeptical of the yelp reviews - com'on nearly a 5-star star rating with over 3000 reviews for hot sandwiches!?!! Well I'm not really into sandwiches, but dang, the sandwiches at Earl of Sandwich are amazingly tasty and flavorful and perfectly warmed! Came here on a weekday, mid-afternoon. The line wasn't too bad. You place your order, pay and then they give you a little buzzer to let you know when your order is ready for pick up. We ordered Earl's Club and Hawaiian BBQ, along with sides of regular plain mac n cheese and mac n cheese with bacon. The sandwiches were amazing!!! The mac n cheese with bacon is a must-have. The turkey chili is not worth getting... It's a bit watery in my opinion. BUT, make sure you get a cookie for dessert. They have chocolate chip, oatmeal raisin, sugar and recently added peanut butter. I got an oatmeal raisin cookie and I swear it was the best oatmeal raisin cookie I've ever had. Their banana but muffin is pretty good, too!!Definitely check this place out when you're in Vegas. Totally worth the hype! :)",,
2,Met up with friends here for a late lunch/early dinner. The food looked good (I had a glass of house wine) but was way overpriced. I also ended up $15 for a glass of house red wine. HOUSE RED is $15?!?!?!\n\nWon't be going back - although the Cosmo is an awesome place to hang out for sure!,,
1,It's the ghetto version of pei Wei.  It's really cheap but nothing to be excited .\nI had higher expectation because the owner  also ones Saigon in chandler.  \nI wish the food is more authentic like Saigon.,,
0,"I am disappointed with this company especially after all of the great reviews on here. I called them on Monday, February 18th and left a voicemail to have them call me back for an estimate on a landscape job I needed done. After not getting a return call, I called them again on Thursday, February 21st and left a more detailed voicemail with location and a short detail of the job. As of today I still have not heard back from them. I have called two other landscapers and they have both been out and gave an estimate within a day or two or have at least called to make an appointment. I wish them well in their business but not calling back a potential customer will definitely hurt your business.",,
0,"Not very good. Ribs  were really fatty and could have used more time on the grill. I barbecue ribs and  and know what it takes to make good ribs. Slow and low is the key. I ordered the ribs as attest to see if they had a clue, and they came up short. The sides were boing and bland,and the service was not great.",,
4,"FINALLY, someone who listens to what I ask for and not what they think would look \""nice\"" on me! I love Melaine!!  \n\nAppointment booking was smooth and knowing that I had some time restrictions, when she had an opening, she was amazing enough to call me and let me know. \n\nI've got my go-to-gal. Alleluia, praise The Lord. It only took 10 years if living here!",,
4,"Went in today to get my gizzard craving satisfied !!! This is the best place to get some gizzards, wings,catfish!! I had a perfect lunch!!!! Toney & his staff are the best!! I don't understand these other bad reviews of customer service. I encourage everyone to try something new there every time !!!!",,
1,"Celebrity is best left for TV:\n\nLet me start by saying that I'm not one of those people expecting the moon from restaurants. I have a lot of tolerance. 2 stars is because it was below Applebees in quality, service, price and ambiance.\n\nIf you've been to Craft you will notice that there are 3 tables that are situated in the hallway of the casino. Our party got that table and the restaurant gave us a round of drinks because we wanted to move. This tells me that the situation happens so often with disappointment in these tables, that the policy is free drinks automatically. So our ambiance was half hallway in front of the bathrooms.\n\nWe didn't cheap out. We got a mix of steaks from the high end black label wagyu to the $50 steaks on the menu. We also got 4 side dishes. The Kale was way too salty. We barely touched the side dishes. The ladies in our group got the Filet Mignon, men got Ribeye and Black label Wagyu. The ribeye wasn't any better than store bought and home grilled. The Wagyu was good. The Filet Mignon was intolerable! Bland, needing salt, dry, and tasting like ground beef.\n\nTom Colicchio should be ashamed. We were drilling the waitstaff on Tom Colicchio's visits to the restaurant and we found out he had only been there one time in the last year because a chef was promoted. That is pretty much what I figured.\n\nThe worst places are often the celebrity chefs. They are too busy being on TV to manage the food experience they are selling. To round it off, our service was below average. Drinks were slow to be replaced and our waitress was kind of a drag to be around. No good.",,
4,"Thank goodness for Yelp!!! I found this little piece of heaven spot on yelp while vacationing. \nThe place is n a very nice area. The shop is clean, well kept, nicely appointed and has a very efficient, sweet staff. \nI think the price is good for what u get. $21 for 16 deliciously, gourmet donuts. Not only do they look beautiful, they taste amazing!!! Super fresh, moist, light and airy. \nWe will definitely be back here.",,
2,"Can someone tell me why these are so posh?  Name? Comfort? Style?  \n\nBecause my opinion only is that they don't look comfortable, and the style is very old looking, not for someone in their 20's.  But maybe I'm wrong, and it I am, for all you lovers, half the store was 50% off as of last week!!",,
1,This place is more like 1.5...slow service .....small portions..expensive...eh taste...whats not to like...haha...what blows me away is the throngs of people who come here and actually wait online outside before they open....and whats with those weird ass hours...This place reminds me of langers neighborhood in los angeles...better come with a shotgun to ward off the baseheads and 5 dollar hookers as you pull into the shopping center.....but if you want to go to a swingers club or a tranny bar your in luck there across the parking lot ...woo hoo !,,
2,"The view is amazing. Straight up it's really cool.\n\nother than that I wasn't super impressed, the music was alright but the crowd was more late twenties which if you're on the early twenties side of the ball, esp as a guy, there's accessibility issues. I like XS more.",,
2,"Would probably give a 3.5, but since that isn't possible, we are giving a 3.\n\nThe service was very good. We have no complaints about that.\n\nThe food was decent. I guess we had high hopes going in, and we were a bit let down. Would probably return again to see if something else on the menu is better.",,
3,"I've been here several times and every visit has been great.  I highly recommend the 16 spice chicken salad, and the new mexican pork rub tenderloin.  The service is top notch.  Staff very knowledgable about menu and wind pairing, pricing good, and the time between order and delivery is good.  Only downside was the bread basket.  Somewhat bland.",,
2,Decent Mexican dishes. Certainly more of a fast food quaintly rather than authentic.. Greasy but good if your in rush.,,
4,"I've had the pleasure to visit this place about three times now, and It hasn't disappointed me at all. \nFirstly, amazing colors through out the place, such lovely and joyful decor. Secondly, what freakingly amazing tacos!! The cochinita pibil is one of my ultimate faves, with the carne asada very close to a tie!! Thirdly, the cocktails!! Oh my! The muy buena Paloma Cocktail!!! \nBut seriously, this place is great, I cannot emphasize enough how terrific this cafe is.\nI really adore and admire Gallo's style and taste in food, it's truly amazing, and closer to the actual modern food in Mexico, at least very similar to the South Central style.\n You won't see the overplayed cheese and beans plate here, no sir!  That's what makes me love them more, how they steer more into the actual True Mexican dishes, with a bit of a slight twist but still about the same in extraordinary flavors.",,
1,"The food here was amazing, went for a lunch on a Friday and had a tuna bagel sandwich and some hummus with onion and pine nut. I also had a lemonade/mint smoothie/iced thing that was refreshing and different. My wife had a delicious panini with mushrooms that was even better than mine. So the food was great, why the three star review you say? \n\nHere's why I give Panini cafe two stars: I have never felt so uncomfortable in a casual restaurant before. Our server seemed annoyed that we didn't know what we wanted right away. There is also a language barrier with the staff that no one else in the cafe seemed to have a problem with because we were the only non-Israeli or European customers there. \n\nThe service level went down from there. Our food was slow to come out which is amazing to me because when we arrived, there were only two other tables occupied and we ordered sandwiches!\n\nFinally, while we were there two or three large parties showed up and we were kind of forgotten about. I had to ask twice to get our food boxed up and settle our bill.",,
0,Hey Fox concepts: Is it your concept to be consistently Rude to customers.\nWake Up.  This is strike 2 for this restaurant. I will not bring my customers again. You have to have a meeting of you hostesses wait staff and management.\nLast Thursday I walked in with 3 peaple. I was told 3 times that is 5:00 and no happy hr on the patio  with tables \nSo Ok rude hostess.... fine. \nThe waitress... \n3 times are you dinning. Wine appetizers then we shall see.  She did not like that answer and rudely sat us. \nThe appetizers were very Small and just Ok. \nWe had 2 bottles of wine but the waitress kept  on asking about food to the point where we decided to have dinner else ware. We are locals fox not Snowbirds.\n Today I walked in at 11:30 we were 4 peaple. Same attitude.  \nSorry their is  an 1/12/ hr wait . We only take reservations and you do not have one.\nHardly anyone was on the patio at that time......\n\nA manager walk by and asked how we were doing . I said Not Ok . And she just ignored my comment and walked on her very busy way.\nMy 1st time customers and friends reminded me that their is Plenty of restaurants in the are that want our bussiness.\nSo we left....  \nTo note ... Fox . That we told this story to a neighboring restaurant and he agreed that you guys Turn Off more people and that's great for this bussness. \nIf you care this was at 11:30 today.. Check the time sheets ..... \nI doubt if I will give you a 3 rd time because My Time is valuable also ...,,
2,"It's not that I wouldn't tell people to go here but this is what I would tell you. 1. Do not ever go here with a pregnant woman. We went here for our anniversary and I am 6 months pregnant. They sat us first in a tiny little booth, my belly was already touching the table and I began to get claustrophobic. I have never seen a booth so small in my life. It is a total design error. Private booths yes, not tiny private booths in a cubby in the wall--so uncomfortable. We asked to be moved, which I really felt for a place where we were spending that much money should have probably noticed that I was pregnant and found me the best most comfortable seat in the house--instead they found us a table with torturously hard chairs. Then they told me the big surprise that this is a 2 hour dining experience--a 6 month pregnant woman cannot sit in hard chairs for two hours--again someone should have noticed this and offered a better seating. I tried to brave it, in between the painfully slow out lay of tiny courses--again not fit for a starving pregnant woman--for about 2 hours, finally after several trips to the bathroom just to get the feeling back in my legs my husband had to ask to be moved again to an obviously better spot next to us--an open, normal sized booth with a cushy seat. I liked our waiter, very friendly, and the chocolate fondue at the end of the endless fondue was to die for. I'd go back and specify that I want a normal sized booth and probably just get the cheese fondue and chocolate. The other entrees were okay, but bring me out my food not in a trickle feed. By the end we had spent 3 hours there, had to move twice and I was just exhausted by the end and we paid over $130 for the whole thing. I've been to nicer restaurants and paid as much for more caring service perhaps and amazing food. It was alright, but again there's just a lot to know about the melting pot before you decide to spend three hours there. If you're looking for a romantic time with just some light eating and conversation then that's what this place has to offer, but men before you bring your girl there make sure to request a normal booth, and maybe think about ordering a la carte if you don't want to wait hours for your 4-course meal to be done.",,
2,"first time i have been here after my girl heard great things about it and i realized its the restaurant for the billboard i have seen on the way home many times on the 215. we had the special app burrata cheese with tomatoes. it was good but not heirloom tomatoes really? rookie mistake..cheaper with reg tomatoes but mistake for sure...burrata is amazing though, can't lie...also had the crab cakes it was a big portion size however, not great flavor and needs some work. had the spagetti and meatballs for dinner, noodles were good but not home made, meatballs were a big portion but not as good as lavo...for dessert the espresso cake, 1 word WOW!!! it was amazing and would go back just for that. also love the off the strip prices, the bottle of wine which was a ruffino was $42 which was a steal. great service as well, can't remember his name at the time but super friendly and helpful. \n\ngreat little feel inside the restaurant and will go back for that feeling. not the best food but will give it another try for sure. restaurant was packed on a tuesday night so clearly they are doing something right. seems like a local summerlin ritzy crowd. mostly old ppl and we were the only asians in the restaurant other than the ppl who were sat next to us. coincidence? not sure...haha",,
2,"If I were being totally honest, I would give this place a 2 star review BUT my dining companion thought her food was pretty good, so I bumped it up a star for her. I went here with a friend last night after the Yelp event at PBS. It was very close by and also close to my the place I'm moving into in a couple of weeks, so I thought it would be a nice opportunity to give it a try. We went in, had no wait (it was like 9 pm or so) and were seated in the tiny dining room. The menu had some interesting looking items on it (the drink menu looked good too, but being that I had been drinking all night at the Yelp event, I figured I didn't need to pay 9$ for a drink....). I asked the waitress what soup they had, and she said they didn't have soup that day (and in a tone that was like...'you idiot' I think because the soup says Saturday soup or something, but I figured if it was on the regular everyday menu and not a specials menu it was probably just a name for the soup....maybe it was stupid....I don't know). So I asked for my second choice, the chicken and dumplings....oh sorry, we're out of that. ohhhhhhk. So I asked what she would get and she went on and on about the prawns. I told her I wasn't into seafood, so what did she suggest that was not seafood and she replied \""Have you ever had prawns?!?!\"" Really? Not the expected response from a waitress....I have had prawns, I do not like them or most any seafood and I do not want an inflated check for food that I do not want because your restaurant is out of everything else. She then suggested the salad with chicken in it, so I got that. My friend got the chicken sandwich. She said the sandwich was good...my salad was terrible. We both concurred it was one of the worst salads I have had. The dressing tasted like orange rinds and was super sweet and the chicken in it was very spicy (which I like) but the two flavors together were not complimentary. Also, the salad was drenched in that dressing....no eating around it. The veggies seemed fresh enough and it looked nice, but for 10$ it is absolutely not worth it. I got a to go box and left it by the light rail so a homeless person could try to eat it, although I think they may even leave it behind. I'm not sure I would come back here...hard to judge a restaurant off of one salad, but I'm leaning toward a no on that one. \n\nPS my friend said they have really cute bathrooms, so that's a plus!",,
1,"Vous recherchez un resto \u00e0 la r\u00e9putation surfaite, o\u00f9 l'on attend en ligne dehors pour entrer, m\u00eame \u00e0 moins 10 degr\u00e9s ? Vous r\u00eavez de manger un smoked meat tr\u00e8s ordinaire, \u00e0 la viande un peu s\u00e8che ? Vous souhaitez prendre place dans un endroit un peu ringard pour ne pas dire un peu crasseux ? Alors, faites partie de la l\u00e9gende en vous rendant chez Schwartz's. Un endroit mythique \u00e0 Montr\u00e9al dont je ne comprends pas encore ce qui a fait sa r\u00e9putation et fait courir autant les foules. D\u00e9sol\u00e9 aupr\u00e8s des inconditionnels, de C\u00e9line et de Ren\u00e9, mais j'ai connu mieux en smoked meat.",,
1,"Eek! My sister and I went here a month or so ago, didn't have the most pleasant experience. Expensive I remember it...The service was depressing. Our waitress largely forgot about us and the other staff were all pretty apathetic. Had to wait ten minutes to get a drink refill, and the pizza was not very good. I haven't tried their sandwiches, perhaps that's their forte, but customer service certainly is not one of their primary concerns.",,
2,"It's the same as all the other Chipotle locations. The food is good, prices are reasonable (no Vegas upcharge!), and plenty of seating. Too bad it's a bit of a drive from the Strip, but it's nicely situated to let you get a breather from the craziness of the Vegas Strip.",,
3,"The food here is really good. I've eaten here countless times,sampled many various items and it never disappoints. The staff was always cool as well.\n\n No need to spend top dollar elsewhere.The food is fresh,seasoned well,prepared properly and the portions were generous.\n\nBest of all,its open 24/7.",,
2,"Great service and the food is the same as I have experienced in Central America --light, not so spicy, and varied in texture. We had a very helpful man suggest items from the menu. I strongly recommend the fruit drink with chunks of fruit (in the picture). And they have pupusas that are really good with fresh coleslaw. Try this as an appetizer. The tortillas are not what you might be used to --they are about 5\"" in diameter and thick like a pancake. But they are made fresh and are really nice. My companion had the aroz valenciana which was tasty and I had the Elianas favorite which was grilled chicken with that terrific latin american creme cheese. Mmmmmm... cheese! The service was consistent and friendly and the food was tasty and a nice break from all the Mexican joints in the area.",,
0,"No more Chernobyls. That was the only reason to come here. Red Square, you are dead to me!",,
1,The service at Grimaldi's was horrible.  Our waitress forgot to bring my daughter her lemonade.  We ordered our salad and she didn't realize we ordered it then later came back to our table to ask us if we wanted a salad.  The waitress finally took our order and we waited at least 50 minutes for our pizza.  When we finally received our pizza it was warm as if had been sitting out for a while.  We asked to speak to a manager who was very nice he agreed that our pizza did not look hot nor did it look cooked.  he did comp us for our pizza.  Which we were happy for but our bill still came out to be $60 for having to wait over an hour for a cold pizza.  We have been to the Grimaldi's in Gilbert and had  a better experience there.  I definitely would not go back to the Grimaldi's in Chandler.  This was a disappointing experience for our daughter and son in law since we had told them how wonderful the pizza was at the Gilbert location.,,
4,"Gypsy Gypsie Gypsee...\n\nSo, I tried Gypsie Bar at City Scape recently and I was pleasantly surprised. After hearing (and Yelp reading) a few reviews about it, I have formulated my very own take on the place:\n\nGORGEOUS! The views from this bar are amazing. Especially on the Lucky Strikes Bowling side. I drank my Redbull Vodka happily as I stared into the vast array of buildings at night. The seats/bar/layout are very modern and comfortable. The decor is posh. The lighting was not too dark, but not too bright. It was perfect! \n\nFUN- There is a bar, a dance floor, lounge, arcade and a bowling alley. I went with a few friends and had a blast. I could dance it up for a while, then stroll on over the lounge and relax. I am surprised that so many are not raving about this place! \n\nENVIRONMENT- I enjoyed the environment here. The people were very relaxed, not too dressed up but not too dressed down ect. There was not the \""I'm here to get laid\"" vibe which was amazing! Everyone seemed very chill and there genuinely to enjoy a night out.\n\nSTAFF- The staff was very professional and sweet. They were not overly pretentious or rude which is rare for the nicer bars. The drinks were priced about the same price as they are on Mill Ave, however they are bigger and not served a plastic dixie cup (lol).\n\nOverall, I LOVED this place! I will be definitely  heading there once again in the future. Thanks for taking the time to read my review!",,
1,"A nice budget motel.  Got a AAA deal for $59 + tax and it was most everything I expected; clean, quiet and comfortable.  If your wife requires five star rooms, marble floors, etc then this isn't that but is more like mid level.  It suited my needs, the pool was clean, and the grounds are nice.  Had a little difficulty with sleeping - the pillows were way thick and the bed a little hard, bringing this down to net of two stars",,
4,Well we will see how far they have come as I  have reservations next Friday night early as it is valentines day but looking forward to a flawless and wonderful experience - I will let you know post experience,,
3,"Although I can never have more than one mojito because they always seem to run out of rum or mint, the food is absolutely amazing.  My favorite are the carne asada tacos.  Ive been living in the valley for almost five years and I finally found my go to Mexican restaurant when I want a fix.   The outdoor patio is definitely the place to sit.. And they do get packed!",,
2,"This bar definitely aspires to be more than just a casino bar but the security guards who seem convinced they're working at a high end club need to tone it down a notch. We came here for the Masquerade ball. Waited forever to get in (I know a lot of clubs don't open on time since the line makes the place look like it's in high demand but when you're waiting up against a gaming table, it's kind of dumb). The bartenders didn't mention the drink specials on the poster outside but mentioned other ongoing ones. My friends got a few $5 drinks so they were pretty happy. We hung out for a while but the regular club music got kind of old and boring so we bounced. I do have to say that the bar is gorgeous and the layout is awesome. I wouldn't rule out coming back here in the future for a super cool event but I wouldn't make it a regular hang out. The specials on bottle service were pretty cool though.",,
0,"We gave it as much of a try as anyone could, lotsa drinks, lotsa apps, lotsa disappointment. On top of this, they managed to mess up the interior of one of the only decent interiors in the strip. \n\nthe service was good tho, so at least it has that going for it, but only that",,
0,"I knew I would probably have a crappy time after reading the reviews for this place. but my friend wanted to go anyway. and yes, the service is crap.\n\nWe had to go and ask about any hopes of getting hookah, let alone drinks, and they told us someone would be coming to our table and we had to wait. We had already been sitting there and waiting for some kind of service for 20-30 minutes. Another 15 before we got a menu to figure out what we wanted. Another 20 before someone comes back so we can tell them what we want. And then another 20 for them to get it ready and bring it over. That i can understand but it was already irritating because of the hassle it was just to get service and order. \n\nThe hookah was ok. The taste wasn't anything near what we expected. I wasn't even about to try any of the food because it probably would have been another hour and a half. \n\nI will be getting $4 beers and hookah somewhere else next time.",,
4,"Such a good burger place.  I love a place that gives you options and they give you tons.  I chose their Buffaloaded Bison burger which was great.  They also have amazing shakes.  I got a hard shake and the liquor taste was a tad on the strong side, however, my friends caramel and pretzel shakes were delish.  I would highly recommend this place for some good times and good food.",,
4,"I LOVE this place!  It's a great, relaxed, hang out spot.  Big picnic tables that are great for groups, or for sitting with strangers and making new friends.  Games like washer toss, tetherball, & giant Jenga encourage you to get up and be social, and make you feel better about drinking 4 beers.  The food is delicious, the service is great, and prices are reasonable.  \nMost of the seating is outdoors, with only a few tables inside, so I'll be curious to see what they do in the summer when it's 110 outside.",,
1,"Perhaps it's Superbowl weekend that made Boa seem sub par, or maybe it was the fact that you can only get happy hour prices at the bar, or even the way the bartender was more concerned about setting the Tivo to record some T.V. show, instead of serving us our last happy hour drink, I just don't know. Either way I am not impressed at all with Cafe Boa. For one, the entire restaurant  was reserved until 9:30pm, Ok, so let's sit outside you say. Ahhh but low and behold you cannot get happy hour prices outside. Would this be so bad if the bar wasn't 10 ft by 10ft....probably not. So the happy hour \""area\"" is small but luckily we were able to find a seat at the bar. Now the prices are good, and they offer a decent amount of drink specials on everything from wine to beer, to martinis, however the food is limited. I though the Pinot Noir I ordered (half off) was very dry for a Pinot. The food specials and sausage dish served in a marinara sauce was ok, the sauce was interesting with capers and black olives. It did give me some new ideas to experiment with, when I make my sauce.  Unfortunately the sausage was dry like the Pinot. (good pairing) My date ordered a cappretta salad, which was several tomatoes and some mozzarella and this cool soft cheese. Or \""badass\"" as our bartender described it. LOL!  That was very good, but it was an extremely small portion.  Overall the service was decent. I heard the energetic, charismatic bartender, drop several F bombs, and the staff seemed somewhat \""wired\"" like someone left a big basket of easter candy in the back, and they all got into it. Sugar rushes aside, overall the final bill tallied up to 30$ (without tip) for 4 glasses of wine, and 2 apps. Not bad you say? Since we missed one happy hour drink, the bartender was cool enough to leave one of our drinks off the tab, to balance it out. As he said \""It was both our faults we missed that deadline\"" with a smile. I jokingly replied, \""actually I just blame you.\"" I was kidding, but also somewhat serious as he spent about 10 minutes trying to figure out the Tivo settings. Um, who has TIvo in a bar anyway?",,
3,"Love the coffee and breakfast burritos and friendly service always. Not a regular coffee drinker but when I do, I love good coffee and they have it in spades. Come get your coffee on, you won't be disappointed.",,
4,"My husband and I ordered the fresh rolls, crab Rangoon, and Pad See Ew. Everything was fresh and flavorful. Although I lack experience with Thai food, the scrumptious food at My Thai will keep me coming back to try new dishes. The service was attentive and polite. I will definitely be going back, and I sincerely hope they make it!",,
0,"Service was a bit slow and confused.  Asked for guacamole twice and was told it was inside the burrito (it was not).  When I asked for pico de gallo, the gal ended up giving me a bunch of diced tomatoes.  The steak was not seasoned and the burrito overall had little flavor, if any.  I decided to try this place because I wanted to do something a little nice than Roberto's or Taco Bell.  Should have picked another place.",,
0,"I had this on my list for so long!  Looked so cute!  What was with my luck tonite?!  This place, then C4 down the street?  WHY DID I DRIVE ALL THE WAY UP HERE?!\n\nWe walk inside, cute & tiny.  No one else  but us.  We sat at the bar and were attentively and promplty served by such a nice girl.  (That's were this \""1 star\"" comes from.)\n\nHad a nice glass of wine, but within minutes my eyes were stinging.  I had thought, is it my makeup?!  I never said anything, but eventually my husband's eyes were streaming and he said his eyes were driving him nuts!  The server noticed and said, yes, it is the cook prepping oinions and garlic for the night?  (as i said, tiny place, kitchen inches from behind the bar).\n\nWe moved to the furthest corner, still did not help.  There is a small front patio, which i asked hubby to ck, but it was a last ditch effort to go  out since it was well over 100 degrees.  As he peeped out, the owner (?  appeared as such) who was seated outside said, \""O, is it the onions bothering you?  I can certainly smell them out here!\""  \n\nAnyhow, we did move outside.  Our eyes burning the entire time.  My makeup in ruins.  Eyes bloodshot.  NOT FUN!\n\nFootnote to the owner: Prep at a different time when customers are not present!!!!  ie: night before !!!!  or invest in a new exhaust system !",,
1,"There is nothing special about these hot dogs. And the price of $7 is a bit steep. Plus you get diahrrea after eating here. \n\nAnd the place is kinda dirty. There is 3\"" of grease on the walls and ceiling and the tops of the garbage cans are full of old food and ketchup stains. What would it take to wipe the place down? Geese I hate eating in filthy restaurants.",,
1,"Food was good, but service was Terrible.  Called ahead to make reservation  and was assured a round table for 6. When arrived on-time, they said they gave table to some friends and it would not be available for another hour or so.  Then, rude waiter acted like he had a real bad day.  Time To check out other good Italian in fountain hills..",,
4,"Awesome people who run and work for this business, booked this trip by chance outside Treasure Island on the strip. Check there website out great !",,
3,"It's Friday night, you and your girls want to go grab a bite - you're looking for something trendy but not stuffy, satisfying but not heavy, with cocktails and a killer view. \n\nWell, let me suggest....Firefly at the Plaza.\n\nThis is the restaurant's second location in Vegas. I had been to the location on Paradise several times. It's got a great location down the street from the Hard Rock. I always preferred sitting on the patio at that location because the inside feels a little small, dark and cramped. The Plaza location, on the other hand, is something I show off to my friends.\n\nIt is located under a huge dome that looks out onto the lights and neon of Fremont Street. \n\nOh and have I mentioned the food? DELICIOUS. This is a tapas style restaurant so sharing is caring here. The Ham and Cheese Croquettes are some of my favorite things on the planet. And, as I like to think of myself as a mac-n-cheese connoisseur....their Monchego Mac-n-Cheese is in my Top 3. \n\nBut the real attention grabber here? SANGRIA. They offer red, white and sparkling and you really can't go wrong - although I prefer the red. And if you're not in the mood for fruity wine, order yourself a Mojito and let your hair down!\n\nMy only complaint would be the service. It is very. slow. But, then again, that just leaves more time for you to finish off that pitcher!",,
2,"Always remember. You get what you paid for. Don't expect high quality Japanese food.  I decided to give 3 stars because food is about average. I ordered lunch combo D and spicy tuna roll.  It comes with Chicken, vegetables, edamame, potstickers and a drink. \n\nChicken was  dry, it was expected.  I think many people have commented same about chicken being little dry.  It is cooked on charbroiler. So expect the little dryness.  \n\nSpicy tuna roll was fresh and enjoyable. I think they just made it when i ordered it. So make sure to ask when it was made before ordering.  Because it is already made and stored inside the container.\n\nService was good. Owner was friendly and attentive. \n\nFor the money. This place is a great for quick lunch. I would revisit again if I am in the area.  However, I wouldn't make an effort to drive the distance just to eat.",,
3,Our favorite local grocery store. Always clean and will have whatever you need. The only problem we see is every now and then the produce is a little past ripe. Great flower shop with very helpful florist.,,
0,"Well, if there was a way to do \""zero\"" stars, I would.  I had called when I initially bought my Groupon but was told that it would be about 2 months before I could get in so I decided to wait and see what my schedule was for the fall.  I just called back today to set up an appointment and lo and behold, the girl told me that my Groupon had already been used...back when I initially called but didn't schedule anything.  There is nothing they can do about it apparently and now I have to take it up with Groupon.  What a joke!  I should have read the reviews before I bought the Groupon.",,
3,"So I have driven by this place a million times thinking \""I gotta get there sometime\"".  The consensus that I've heard was that the place was fantastic and had great wine.  We had a Groupon $20 for $45 which is always featured so I recommend that because why wouldn't you if its there and your going to dine there anyway.\n\nImmediately when you walk in your eyes are drawn the candles that are lit everywhere and directly in front of you is the redish orange unique chandallier.  Pretty neat.  Ambiance just punched you in the face. I had been here before this became Mezzos and don't remember the details as much as I did this time.  The ceiling is dropped down creating a circled effect which I thought added a lot of character to the place.  To your right is a little sectioned off party room/section that would be good for a large party.  To the left is the bar area which I really didn't get to check out closely being that we were seated on the other side closer to the kitchen.  \n\nThe server and guy assisting him were fabulous, attentive and very nice.  I believe the owner was there, however he never greeted us. \n\nI ordered my glass of Chardonnay and they didn't have my first choice.  Soo I ordered my second choice.  It wasn't too shabby but $10 a glass.  I hate the mark up on wine sometimes. The BF was disappointed they didn't have mixed drinks so he just ordered a soda.  \n\nThe bread came out right away.  Reminded me of some bread that I make at home.  Crusty on the outside and doughy on the inside....warm and delightful.  It accompanied a small bowl of oil and balsalmic.  Too much oil for my taste.  I kinda like more of the balsalmic but it was still really good.  We ordered the Caesars salad to share and it was perrrfect.\n\nFor my entree I ordered the penne ala vodka with chicken as an add-on.  It came out and looked amazing.  There was way too much chicken though - SAID NO ONE EVER - except for ME!  Sorry.  I like more noodles and a hint of chicken.  There was a lot of chicken and a lot of sauce.  All was tasty to say the least and 1/2 went home for leftovers.  BF ordered the chicken parm with a side of penne with marinara.  This was ALOT of chicken too but he wasn't complaining.  It almost felt like 3 portions...no kidding.  Needless to say we brought some of that home as well.\n\nOverall a great experience.  Ambiance is a 5.  It has outdoor seating that would be amazing to enjoy if it wasn't over 100 degrees outside right now.  I think with our Groupon we only spent $15 over that.  Nice little date night and a definite need to go back and bring friends!  \n\nBTW- the leftovers were BOMBdiggity the day after.  Better than the meal itself.  Big fan.",,
3,"Not a bad place to stay...  Prices are reasonable... even on line.  If you can plan on the good buy nights, that's probably your best bet.  Has plenty of room to be able to move around without climbing over stuff... They also have nice celebrity portraits in each of the rooms.  If you like the Lion Habitat, and eating at Rainforest Cafe, then you're good to go.  This hotel also has some pretty good eateries if you're a foodie.",,
3,"There is something quite unnerving about stalking your prey through pitchblack, smoke filled corridoors with a big lazer machine gun in your hands - knowing that you are being hunted too. I wouldnt be suprised is there was a slight blip on my radar, and a shadowy figure speeding past just outside my range of view, Alien style. \n\nFortunatly, you arent hunting acid bleeding, many mouthed hell creatures from outer space - chances are you are playing laserquest with your mates, and that shadowy figure is a hyperactive 12 year old who is way better than you are.\n\nThis is a great game, one I still enjoy more than most things - its fun, energetic, more than a bit mental, and for some reason (maybe its the desire to survive) it makes everybody who plays become extremly competitive. \n\nIts amazing fun, and I suggest it to anybody who wants to do something different!",,
0,"Another overdone steak and utterly inattentive staff! Still sitting here waiting for someone to give a care.\n\nSo, we finally got the attention of a server who was not our server, Michael. She was kind enough to take my steak back to the kitchen. Michael, our server, finally shows up 10 minutes later with a half-hearted apology and to let me know that my steak was being prepared again. He does not offer to refill our drink glasses that have now been sitting empty for 20 minutes. The manager makes an appearance and brings me a strip steak that looks rare from the sight of it. He informs me that my steak is on him and apologizes. He goes away. I cut into my steak and it's, you guessed it, Pittsburgh Rare. I asked for medium rare. He returns and I tell him that the chef needs to go back to culinary school and learn how to prepare a steak. The manager apologizes again and asks me if I want to take this pathetic piece of beef home with me! Not only is it rare but it's a cheap cut of strip steak that is loaded with connective gristle. I said no thanks. He comped my husband's meal and we left. I never hope for people to lose their jobs but the cook and the server really need some serious retraining! I will never go back to this Applebee's again.",,
1,"A great man once said, \""Most folks don't know no more 'bout BBQ than a pregnant sow knows 'bout Neiman Marcus.\""\n\nI was going to give this 3 stars because it doesn't really suck but it isn't really BBQ either. The style is what I would call East Texas Church Picnic; the meats are all overcooked and the sauce is way too thick and sickeningly sweet. OK, their sauce does really suck. The potato salad was bland and insipid as well.\n\nBrisket is the King, Here the king is undersmoked and over trimmed. Brisket for a Brave New World, or sadly just for the 21st century? I watched the video on their website and it appears they use modern digitally controlled ovens instead of traditional pits. These smoker/ovens produce a very consistent product but it tends to be a little sterile and soulless.\n\nIf you like this style of BBQ and many do, go for it. I hope that maybe some of their Southern specialties are good but I doubt that I will return. After I read my review I could not justify 3 stars.",,
2,"We rented a boat and thought the boat, marina and surroundings were great.  This is a really BIG lake and the water is great.  We tried fishing for a few hours and just got a couple bites so can't vouch for that but swimming was a lot of fun.  There is NO food to be bought on the weekdays so plan accordingly and pack your own lunch. \n\nThe downside - and this is a big downside - is the people who \""work\"" at the marina.  They are downright frightening in their mannerisms and actions - truly it's like dealing with zombies as they shuffle slowly about and mumble things.  And it wasn't just one of them either - it was every single person. It got so we didn't want to deal with anyone and felt a sense of relief as we left unharmed.  Due to this reason alone - we won't go back as it's too creepy.",,
1,"Bottom line: good selection, but horrible customer service.\n\nWhen I go suit shopping, I'm usually dropping between $500-$1000.  That doesn't make me the biggest spender in the world, but it's a good chunk of change to spend in a mid-level men's formal wear shop.  And it's not peanuts to me, so when I come in looking to spend that money,  I expect a little attention from the staff and some advice.  They're really not good at attention or advice at this Men's Wearhouse l,ocation.  That hasn't been my experience at all of their stores, but this one is particularly bad.\n\nI stopped in 2 different times to look at buying a few suits.  The first time I stopped in, no one greeted me or asked if I needed help.  But to be fair, the staff looked like they were helping a fair amount of customers looking to rent tuxedos.  So I figured I'd just come back when they weren't so busy.\n\nThe next time I came in, a woman offered to help me.  We talked about what I wanted (classic gray business suit) and she took me over to the section of suits in my size.  After a minute of looking, she just told me, \""Looks like we don't have one in\"" and walked off.  The store wasn't that busy.  She walked back to the register and talked with other staff.  No alternatives offered, no advice.  So I poked around for about 5 more minutes and split.  \n\nI headed over to a different Men's Wearhouse, where they met me at the door and discovered they didn't have the exact suit I wanted after talking to me.  But they led me over to a selection of similar suits, listened to what I wanted the suits for and helped pick out 2 suits similar to what I came in looking for.",,
1,"New Year's Eve major malfunction!!  I went to Phoenix to spend the holiday weekend with a friend. I checked in, the staff was very courteous, the room was nice and big, although in need of some updating. Well, everything was fine until we returned from the New Year's festivities. We arrived about 1:30 am, and my key didn't work. I went to the lobby, soon to discover that EVERYONE'S key did not work!! As you can imagine, we were all a little upset. The guy behind the counter was very nice, but could not offer anyone a acceptable reason. About an hour later, we were told that we would be put up for the night in the hotel next door at no cost. That was ok for me, as I didn't need any of my belongings that night. Some people had medications in their rooms, and one lady even had her dog locked in the room, there was also a group who went to the jacuzzi and were stranded without a change of dry clothes!!!! We went to the other hotel, and were taken care of, and finally got to bed about 4am. Went back the following day, they still were having problems with the locks, an hour later everything was fixed. Also the TV only got 3 channels and the shower had no pressure. I'm going to think twice before I stay here again.",,
0,"I'm big on customer service but this has the absolute WORST customer service I've ever experienced.  The neon looking guacamole was disgusting and the food was not even good. This place does not even deserve a star and I will not be returning.  Folks, give your well earned money elsewhere.",,
2,We were hungry and craving sushi and so we came here.  Food here isn't bad for it being a buffet.  But it's really nothing special. It def stopped our hunger. haha,,
4,"Amazing! I could tell from the smoke billowing outside that this meal was going to be good, but it surpassed my expectations.\n\nI had a steak sandwich, and it was fantastic. They have unique condiments in a table in the middle - I liked the chimichurri the most. But the meat was so good it didn't even need it!",,
4,"Had a last minute emergency out of town and my dog was not up to date with his shot; called a few places and finally this awesome animal hospital was my life saver. My pup got his vaccinations and an over night stay for an affordable price. I was concerned because this was a new place for him but when I picked him up, he was absolutely happy and they took great care of him. We will definitely be back.",,
4,"I have been a customer here for 4 years. It is soo good! I am extremely picky about my hotwings, and this place hits the nail on its head. Crispy, yet juicey; spicy, yet savory! And a dozen wings fries and a large drink for about 7 dollars! I will make the drive for this place anyday:) They have really good hot dogs as well! It may look like a whole in the wall restaurant, but they got their recipes straight",,
1,"This is my first and last visit to this hotel and casino.  Let me start at the beginning. It is off the strip. Not far but your not going to be wanting to walk.  And driving Las Vegas sucks!\n\nWe reserved, and paid in advance for the room on the hotels website. When we check in were told there's an additional $16 a day resort fee.  I know all these hotels are doing this crap now but it gets to me.  Just add it on to the price of the room upfront.\n\nThe layout of the rooms is confusing. The place really shows its age.  Rooms are small.  Clean but small.  The shower is a little corner deal. With a curtain. No tub. So there water everywhere. Reminds me of a locker room.\n\nThe casino is sad. The people in it look sad.  I don't want to turn into one of the sad people.  I will not be back.",,
4,"PA Mike Richards is fantastic.\n\nI had heard a lot of great things about Phoenix Skin, primarily the Camelback and Central location. The north location was more convenient for me, so I made an appointment.\n\nI had a weird rash, and booked an appointment at a different doctor's office for. After the NP came in, google image searched what she thought I had, and provided me with a diagnosis of ringworm, I was pretty skeptical. I should have pushed back at the time, but decided to get a second opinion.\n\n\nThe entire office at Phoenix Skin was amazing. Booking the appointment was super easy and I was able to get in very quickly. I filled out all the paperwork before hand on line on their mobile friendly site. \n\nThe receptionist was pleasant and the tech/nurse took me back right on time. She was very sweet and my actual exam with Mike was a breeze. He was super thorough, but didn't make me wait or waste any time. Excellent bed side manor. Mike took one look at my rash and explained that it wasn't ring worm but a weird virus that crops up during season changes. \n\n\nI would highly recommend!",,
2,"We stopped in on a Saturday afternoon, and we were the only people in there, which makes it difficult to fly under the radar (my favorite).  The fella is a serious beer nerd, and he was excited to check out Bulldog with the recent explosion of craft beer stores.  \n\nParking was easy, and the inside was dark even though it was sunny outside.  I was disappointed there was no dog inside!  I kept looking, and I'm sure the staff thought I seemed awfully sketchy casing the joint, but I was just looking for a puppy or two.  \n\nWhile the selection was solid, they didn't seem to have much you couldn't get at any other craft beer store in Charlotte, and most of what they had, they only seemed to have one of.  They said they were still working on the deck and hoped to have food trucks on the weekend, so there's promise, but we'll give it awhile before we go back and see if they've settled into a groove.",,
4,"This place is awesome.  They have Mexican Pepsis, these out of this world food.  Ben our server is one great listener.  Oh, by the way.  You can go meatless or bunless! They have portobello mushrooms for the meatless option.  I didn't try them but oh that sounded so good. I got the lettuce wrap. \n\nWe had tater tots for our starter (Ben suggested them).  They had these sauces you could try.  I fell for the Jalape\u00f1o Ranch. It wasn't spicy at all.  They're not on the menu, shocker. They should be. \n\n I had the Hatch Burger $11, no bun but I cracked and had the bun on the side. It's a portuguese roll. I'm portuguese so I couldn't turn it down for a few little itchy hives. Besides it reminded me of home (Rhode Island). The bun wasn't overly sweet. It was just right. \n\nVery filling. Locals should come here.  It's a nice sports book to grab a bite at the same time. \n\nThe bill came to $24.86, they took the tater tots & Pepsi off the bill. So we left a 32.5% because we felt the service was excellent.",,
4,"Thanks Nikki and the too-many-to-mention sponsors that helped make last night a fantastic time! Also a big shot out to the weather gods for bestowing us with amazing temps. \nHaving the Elite hour before hand is a nice benefit so we could really get in there and see who was giving samples, food bites and beverages. The guests trickled in at a good and seemingly manageable rate. There were not too many people so Nikki knew just the right amount to let in, I think. Most dressed in costume which led to fun people watching. \nThere was a good ratio of food to drink booths and the DJs were spinning some good stuff, and even better toward the second half of the party in my opinion. \nMy only suggestion would have been more trash cans. \nThanks again to everyone. :)",,
1,"Delicious food with incredibly slow service. The other reviews were so good, I hope we were just there on an off night. It was a Saturday, for what it's worth.\n\nSo, yes, the food was pretty darn good. I might even give it five stars if I had received what I actually wanted to eat (more on that later). Deliciously smoky beef, tender chicken, al dente pasta in saffron sauce, perfectly cooked buttery rice, lightly crispy french fries. (French fries? Yeah, I wasn't expecting that either, but it works.) \n\nHowever. The service was about as bad as it gets without being actually rude. Five minutes to be even acknowledged, 10 to get water, another 10 to order, 30 waiting for food.... But slow was not even the worst of it.\n\nAfter that 30 minute wait, my husband's meal arrived, but there was no word on mine. A few minutes later, my food could be seen sitting on the counter ignored by the waiter - as it turns out, because it was beef instead of the chicken I had ordered. When he figured that out, he brought the dish saying he could serve me this one or have the kitchen make what I had ordered. Picturing another 1/2 hour wait, I took the beef. It was, of course, luke warm. And rare. Which, sure, lots of people eat, but not my thing. \n\nFor the mix-up, we got a sincere apology and a free dessert. However, at no time did the waiter ever acknowledge or apologize for the extremely slow service throughout, leading me to conclude that it is the norm at Surco. All in all, it was about two hours....and not because we lingered.\n\nWhat can I say? Go for the great food, but make sure you have plenty of time on your hands.",,
1,"FAMOUS FOR:\n- Steaks\n\nBUZZ\n- Prime Rib\n\nI TRIED\n- French Onion Soup (7/10)\n- Bone In Rib Eye (2/10)\n- Sauteed Mushrooms (5/10)\n\nI was once on a flight and saw that someone had left a Robb Report magazine in seat back pocket. I flipped through it and saw it had listed the 7 best steakhouses in Vegas, and I was astonished when it even mentioned Circus Circus. I mean, what is actually redeemable from that decrepit place? I read on to find out it actually won some kind of award saying it's the best steakhouse in all of Vegas. Wait... WHAT? Come again? Circus Circus...THE Circus Circus? The Circus Circus that's way off the strip, and has thousands of smelly kids (and adults) swarming and mobbing all over the lobby, the taxi lines, and hallways? THAT Circus Circus has the best steak? No F-ing Way! For a few years, I've been wanting to go, but probably in the 5 times I've been to Vegas since reading that article, nobody wanted to go. This time, I finally got the chance!\n\nThe menu is very simple. They have quite a few seafood options like crab legs, oysters, lobster tail, etc., but at a place called \""The Steakhouse,\"" I feel like those are sort of obligatory menu items. No idea how they taste. Pretty much the menu is STEAK, and very few appetizer and side offerings. Asparagus? No. Creamed spinach or corn? Nope. Mac & Cheese? Psh! As if! They got seafood accompaniments and sauteed mushrooms. Period. So...pretty limited choices.\n\nAll the steaks I've had in Vegas have been decent, but not all that great. I'd prefer Morton's to SW, Carenvino, Delmonico, Cut, GR Steak, and I'm sure I'm missing a couple others. I was actually hoping Circus Circus wasn't good, because if it was good, that means we may need to make trips out this way to have steak from now on. Well..\n\nFRENCH ONION SOUP\nNot my normal appetizer, but considering the limited choices, the only one that made sense. It was pretty decent. Presentation was kinda cool, bowl served on a plate with some extra croutons and cheese shreds in cute little heaps. Seasoned well, onions were cooked well. It was probably what I'd call textbook French Onion Soup. It was good, but nothing really made it unique or special. It was just good French Onion Soup.\n\nRIBEYE\nHere goes. It's presented ok. The cost of the steak comes with your choice of potato. The steak looked healthy - decent spots of char all over. I start cutting a piece, and ended up finding that about 30% of my piece was fat. The fat is the most seasoned part of the steak, and also pretty delicious. Normally I cut it off, but hey, Vegas! It's the most seasoned part of the steak, so this bite should have been stellar...but...no. In fact, there was hardly any seasoning at all!\n\nYou couldn't even fathom my disappointment! If there was any kind of special mesquite flavoring, I didn't find it. The meat was decently tender, and I can't really complain about any of its technical aspects (i.e. medium rare was just as I asked), but the taste was just so BORING! Nothing inspiring, nothing savory, nothing...good! It was bad! I mean, there was nothing going on with this! It's not like \""no news is good news.\"" With steak, \""no news is the worst possible news!\"" I had to restrain myself from asking for A1, but I did end up sprinkling some salt on it. It did make it taste better but anytime you add salt after the fact, it doesn't taste right. I was so disappointed I probably left 1/3 of it. I was taking scoops of mashed potatoes with each steak bite, to try to add seasoning somehow. I tried everything. Nothing worked. It just gave up!\n\nIt was a pretty bad steak...not the worst I've ever had, but definitely the worst $50 steak I've ever had. \n\nMUSHROOMS\nWell, certainly better than the steak, and while tasting halfway decent, it wasn't anything special. If I went to TGI Friday's or Outback or Chili's and got this batch of sauteed mushrooms, I'd have found it fitting, but if I paid $7 for them (and it was a pretty small batch), I'd like something with a little more creativity! \n\nINDIANA JONES & THE STEAKHOUSE OF DOOM\nI was really, really upset! I mean, even though it was free (company paid), which should make it taste even better, I couldn't believe what a waste of money this place was. Considering the $20-$30 roundtrip cab ride and having to swim through a roaring (and smelly) sea of children and parents for about a mile (exaggerating), there's more at \""steak\"" here (see what I did there?). \n\nEither A) the reviewers were all full of sh*t, or B) We got the C- cooks, because I can't imagine how an establishment like this could have gotten high marks anywhere. \n\nThankfully, I now know, I don't EVER have to go to Circus Circus again! If you're a curious person like me, then you probably do need to go here, just to say that you've tried it and conquered it. Otherwise, if you're solely on a mission to try actually good food. Skip this place!",,
1,"Normally my family is particular about sticking to the tried and true Chinese restaurants. It is rare to get my mom and dad to deviate from their regular rotation. When my dad suggested this place, it took me by surprise. The Yelper in me is always in search of a hidden gem.\n\nHK Garden is not that kind of place. It is jammed pack with tables of screaming, uncontrollable children. The Asian teacher in me wanted to expel some corporal punishment, but decided against it. A few stern looks were enough to get them into the seat next to their mother. \n\nThe service is lacking. Of course, it is lacking, it is a Chinese restaurant. Of course, I am going to get ignored when I need them most. \n\nThe food is a hit or a miss. \n\nThe seafood and tofu hot pot: hit. \nThe mapo tofu: miss.\nThe porks blood and intestine hot pot: hit.\nThe HK sweet and sour spare ribs: miss.\nThe whole fried flounder: hit.\n\nApparently if $40+ is spent, you get a free entree. We got the flounder. There is something else for $80+.",,
4,"Laura was great and my tan was perfect. I've had various spray tans and airbrush tans for other occasions and this was by far the best. Website was also well done and helpful re scheduling, as well as prepping and after-treatment instructions--a must-read if one is a first-timer...  Great job, Laura, I'll definitely be back.",,
4,"Very good.. you can find all my photos here :http://mydogsstudio.smugmug.com/Pets/Vegas-Pet-Expo\n\nthat was really a great day, good people, good dogs, perfect... ;)",,
0,"We have eaten at Manuel's many times in the past and have enjoyed the food.  Last Sunday we went for lunch ~2:30pm and found the \""greeter\"" standing at the bar talking with other patrons.  He came over and greeted, and sat us, then returned to his conversation at the bar.  That was the last employee we saw during our 15 minute wait - all within view of the greeter.  We finally left without ever being served - very disappointed and not sure if we will ever return .",,
4,"We just moved to Chandler from out-of-state and have depended on YELP reviews to find all the professional services we need! \n\nI could NOT be more PLEASED to recommend Rob's (super amazing) carpet cleaning!!  Wait until you hear my story...\n\nOk, so before I got to AZ, my husband had Rob @ I Clean Carpets come to totally clean our carpets and tile.  I am allergic to cats and the previous owners had several, so I was worried about that...well Rob did a fantastic job bringing our carpet and tile back to life, sans allergens!!  He worked SO hard and stayed here until LATE at night to get the job done.  My husband was really impressed!\n\nFast forward 2 weeks...I move in, (NO allergies from prev. cats!)  We have a sudden water leak from the water line in the bathroom while I am out...total flood in CARPETED bathroom!  UGH!  The plumber recommended I call a restoration company or rent a Shop Vac from Home Depot.  INSTEAD, I called Rob @ I Clean Carpets...\n\nBest Decision!!!  He came right out (even though he was booked!!), pulled up the carpeting, disinfected, deodorized, set up a industrial fan to dry the carpet and padding and said he would return later in the day to check on it.\n\nHe returned as he said, reattached the carpet and put everything back!  THEN, he repaired areas of the carpet where the previous kitties had shredded @ doorways.  He actually cut out puzzle pieces of extra carpeting to fill in areas that looked shredded.  The repairs look great!!\n\nRob just goes above and beyond what is expected!!!  Prices are more than fair and get this...he is a YELPer too!!  Can't be beat!\n\nThanks Rob!! :)",,
1,"I didn't think this place was that great, but probably because I have such great Greek places in San Diego that I'm used to so that I wasn't impressed with this place. The food was pretty expensive for what you get but I guess that's what you would expect from a mall food court. I got the Mediterranean chicken salad without the raisins (ew yuck raisins in salad) and didn't really think much of it. It wasn't really that flavorful so I guess the dressing could do some work. The salad was really big though and I couldn't finish it all. It had tomatoes, onions, corn, parsley, cheese, and chicken. I really think that the salad could do without the parsley and would probably taste a lot better with cilantro, but that may just be my bias love of cilantro :P. Since the flavor wasn't doing much for me I got some of the hot sauce they had and mixed it in with the salad and after that then it actually tasted a lot better. Even after the hot sauce I wasn't able to finish the salad so I brought it home to eat later. Usually I don't think it's a good idea to bring home salad because it usually gets all soggy and gross, but for some reason this salad was oh kay when I ate it later that night. I actually thought it was better when I ate it later that night for some reason. Maybe the salad absorbed more of the dressing? Or maybe because there was less parsley in it? But either way, I finished it later that night and it did taste better. Overall though if I had to chose a place to eat I wouldn't chose this place again.",,
2,"I will never forget this place due to that one night where me and my friends were doing one of my favorite activities by just walking around Fremont. We decided to grab a $10 chinese food deal at the Lanai Express and once we finished we complained about how bland the food was. \nThere's purple all over the place. I was waiting for a Prince song to start playing on the speakers. (I happen to love the music of his purple majesty.)\nOther than that story, the color scheme, and the super-boring buffet there's really not much to say about the place. It's old, judging from the clientele, decor and the words of my aunt which claim that it's pretty much exactly the same now as it was when she first came down here it's kind of stuck in the 70's, which makes it kind of cool actually in my opinion. If you're looking for a cheap, low-frills place to hang out which reminds you of days gone by, the Fremont definitely fits the bill.",,
2,"Pink's, I don't know how you seduced me, but you did. \n\nA small group of us stopped here because we were hungry and have heard people rave about this place. I was feeling brave and got the Chili Cheese hot dog burrito with two dogs, chili and cheese wrapped in a tortilla. It did the trick for a drunken evening, but man talk about super upset stomach! Maybe if I ever ate there again I should just try the basic hot dog.",,
4,"Love this salon! I went in for my first appointment today with Dustin for a gel fill with gel polish. When I first arrived my nails were a mess! He helped clean them up and make them beautiful again. I was also a little hesitant because I'm very particular about my stiletto nails, but he was spot on and such a perfectionist! The entire appointment start to finish was such a great experience. I loved it so much I have already booked my next mani/pedi for 2 weeks from now!",,
0,"Ordered the hot wings twice and both times they came with feathers, asked for the manager and the manager apologized only once and said it happens from time to time ( if this has been happening don't you think it should be fixed by now) Our food was brought out 30 minutes after and by that time everyone at our table food was already cold and most of us lost our appetite. The manager never came back to check on the food, the food runner had an attitude and the sever spent more time flirting with the table next to us than checking up on our returned food, the only thing good during my visit was our drinks. We frequently go to the Hooters in Anaheim, CA and we have never had something like this happen to us or received such unprofessional service.",,
2,"I was so excited to love this place, but I just didn't. Our food took way too long to arrive (we had to ask the waiter about it after watching two tables who arrived after us get their food before we did). The manager came out to apologize, and I understand that delays happen. So no big deal really. But then our food was pretty much tasteless - unless it was sweet. Slab bacon was gorgeous looking but had no taste whatsoever. Jalape\u00f1o butter brioche wasn't spicy at all, and there was no seasoning on any of the food within. Boule tasted like bread and egg with thick flavorless meat. And the kicker - no salt or pepper on any tables. The cinnamon French toast was yummy, luckily. And the donuts were flavorless except for the syrupy berries around them. I'm so sad to have to give it a less than positive review. Especially after all the raves I've heard. My fingers are crossed that things get more flavorful over time.",,
2,"I came here around 8:40pm on a monday night and there were around 3 parties already there. I went to the bathroom before sitting down and, low and behold, there was a humungous cockroach staring back at me while I was peeing! Ew\n\nMy friend and I both got the AYCE dinner for $22.95 and the appetizer labeled \""THE SHIT! must try,\"" which was more shitty than the shit in my opinion. My friend really liked it though. We also got the 2-for-1 sapporo deal, which was pretty awesome because we got 2 huge bottles that was enough to fill 4 cups. \n\nThe sashimi salad was hooked up with sashimi, which is good because I don't like eating a bunch of rice at AYCE places, as it gets me unnecessarily full. I also ordered salmon, yellowtail, and albacore sashimi, which all tasted pretty fresh, but definitely not the best fish. Really thin slices too. The sashimi roll was good too, stuffed with assorted raw fish and rapped in cucumber (no rice). My friend ordered a spicy crab roll (basically a california roll but with spicy crab), monster roll, baked lobster roll, and baked scallop roll, which were all pretty good. \n\nThis place kinda smelled like clorox, but it wasn't anything too overbearing.",,
3,"Came for brunch - had the Soy Sausage Benedict and Crab Omelete. Both were really good, especially the benedict which was made with Corn Bread instead of an English Muffin. Was awesome!",,
2,"Went here yesterday for lunch. Pretty busy little place at lunch time with the downtown business crowd.  Anyhow, there food is solid but overpriced. Nothing exceptional but nothing bad that I have had either. I had the salmon burger yesterday. The shoestring french fries were good, I am pretty sure they are fresh and that was probably my favorite part.  The salmon burger itself, which was recommended by the waitress, was extremely dry. I was hesitant to try it as they stated it was not a piece of salmon . I surmised it was salmon flakes with filler aka what I would expect from the frozen section at any grocery store. So going back to the dry salmon patty, the salmon burger had cream cheese - which again I am not a big fan of but I think the cream cheese and the copious amounts of mayonnaise helped offset the dryness of the salmon patty.  The menu stated that the salmon burger had a balsamic aioli, however I could not taste that at all on the burger and there did not appear to be any balsamic dressing on the burger.  I did like the bread and butter chips on top of the burger (there were five held on top with a toothpick).  My total for the salmon burger & fries, with no drink including a $2 tip was $15. I just don't see going back for the price that they charge. \n\nI overhead another waiter saying that the hangover burger was great, and my friend who got the hangover burger liked it but I just can't justify paying $13 for a burger unless I was at BURGR or the like.  If I am going to get a hamburger and it's not high end then I am an In-N-Out girl because, hey, that's what a hamburger's all about... but I digress. \n\nI went to MTO once before, about six months ago, and remember getting the salmon wrap. Again I remember it being okay but nothing really noteworthy. I split it with a friend and it is definitely not big enough for splitting. \n\nAs a side note, they serve beer for $5, there were some good choices Dogfish Head 60 - although they also had PBR, I question who would really pay $5 for PBR - although a friend pointed out he noted a resurgence of \""cheap\"" beer as being trendy - I haven't noticed that but I pay more attention to micro brews and wine myself.  But MTO seems to attempt to appeal to a sense of nostalgia by referencing wonder bread and Velveeta amongst other items, so maybe that is their justification for $5 for PBR? Anyway, long story short - okay to try but don't get the salmon burger unless you are in the mood for a patty that has the moisture of the Sahara desert and expect to pay a premium for pretty much anything.",,
4,Great specials. Today was chicken tender wrap $5.99 um um good,,
0,I came in for a trim and was butchered. After coming home and showering I noticed that over half my hair was gone when requesting about a quarter off. Stylist insisted on cutting more off during my cut. Ive been in tears for days. $100 haircut total waste and a year of growth gone.  Stay away from this place. \n\n*read reviews below* same issues with many other people. I just wish I read some of these reviews before I went to this place.,,
1,The offer of free chips and salsa should not be what brings you here...aren't they usually free anyway?! Carlsbad Tavern should focus their attention on the quality of the food rather than the quantity. Not impressed.,,
1,"Overpriced, Overhyped and underwhelmed! I was terribly disappointed with my experience. The food wasn't awful, but it was uninventive and one note.  I felt like they were trying too hard to be cute and trendy, rather than focusing the flavor and providing a balanced meal.  Also while I understand that a true improvisational cuisine is hard to accomplish with a restaurant that size,  it was pretty clear they had a set menu for the night and just rotated it between the tables. For example, I noted in my restrictions \""Vegetarian, eat dairy LOVE cheese\"".  I was served no dairy what so ever.  By my third course I complained because so far my food had been mediocre, and round 3 tasted like a stew, everything was cooked in the same broth.  Not to mention I couldn't cut through the asparagus with my knife or my teeth! \n\nThe server was great, when I complained she had them make me a new course, parmesan risotto. It was better, but not creative and definitely didn't have a \""wow\"" factor.    She also brought us out a nice cheese plate on the house, which was by far the best part of the meal. Overall, I was very impressed with the service and completely underwhelmed by the food.    I have no problem paying $$$ for a stellar meal, but not for one that left me hungry and craving protein! We won't be back.",,
4,"This was my first time here, and I am definitely coming back again! I was looking for a quick brunch place, and this is where I ended up! and oh boy! was i happy!!!\n\nWhen I went, there was no line (around 30 minutes to closing time). The man at the counter was very friendly in going over the menu and what they specialize in. Even upon entering the restaurant, all of the waitresses were UBER friendly and nice, Everyone said good afternoon and smiled. \n\nSo cool note - they marinate their corn beef hash in new castle beer!! At first, I was hesitant because I'm not a fan of the dark beer, but you cannot even taste the beer yet the corn beef was so flavorful. It was different, but in a good way. I got the corn beef hash, egg whites, biscuit and gravy, and hash browns - this was for two by the way haha \n\nI hear that it can get pretty busy here early in the morning, so it's best to come as early as possible. But it is worth it!!!!!! This has definitely become one of my favorite breakfast spots eben though I have yet to dine in - I took my food to go. Oh, and the portions are pretty big.\n\nDefinitely coming here more often!",,
0,Food is just like any other Chinese restaurant.. greesy and loaded w/ msg\n\nService here is a NEGATIVE 5. After being seat by the host a server comes along 15 mins later and took our order. Right after that the owners comes to our table and demand us move to a corner table so they can seat a bigger party. \n\nSave your money and go to Panda Express,,
1,"My boyfriend & I were desperate. We needed to eat something before we saw the Matsuri. So we ended up eating here. Yes, it's vegas and food is usually over priced. But at least over priced for good food! Anyway, we got a 20% discount check for this place and it still ended up overly expensive.\n\nRainbow Roll: $14\n\nAnd my bf got some kind of soup for $16.\n\nAnd we ordered soju (she told us there would be tiramisu soju but it ended up being a regular flavor soju). The soju is $18.\n\nThey included the gratuity tip to the check, it came out to be $50. Superrr expensive for pricey food. For $50, I would have went to the WYNN Buffet instead!\n\nAnyways, the food wasn't terrible but it wasn't delicious either. It was your average conveyor belt sushi. If you can, avoid this place and go somewhere with better quality of food.\n\nWill not be coming back.\n\nYes, this restaurant is extremely dead and it was on the 4th or 5th floor. And the escalators weren't working. Such a dead and ridiculous hotel. The line for check in were never-ending, the front desk to the bars in the back. It was hard to maneuver in this hotel. \n\nNo, Thanks. PASS.",,
4,"Recently we ordered a cake for a baby shower. When we arrived at the bakery, we were promptly helped with a positive attitude from the staff despite visiting on a busy weekday. \n\nWhen we returned to pick up our cake, it was ready and waiting for us. There was no unnecessary waiting time.\n\nThe cake icing and breading was soft, fresh, had a delicate sweet taste, and it was exactly as pictured in their showroom book. \n\nYes, Freed's does charge more for their theme cakes, but they live up to expectations and always leaves our family satisfied. We've been customers off-and-on for years and we always return to find the same quality product regardless of how much time has passed.",,
3,"A casual place to eat and drink in Tempe.  Lots of outdoor seating and is a great place to come with a group of peeps to eat, drink and be merry.",,
2,"Once upon a time, I actually stopped for a moment to hear out a Mill Ave promoter...\n\n\""Come in! It's only five dollars\"" shouts the peddler. I let out a hearty laugh. A cover on a Sunday night? Not I. After taking a glance at the hotties I had traveled with, the doormen obliged, and we were whisked to the second floor, feeling thirsty and excited.\n\nWe reached the summit of the staircase, with jaws held agape. This place was a ghost town. Should we leave and try to salvage our Sunday elsewhere? No, that's too risky, other bars could already be closed. So we stand in the empty lobby for a good 20 minutes, before the ladies settle for some bottle service at a table. You DO know, that's the only way to get a seat here, right? \n\nTotally. fucking. worth it. $40 lands a bottle of Strawberry Andre and a fifth of Skyy. A steal by club standards. It came complete with carafes of cranberry and pineapple-orange. My oh my, was this pretty nice. The promoter, who was equally worried about having fun himself (I like workers this genuine!) threw us some offers we couldn't refuse. I may soon be back.\n\nAtmosphere is sparse, and it could use a little upkeep. Also, there's a pole at every table, so women are apt to play stripper. They can be so trashy, yet i can't look away...\n\nAnd many drinks were had, and many skanks were laughed at. The end.",,
1,"Heard about Los Olivos from a friend who had been to the original one. They had nothing but good things to say so we decided to check it out. \n\nNothing about this place impressed me. The food was average at best and the service was terrible. We had ordered margaritas and I guess the waitress forgot to bring them buy. When we had asked for them again she told us she forgot and that it was just sitting at the bar so she would be right back. I was surprised when she brought it back because most of the ice was already melted, I figured she would bring us a fresh one but I was wrong. She didn't seem to care when I mentioned how my frozen margarita was now a lukewarm margarita.\n\nThat being said, I can put up with bad service at a restaurant when the food is good but I have had better Mexican at Taco Bell. The only reason I am giving two stars is because it was at least decently priced.",,
3,"The Kitchen Manager at Cien Agave recommended The Herb Box as a place to check out while I was on business in Scottsdale. The place did not disappoint. I had a great lunch sitting at the outside bar, and the service was great. I'm a big fan of restaurants that support sustainability, so The Herb Box fit the bill. This is a solid choice.",,
3,"Quality of food still excellent, but be sure to stress the importance of avoiding cross-contamination on orders for those with food allergies/sensitivities/autoimmunities.  Restaurant kindly offered to remake the dish after pita came in contact with the food; celiac diners will understand the severity of such potential cross-contamination.  Also, it's difficult to explain the necessity of \""not even a crumb\"" without sounding like a complete prick! Haha\n\nHopefully, the restaurant will take the opportunity to research and offer a gluten-free (under 20ppm) menu; many of the menu items are most-likely already GF.  In the growing market of celiac and allergen-sensitive diners, it would be a shame to have to avoid Pitta Souvli in favor of other establishments that understand, and train staff in, cross-contamination issues.\n\nTerrific food as always!",,
0,"Do not stay in a regular room. Just back from room 316- the nastiest hotel room I have ever seen. I never took my shoes off. Yes, the size is super tiny, cracked sink, filthy/old shower. Maybe OK for one person. The price is very cheap, but not worth it. I did see a suite room on the same floor and it looked very nice.",,
3,I love Harrahs becuse it is right in the middle of the strip and I love Carinval Court outside because since it tis outside you can see and hear the music...!,,
4,Quaint little establishment which serves great crepes with friendly service.  I had the dessert crepe with bananas and delicious maple syrup.  Reasonably priced and very easy to locate.,,
4,"So far, everything I have tried on the menu has been delicious.  Their Pepper Steak is good and they have great fried shrimp.  I also like their lunch combos.  A great place to eat and it is nice on the inside.",,
1,"Okay. I'll start off with this. I have been going to the original Grimaldi's under the Brooklyn Bridge since it was Patsy's. Over 25 years. I absolutely was thrilled to see this place at Boca Park since my wife and I just moved from the Big Apple in July of 2011. This review is based on a visit in Sept of that year. \n\nThe only thing this place had in common with the original Grimaldi's is the name. Sad. I don't remember much, but there was nothing special about it. I have I guess two categories for pizza. There's NY pizza and everything else. So I can eat a pizza and say this is one of the best I've had, or one of the best I've had outside of NY. My standard in pizza comes from places like Grimaldi's, Patsy's in Harlem, L&B Spumoni Gardens, DiFaras, etc... This place was nothing more than a chain pizzeria licensing the name. \nThe pie was bland, toppings terrible, no taste really. I will never go back. The waiter was really nice though.",,
1,"I really expected to like Breadfruit having read the other reviews and being recommended as a veggie resturant. REALLY?!? There is one thing on the menu that is veggie? I'm perplexed and underwhelmed. Anyway, not too impressed with the flavors, I thought it would be spicier... And it took forever to get a glass of water, forever to get our beers opened, forever to get our food. But i wanted to give 2 stars for a locally owned business that takes buying local serious. But maybe give us some more veggie options?",,
1,"I was running late this morning and the hunger pains were kicking in on my way to work when I made a quick decision to drop-by Starbucks.  This particular one has a drive-thru, which is awesome, except everyone else thinks so too!  The line of cars was too long for my impatiences, so I decided to park and make a quick run inside.  Let me reiterate my need for quickness, as in swoop inside, place my order, get my coffee and split like an overripe banana. Of course when your in a hurry, no one else is.  So was my fate today at Starbucks.\n\nI've always had terrific and timely service at this Starbucks' drive-thru.  The person taking my order is always chipper and pleasant, and when I pull around to pick up my beloved cafe mocha, I'm always greeted with a smile and a lovely \""have a nice day.\"" \n\nNot so when I entered the sanctimonious inner-chamber of Starbucks! No one to welcome me at the counter; baristas working here and there completely ignoring me; and me standing there trying to grab their attention with my awkward and annoyed demeanor.  Finally, a barista  glanced over and said something that was barely audible.  A minute later, he finally noticed me and said curtly, \""Wadda ya having?\""  \n\n\""Uh... a tall cafe mocha and, and, um, do you have blueberry muffins?\"" \n\n\""Aren't there any over there?\"" he pounced. \n\nI responded timidly, \""Oh, I guess so, I didn't look.\"" \n\nHe grabs a muffin and my drink and sets it on the counter.  \n\nAnother barista, a surly old dude from the East Coast, pops by and says, \""Wadda get?\"" I told him, gave him my credit card, he processes it, hands it back and moves on to the next person.  No \""thank you,\"" or \""have a nice day.\"" Nothing.  I was kind of stunned and walked out with a little huff and puff... and I wish I could blow his house down!\n\nSo the lesson of this little story? Avoid the inside of this Starbucks at all cost, especially in the morning. Obviously the real gems work the drive-thru. \n\nI guess Starbucks 3hr shut down last week didn't cover customer service skills.",,
4,Live and drink here,,
1,"Burger was just OK, service was good, salad & dressing were nasty! Way too expensive for average food. I'd rather get a bistro salad at Trader Joe's for $4!",,
1,"Strike number three for Five Guys. No longer in my rotation. Take a seat on the bench. I'm pretty sure I can't come up with anymore baseball euphemisms... but it doesn't matter because I simply do not like these burgers and fries.\n\nI've wavered about Five Guys and I stayed away for a long time. This afternoon I was in the area and decided, hey I'll try it again. Well I might as well have just gone to Chipotle since my gut was telling me to.\n\nThis go round I ordered the Cajun fries, which come with a Cajun seasoning. It does have a kick, but to say these are amazing? No way. I was feeling pretty hungry so I went with the \""Cheeseburger\"" (two patties) and I just can't say it's that good. I think it may be the way they wrap the damn thing up so tight. It makes the burger become super soggy super fast. I just feel like I'm eating a mooshed up wanna-be burger. I'm sorry, I feel as though I shouldn't be bashing them this bad, but I'm just so disappointed.\n\nAnd overall the price just does not reflect these burgers. $11 is too much for a combo meal I don't care how many fries you over-fill my bag with.",,
4,"Took our Mountain Bikes in last week for a tune up.  Found the people to be super nice, honest and fast!  Bikes were done same day, look and work great!  We will be regulars for sure when we need anything.  Ask for Matt or CJ, they are Awesome.",,
4,"Tried this place with my hubby for a snack and totally fell in love with their food. It's a great cheap eat in the heart of Vegas (next to the Wynn). Make sure you taste their spicy pork tacos! They are just fantastic! (and cheap, 1 taco = $2)",,
0,Was on hold for ten minutes before they hung up on me... They didn't say one word.... I got one though... Bullshit!! I want some god damn Pizza Hut lol!,,
2,"So I ventured in here today for a quick nosy hoping to see what was on sale. I figured nothing in these economic times could be TOO expensive...They had a lot of their items FULL PRICE much to my disdain, but I was pleasantly surprised to find a large bin on throw pillows for 75% I personally was in need for some and bought some super cute ones for $6.00 each originally $35.00 yeah great deal!!! So I was a happy camper...I even found two that matched that weren't damaged SCORE...\n\nThey were setting up for Christmas so it was a little jumbled, but they had some cute Halloween stuff out but it was weird half the stuff was marked down and half wasn't, it was so confusing I just passed. I don't like the guessing game, either mark down the season or don't KWIM?\n\nAll in all though a typical Pier One except for how disjointed everything was it was hard to find things, and they just don't have the cute sets of furniture like they used to :(",,
2,"This location is much better than some of the other downtown Pittsburgh locations, but only because the guy who makes my create your own salads is really really friendly. I love that you can create your own salad; however, for $7.99, I wish the lettuce was always at the peak of freshness. It sometimes is, it sometimes isn't.\n\nI like the variety of soups; however, if you want mac and cheese, come early because they always run out of it. The tuscan bean is good, as is the tomato bisque.\n\nThe roast beef with herbed cheese on a baguette is my favorite sandwich, and this one has never every let me down.\n\nPerhaps if the prices were a little lower, I would be more satisfied with the quality of the food.",,
0,"We brought our truck in Oct. 2011 for brakes they charged   $800.00 for brakes and rotors, now it is only august 2012 and we brought it back because of pulsating of brakes and they said the rotors were warped and needed to be turned already, apparently they are not using factory recommended parts just cheap ones!!! Very disappointed.... our last brake service before combs lasted 7 years and none of our driving habits have changed.",,
2,"We went there for a late lunch today.  There were a lot of wait staff, but only two 20 something customers.  The menu is pretty much pizza and salads.  My husband was the one craving pizza, so I let him order a sausage, mushroom, and onion regular 16\"" pie.  The pizza is New York style; thin, chewy crust.  There was a nicely spicy sausage, a real stringy cheese and fresh mushrooms and onions.  Then why didn't I like it?  It's the crust, Mr. Pizza Man!  Yes, they were spinning and twirling it.  Yes, it had pockets of char.  But overall it had NO flavor.  The pizza at Settebello is so much better there is no contest.  \n\nThe service started strong with quick drinks and refills, but ended on a bad note.  We not only got the wrong bill (nope, we did not have salad and Tirimisu.  The only other customers in the house did.), but to add insult to injury we practically had to stand on our chairs and shout to get it fixed because all the staff was flirting with the 20 somethings.\n\nWould we come back?  Nope.",,
1,"20 oz beers OK, but  $8 for that beer, hrm. Loud thumping music makes it difficult to have a conversation - on the phone or otherwise. If you've got to wait for a plane, meh, it's alright, but wouldn't be my first choice in the future.",,
3,"Solid! Good sized portions, decent quality meat. Better than Samurai Sam's.",,
4,"Probably the best on campus. They spray A LOT for bugs, which is awesome. They take care of almost everything right away. It's a family owned business and they do a great job. \n\nThe only thing that was  odd  was their payment plan. It was a bit confusing but just make sure to ask lots of questions.",,
3,"Came here last night to study w/ a friend and THIS PLACE IS SO CUTE :D I love the ambiance here. Free wi-fi is always good although a bit slow. I really wish southeast had cute little places like this! \n\nI ordered their green tea since it is refillable and green tea anything is always good. I really love the setup of their decor and hot teas w/ a small fire underneath the pot. Pot is very heavy though, needed my friend to help hehe\n\nI wasn't even planning on eating their honey toast, but there were other groups of people who ordered the honey toast & it made the cafe smell even more delicious so we had to try it too. I split honey toast w/ two other people. That thing was HUGE, I could never finish that by myself .___.\"" The inside was the best part: Very fluffy, warm, and flavorful.\n\nI'd definitely be a regular if it was closer to my home! I want to try their other hot teas, as well as their pistachio & green tea lattes the next time I'm around the area.",,
3,"Ahh a good Thai place kinda close to our house! I love that this place is small. The service is great and the food is wonderful. What do I recommend? Drunken Noodles. I haven't had Drunken Noodles like this in SUCHA long time. We only tried two dishes but we will def try different ones each time we go. They have soy \""meat\"" which is kinda cool because it's a good alternative to tofu. Same owners as Thai Cuisine - which I also approve of. We will def be back.",,
3,"I've had different wait staff experiences to include a very very attentive and concerned waitress as well as a waiter that made us feel like we were bothering him by being there. I've also felt as if the main dining room is where all the action and attentiveness is focused(I love sitting in there)  and the back rooms are more forgotten about and not as cozy.  \n\nOverall I love love love their food. The chicken parmigiana is phenomenal, spaghetti is amazing and their pizza is to die for. The garlic knots are a must to start with. Everything  is fresh  and doesn't have that \""sitting in a warmer\""  taste. Kids can make their own pizza to feel all important...there are mini tvs on some of the tables and the best part is a great selection of wonderfully priced  beers, wines, and even wine coolers! \n\nI had family in town this week and they really enjoyed the food. (Unfortunately not the waiter or service) this won't discourage me from going there again. I will request the main dining area though. This place is a cute little date night type of Italian restaurant. Enjoy!",,
2,"I've been wanting to write this review for a long time. Every experience at Frank and Lupe's is pretty much the same so I think I can sum this up quickly.\n\nService: friendly but VERY SLOW, I wouldn't recommend coming here if you have somewhere to be after dinner. Slow to seat you, slow to serve you, slow to pick up your check.\n\nFood: I love the chips and salsa. The mole here is incredible!! The shrimp fajitas are good too, but inconsistent. And, I had a bite of my friends poblano cream chicken enchiladas -- the sauce was delicious but the chicken was bland. If you are looking for a good taco plate or enchilada with rice and beans...move along because the rest of the menu is bland-to-mediocre at very best. The last time I was there the beans were undercooked and the rice was flavorless. MOLE OR BUST! It might be the only thing worth coming for. \n\nSummary: The mole alone would get 5 stars but I realize it's not for everyone. Thumbs down for the service and the remainder of the menu (for the most part).",,
2,"There are a lot of Chinese restaurants around here.  Unfortunately they all kind of taste the same.  The food here was good, but nothing stood out as extraordinary.",,
3,"Let me just preface this review by saying, I really really didn't want to like Pizzeria Bianco because of all the hype I have heard about it. Unfortunately (or fortunately I suppose), I actually did like Pizzeria Bianco. While I cannot say it was the best pizza I have ever ate, it was good and I walked away a pleasantly full and happy gal.\n\nTo avoid having my opinion of Pizzeria Bianco swayed one way or the other by a potential 3 hour wait, and since I don't feel like any food is worthy of a 3 hour wait, I went with a group of 6 friends and made a reservation. My biggest advice if you are going to make a reservation, make it way before the date you want to go! It took three times calling for a reservation before I got one...last night the hostess shed some light on why...they only take one reservation for each time slot. If you do decide to go without a reservation, take advantage of drinks and apps beforehand at either Bar Bianco or Rose and Crown!\n\nPizzeria Bianco is small and tables are very close together, so if you don't like dining almost on top of the table next to you, I suggest skipping this place. Our waiter was friendly and provided good service most of the night. Coke comes in the old fashioned bottles and the alcohol selection is a bit small, but I guess the focus is really the food. Our group started with an order of the spiedini (fontina wrapped in prosciutto) and an order of the tomato and mozzarella as appetizers. Definitely if you are with a group, order at least two of the spiedini, as it only comes with two skewers which only affords each person a very small bite. The tomato and mozzarella fed our group easily, so one order for a group of 6 should be fine. The tomatoes were so fresh and juicy, and the mozzarella was super fresh as well...all and all, it was probably the best caprese I have had. Both appetizers were winners with our group. We also went through two plates of the bread and olive oil before our pizzas arrived...my only complaint was that I prefer when restaurants put a bit of seasoning in the olive oil to kick the flavor up a bit.\n\nWe ordered five pizzas...2 Biancoverdes, 1 Margherita, 1 Rosa, and 1 Sonny Boy. We probably should have just gone with four pizzas, but with five, we had leftovers for some people to take home. I really enjoyed the Biancoverde and the Margherita, although the Biancoverde was by far the heaviest of the pizzas and had intense flavors. It had a bit too much argula for my liking, but it was very good. The margherita was simple, yet tasted very fresh and had a good cheese to tomato ratio, which is very important in my book for a quality Margherita. The Rosa and Sonny Boy were hits with our group as well, although I think the Sonny Boy was probably the least favorite of the four kinds we ordered. For the two appetizers, five pizzas, a glass of wine, a coke, double expresso, and a cappucino, our bill came to $111...when we added in the tip, each person in our party of 6 paid $22. I thought that was incredibly reasonable and actually much less than I had been planning to spend.\n\nThere were a few negatives about my Pizzeria Bianco experience:\n1. Parking - the lot for PB customers was full when I arrived at 5:30 pm, so I was directed to the garage on 5th Street which was fine. However, even after getting my ticket validated at PB, it still cost me $3 to park. Not a huge thing, but I think that people turned away from the lot (which is free) should be told that they will still have to pay to park at the garage, just at a discounted rate.\n\n2. When we arrived at 6:30 (time of our reservation), we had to wait for 15 minutes for a table. Granted, not a three hour wait, but it just irks me a bit when you have reservations for a specific time and then are still made to wait.\n\n3. The table of two guys next to us were asked to leave by the hostess...she told them they could finish their beers outside or next door, but they had to leave so a party of two could be seated at their table. I have never heard of something like that happening before. Our group was a bit shocked and as my friend said, \""I guess to be a hostess here you need to have quite a pair\"". \n\n4. After we got our check, we waited over 15 minutes for someone to take it and bring the change (we paid in cash). Our waiter never actually came and got it...the hostess overheard us wondering when someone was going to come and get our money, so she picked it up and handled it for us. The funny thing was that there was a group waiting for our table outside! \n\nOverall, I would say Pizzeria Bianco is a 3.5 star establishment, but I'm giving it 4 stars (Yelp really needs half stars!) because the food exceeded my expectations in terms of quality and freshness, and our group walked away quite happy with our dining experience despite a few hiccups.",,
1,"I'll start this review by saying we've heard from friends that this Mexican restaurant was a great place to get a good margarita bigger then your head and some decent Mexican fare. As we're always looking to try out new restaurants, we thought this would become one of our new favs...and decided in the end that, sadly, it will not be on our list to revisit. \n\nNow, I will say I did not try the margarita (it was a \""school night,\"" so-to-speak), so I can't vouch for how delicioso it is. What we did end up ordering was the guacamole, which underwhelmed, and both the enchiladas and the tacos were mediocre. The service was quite slow (not sure if that was due to a lack of sufficient staffing or the fact that our server was more interested in the telenovela then us). \n\nOverall, would say for a stellar Mexican restaurant experience, we'll head back to Cantina 1511. Prices are a bit higher, but food, drinks, and service are always fantastic.\n\nUPDATE: shortly after posting this I received a note from the manager asking for additional details and requesting that we give Three Amigos one more try. On that alone we will go back and see if our experience was just a fluke. Responding to my review that quickly makes me think that they ARE serious about customer service. I'll post again once we've had a chance to check it out.",,
0,"I called to see how much a synthetic oil change would be, the guy said $54. I walk in literally 10 minutes later and ask for the same thing and the girl says $59. I told her the guy I talked to said $54 and that I also had a $10 off coupon from the last oil change I got at another sears location. She said they had a deal and it would be better to go with their promotion. 1 hour later they call me and say I need a new air filter , tire rotation, and coolant flush and they were having a friends and family discount so it would only be $80 for all that. I passed on that offer. I go back to pay and end up paying $54 the original quote I got on the phone. My $10 off coupon went to waste and they only offered me the F & F discount if I got all that other unnecessary stuff done yet the lady before me got the F & F discount on her oil change! I'm never coming back here or recommending this place to anyone and I hope them ripping me off was worth my loyal synthetic oil changes.",,
4,this is my go to bank. im suprised that this bank has such a low yelp rating.mthe store manager benjamin actually helped me open 2 savings accounts and taught me quite a bit about emergency savings and main saving. i am forever grateful as i am still very young- 16. and i dont know too much about money management. after spending an afternoon here talking with ben he was very helpful and understanding and met all of my banking needs. i go here to cash my checks every couple of weeks and i always put a chunk into each savings account.,,
4,"I came here and spent $40 (!) on dinner here, and you know what? It was worth every penny, if not for the desserts alone. Food was amazing (laser-cut crab legs!), and there was a very wide range of cuisines. Definitely would come again, but for lunch when it's (hopefully) cheaper.",,
1,Really disappointed with their selection this year and the only really cute styles they had were in size 5 in women's pretty much a waste of time unless you're getting the standard solid colors,,
0,"This isn't a review of their food - but rather of their means of advertising.  STOP DROPPING YOUR CHOPSTICKS IN MY FRONT YARD!  If you want my business, get better reviews (i.e. better food/service).  I had to dislodge your chopsticks from my tire yesterday!!  Annoying.....",,
2,This was a perfectly serviceable frozen yogurt joint.,,
4,"I absolutely ADORED Sushi Roku while living in LA for 10 years and am so happy to have them here in Vegas, too!  Had an awesome experience Friday night - great ambience and incredible food.  We had a great view of the Strip from our window table. Our server was very good and we had lots of attention from Johnny, the GM - he took extra care of us and made sure our experience was superb.  The sushi and cocktails are top notch - we tried the black truffle hand roll which was very flavorful and unique.   I recommend the shishito appetizer (Japanese peppers) - excellent preparation.  We also had seaweed salad, makoto roll and a roll from the specials - everything was super fresh and incredible.  We indulged in lychee martinis and even splurged on dessert.  And after an incredible meal, you get to walk it off afterwards by shopping in the Caesar's Forum - a perfect end. I love to take visiting company here, it's a great Vegas experience.  I will be back soon!!",,
2,"Mixed feelings. The apetizers were PER-FECT. Like, the best fish we had had in a loooong time. But then our second courses were so underwhelming it just didn't step up to the apetizers! It's quite pricey, too, because you need 5-6 plates to make it a dinner for two. I'm still pretty sure I will give it a second try just because the fish was so amazing.",,
1,Chicken fried chicken was dry but the green chili macaroni and cheese was good. Service was OK.,,
0,Their phone number is disconnected and their last and only 3 reviews  were in 2010,,
2,"Where do you go when you have a couple people you're trying to feed with varying levels of adventure-seeking when it comes to food? Brixx Pizza. It offers thin crust pizzas from the ordinary (margherita) to the unusual (spicy shrimp) to rich pastas to sandwiches and wraps.  You can get the crusts in either regular or gluten free (meh) but they also offer a vegan cheese which is pretty darn good!  I always got the Brixx spinach salad with salmon as my go-to dish that didn't make me feel guilty like a pizza, but alas, the average quality of salmon I've had hasn't been great the last year or two (across locations) and they've overcooked it.  So now my favorite salad is the arugula pear with spiced pecans- YUM! \nThey offer a large beer menu and you can get an \""MBA\"" - Master in Beer Appreciation which is like a passport of all the beers they offer. \nThe service tends to be generally attentive but not particularly happy- in sharp contrast to the staff of 10-15 years ago (I've been coming here a LONG time). The renovated restaurant is definitely more comfortable but I wouldn't say it's a place I would want to hang for a long time unless I'm outside.   \nIs it the best pizza in Charlotte? No. Is it a safe choice for just about anyone? Yes.",,
0,"Don't believe the hype. Mediocre food, service! For a place that is jammed packed you expect a lot more!\n\nWent there for dinner ordered the spring rolls which were mediocre at best the had the chicken penang which was ok and the had the charbroiled beef which was undercooked and very fatty. Waiter didn't ask how I wanted the beef cooked so I had two little pieces and my wife had the rest. Then the dessert had the mango sticky rice very salty ice cream tasted powdery very disappointed. Interior needs a makeover it's outdated and its not in the greatest part of town. Service was way too slow. I was eager just to leave this place.\n\nWould not go out of my way to eat here. Don't think I would come here again!!!!",,
3,"Place was pretty cool the music was awesome and the dance floor was sufficiently packed with room to move though. I don't know about the price because my friend and I were stopped and given wristbands to get in free. I had a really great time and I would definitely go again. The music was hip hop and top 40 which is what I like to dance to. There were some hot ladies dancing on stage and the DJ knew what he was doing. It was a lot of fun. There wasn't a dress code or anything, my friends were wearing flats and flip flops and myself and one of the other girls were in heels and jeans because we hadn't really planned on going to the clubs that night until the club promoter offered us free passes. The drinks were average price and were pretty strong. I loved it",,
0,"HORRIBLE. Each time you call it takes 10-30minutes for someone to answer the phone. When you go for your appointment, expect to wait for about 2 hours in the lobby. I am getting billed for things they say were fully covered. I am also getting billed for a \""missed appointment\"" that I had cancelled way ahead of time... which if it wasn't cancelled, they should've called to confirm which I would have told them was cancelled. These billings are non stop. When calling to wait that 20minutes to make the appointment, you have to schedule 1-2 months ahead.\n\nThough this place is nice and the medical staff is nice, the wait for everything is not worth it. There are better doctors and staff elsewhere.",,
4,Hubby and I tried this place for the first time a couple weeks ago. I was in search of Bubble Tea and discovered they had it. The food was amazing and the Thai Tea (with boba...hubby got a smoothie with boba) was what put this place up and over the top for us. We went back again this afternoon for lunch and was pleasantly surprised with 2 free egg rolls. We have found our new favorite Chinese restaurant!!!,,
2,"Now the Medley Buffet, We came here on a Friday for lunch for $9. We used 10k points for $10 of dine-in credit. \n\n- Like a Feast buffet but a different Chef. They took the chef from Red Rock. \n- They have a buy 1 for 2 promo Mon-Thurs only.\n- Ribs are tough.\n- I come for the Mexican food! Yum! \n- Make yourself taco fries and meatball tacos with sour cream! \n- No sushi for lunch\n- Single price is $9 with players card but at a station casino, it's $8. \n- Fried chicken is worth getting\n- Leave with an ice cream cone!\n- Good value.",,
0,Worst experience ever die up sells me for wax do the wax tell him to get VIP car wash don't even wash the interior didn't even wipe down the dashboard got no sense will never come back to this place,,
0,"Seriously? If you cuss the bartender will correct your word choice and possibly kick you out? Don't get me wrong, there's no need for gratuitous cursing, but it's called \""colorful language\"" for a reason -- it adds affect. Besides, this is an adult establishment, right? Where are the impressionable children and easily offended nuns? P*ss off.\n\nAs my accomplice said, \""This place is a f*cking time warp.\"" (Luckily out of ear-shot of the bartender.) That wasn't meant as a compliment. Rather, an observation of the tacky lounge-jazz on the juke box and inordinate amount of gaudy tiger decor filling up every square inch of wall space. Gag me.\n\nIf I'm brought back here, I'll be the one kicking and screaming in defiance.\n\n*For the record, I did not get kicked out. I just didn't like the feeling of having to watch my language so closely when I'm, go figure, AT A BAR!",,
4,"Omigod, I don't know how we managed to miss this place in the 9 or so years we've been in Vegas!  I'd heard about it forever, but finally went after a performance of La Cage aux Folles at the Smith Center ran a lot longer than we expected.  It was late, we were very hungry, and I figured they'd be open.\n\nI was unprepared for all the neon.  But I LOVE neon, so this place had my kind of vibe.  It took a long time to slog through the big menu, but as we were looking I was also noticing the size of the portions passing by, so we decided to share an omelet, with hash browns and a toasted bagel.\n\nThe omelet was gargantuan, and when I asked our waitress how many eggs it had, she said \""about 10.\""  That meant four eggs for me, since I always make sure hubby has a bigger portion.  That's usually my quota for six months.  I've never been a big fan of home fries, but these were the bomb;  I just couldn't stop eating them.  My only nit was the bagel, which was barely toasted, but I think even more toasting couldn't have saved it.  You can't pass off this thing with a whole to a New Yorker and really get away with it.  It looked like a bagel, but didn't quack like one.\n\nWe didn't have drinks, but had a good time looking at the mammoth drink being shared at the table next to us.  Next time we will indulge, either in the restaurant, or in the lounge, which I made sure to check out before we left.  Spectacular!, and I can't wait to try it.\n\nThis all took place the night before I was to leave for Jersey for an extended period.  The next night, friends were arriving from the East Coast, and where did hubby take them?  You guessed righ.  And that couple liked it so much that all three of them went back the next night, too.   With all that food, I hope I'll recognize my husband by the time I get back!\n\nPeppermill is the closest thing to our beloved East Coast Greek diners, but in true Vegas style, glitzier, bigger, brighter, and over the top.  In a good way.",,
1,"I love Thai food, coming from San Diego I am used to great Thai food but this place just didn't have it. The food was ok and the service was slow but the thing that got me was the use of Jalapeno in Thai food the flavor just wasn't right and when I asked for fresh Thai peppers I was given a pot with sliced jalapeno in fish sauce seemed like I was in a Mexican restaurant trying to do Thai food.\nAlso the first 3 things we tried to order were not available, either we were very unlucky or they were under supplied in the kitchen that day.",,
3,"So I heard this place was more \""disgusting\"" than XS.  Which means I had to go give it a try.  There is a line at about 8 o clock at this place...which means if you don't get in early, your pretty much waste your night waiting in line.  Cover was a bit more than XS, i paid $45, and when I got in I was sort of disappointed.   They have 3 levels.  The top level is a loungy area with pool tables where you can hang out.  The middle level is the main level with a decent sized dance floor and a patio that opens outdoors to a small pool.  The bottom floor is the hip hop floor which I though was a little tight and hard to get around.  The ambiance and decor is nice, but I prefer XS cause I just felt more comfortable there.",,
4,"I lived in Los Angeles for several years and enjoy vintage shopping. When I traveled to Tempe on business, I discovered the Meat Market Vintage shop. They carry quality vintage clothing and great prices.",,
1,"First time back to this place in several years.  Also one of the first times I've had a beer that was essentially undrinkable.  Fun environment, but I wouldn't go back again for the beer alone.",,
0,"overpriced, overrated and bad service\n\nMy family and I (5 with three kids) decided to try Serendipity 3 after reading some great reviews on it in our hotel places to eat booklet.  They had it rated with Bouchons in the Venetian which is an absolutely great place to dine.  Serendipity was horrible..overpriced very basic root beer floats and shakes that cost half the total bill.  I've had much better in Johnny Rockets or McDonalds(seriously) for shakes. Service was bad.  It took about 30 min for those basic root beer floats and shakes.  Then the food was bland with no taste..I had chicken pot pie, my wife had the don't be afraid of my alfredo....be afraid of the Alfredo.  Olive Garden is better.  All the entrees were bad except for my sons wings...they were ok...not good but ok.  Don't fool yourself..this is not a good place to eat.  Vegas has so many other better choices.",,
3,"This is a solid little bakery/deli. If you know me at all, you know I love my Middle Eastern food and I love little Middle Eastern places like this. So, without being biased, I'll list what was good from this particular spot:\n\nGreat lemonade which is accented by orange flower.\n\nGreat falafel! Yes, the falafels here are wonderful and bite size!\n\nGreat pitas. A little on the pricey side for a bag of them, but I've been eating them all week and I don't feel like I wasted a penny. \n\n**They also make their own pita chips dusted with za'atar! Those with some labne would be scrumptious!**\n\nGood shawerma, got a pita sandwich with tahini and was pretty pleased.\n\nOkay hummus. Definitely not the best I've had, but much better than the plain stuff you might get from a super market.\n\nI'm definitely going back to try more! Next on my list are the spinach pies, their labne and their fresh pitas covered in za'atar.",,
0,"As someone else mentioned, I wish I could give zero or negative 10 stars. This service is horrible. I've had Clearwire for over two years. The first year was great. As they grew and became more popular in Vegas, however, it got worse and worse.\n\nClearwire throttles heavy users. They don't admit to doing it, but they do. Usually it only happens to me at night when their usage is heaviest. Today, it's been all day long. It is worse than dial-up. I work from home and I find this intolerable.\n\nI called Clearwire and they again repeated the lie that they don't throttle (even though you can find proof from other users posted all over the Internet). I ran a speed test and, check this out. They promise 4G service. My download speed is 2.09 Mbps, upload is .28. Yes. . .point two eight. As I type this there is at least a one second lag before each letter shows up.\n\nI am so over this. Yes, it's cheap. But if you depend on being able to work online, spend the extra money for a better service. I did a lot of research and am having CenturyLink installed tomorrow. Yes, they actually gave me a next-day appointment. I've read negatives about both Cox and CenturyLink, but nothing can be as bad as Clear so I'm not worried.\n\nIf all you do is check your email and do light Internet surfing, you may be fine. But if you want to watch YouTube videos, download photos or anything normal users do, forget it. It is not worth even the small amount they charge.",,
2,"As much as I love this place'a good (which is whys gave three stars), they constantly get my order wrong. I order no pico, it comes with pico. I order guacamole, it comes with none. Sometimes I am missing whole items. There is never consistency and I just assume my order will be wrong. The kicker is, they always read my order back to me. Hopefully it gets better, but I suggest going in to ensure you get everything correct.",,
1,"For a place with so many vegetarian options, I've been sorely disapointed to see that most of them include the same couple vegetables. I don't consider myself a picky eater, but the vegetables I don't care for much are summer squash, cauliflower and undercooked broccoli. Somehow, they seem to be featured in most vegetarian dishes they serve.\n\nThe other option is their medeterrianian style food, in which case, head across apache to Haji Babas pronto and get some authentic cooking for half the price. Last time I went there, I almost ran across the street and bought a tub of hummus to show them what it should taste like. \n\nI'll eat here if someone else is paying, but I usually try to talk them into something else. The food is consistantly edible, but nothing special.\n\nI can sum this review up in one word: BLAND",,
2,WHEN do they EVER have the show going on?? Been there two times: dinner and was told have to go to Sunday brunch for show. Sunday brunch today STILL NO SHOW???!!!!,,
3,"I lived in the Charlotte area again from 2010 to early 2013, and my wife and I ate at this Brixx location on several occasions. I love a good wood-fired pizza, and Brixx doesn't disappoint. Not a big beer drinker, so can't comment on that, but the pizza is great. I have also eaten at the one in Dilworth. Different vibe, but same great food. Now that I am back in Colorado, my best wood-fired pizza is A-Town in Aurora (which is great), but it lacks the ambiance of Brixx.",,
3,Excellent wine by the glass. Cheese and meat platters delicious !,,
1,"I had the chance to eat here over Dad's Weekend this past fall.  The food was overpriced for the level of quality.  The restaurant was very loud, and my party was seated right next to the kitchen. To make matters worse, the lighting in place feels like stage spotlights.\n\nI miss the old downtown Champaign location.  The Urbana restaurant lacks the charm and coziness that the Great Impasta once had.",,
2,2.70 stars.\n\nThe Flamingo is one of the iconic hotels and is right smack in the middle of the strip so as far as location you couldn't get much better.  It is nice to have a short walk to the strip rather than the customary 1/4 mile hike that you get at most mega hotel/casino's.\n\nThe lobby area is interesting with all of it's marble and retro decor.  The rooms are dated and a little tired but it's not entirely bad...sort of a throw-back to the Vegas heyday.\n\nDid I mention it's right on the strip?,,
4,"Wow! I'm really glad I came here tonight! I've heard lots of good things about this place and finally came here for dinner tonight. What a treat!  It turned out to be a really positive experience, and I had a good time.\n\nMy friend and I were seated right away and we decided to sit inside instead of on the patio. Neither of us had been here before, but since it seems to be a popular joint, and we had an idea of what to expect.  The place is an old house turned restaurant, and its really well decorated.  Nothing over done, but done just right.\n\nOur server was real a real cute guy, and he told us all about the menu.  If you want to get one pizza and do half and half, you can do that.  They also have a great wine and alcohol menu as well, and I wish I would have ordered something to go with my pizza.\n\nI went with the dovita pizza, which came with cheese and salame.  Tasty!  My friend got a half and half pizza, but I can't remember which one.  Food was all around good, and service was awesome.\n\nI would love to return in the future as it was a really wonderful experience.  I love you Cibo!!",,
2,"If you are a football fan this is the place to be. There are more TVs than you can watch and they play all the games at the same time. They don't have the best drink specials, but they do have a \""Big Unit\"" hot dog that is almost 2 feet long. BOOM!\n\nThe dudes wear make-up like Alice Cooper and the outdoor patio is nice when the weather cools off. Solid 3.",,
4,"Tried unPHOgettable, the name captured me. Had #8 pho and my brother had #25, they were both ridiculously delicious. My pho was cooked amazingly well, added tofu, which was brilliant, and the jasmin iced tea was pretty great as well. Anybody who wants a well priced delicious bowl of pho, this is your next stop!",,
4,"Yelp is just such a help when searching for places to eat. Having come across this on yelp we decided to give it a try. The parking lot is waaaay tooooo small for the amount of people who dine here, but somehow we managed to secure a parking spot. \nOnce inside we found out that there was a wait, but she mentioned that there was availability at the bar. We immediately decided to sit at the bar and we were waited on right away.\nAll of the burgers looked great and we both had no complaints over our food whatsoever. Very tasty and loved the fries as well. \nI would go again in a heartbeat, and certainly hope they make their way to Raleigh some time soon.",,
3,Really impressed with the service and selection. They have a system where you turn an egg on the top of the table to notify the staff if you need help!,,
3,"I've always held a special place in my heart for Cheba Hut. It was definitely a college staple. Who would want a full \""Blunt\"" of \""The Kind?\"" Yes, it may have a little of the pothead culture to the place but that adds to the appeal. \n\nThe sandwiches are baked, which really brings out the flavor of the meat and cheese. The toppings are always fresh and delicious. Who doesn't like that they have Kool-Aid on their drink menu? \n\nCheba is definitely a spot I love to hit every time I am in Tempe. The atmosphere is great and the staff is really laid back. Who'd a thunk? If you are looking for a good place to get a great sandwich, definitely check this place out. So much better than the chain stores out there.",,
1,"Went twice to this restaurant. During the first time we were given French menus and had to wait for another table for them to order and take their menus and they were taking long. Also, there was no pizza which is one of the signature dishes. The service was very slow. \nThe second experience was even worse. The service was slow and bad. We were the first to be in the restaurant and were the last to get our food. The food came cold. The ambiance was weird, from well-known symphonies to radio station music and shows. It sounded like we were in the gas station across the street. There are some good dishes but it wasn't worth the bad service and weird ambiance. \nFinally, this restaurant is defiantly overpriced.",,
4,"By far my favourite chain steakhouse. Went here for my boyfriends birthday. We had a room at Harrah's so we just had to take the elevator down to the restaurant. I even got to collect Total Rewards Points on the meal.  I'm shocked we didn't eat here every night. \n\nDisappointed no one offered my boyfriend dessert since it was his actual birthday and I must have mentioned it the staff at least twice. I'm not going to dock stars for that, because we were too full for dessert.",,
0,"Avoid this place like the plague.  Jack isn't a nice guy, he isn't dependable and he will lie straight to your face.\n\nBrought my car in because the check engine light was on and we had been told we needed to replace the timing belt.  They were the most resonably priced (what a joke that phrase turned out to be) and could have it back to us a few days.\n\nNow the nightmare began. \n\nAfter over $1,400 dollars in repairs, I picked up my car and drove home.  The following morning, same problems with the car - misfiring and the check engine light was back on.  Back to the shop we go.  Now we have new problems!  $500 later, more repairs.  The next day, car was misfiring and you guessed it, check engine light back on.\n\nBack to the shop we go!  More work (that they didn't charge us for, but I don't believe was really done) and they PROMISE the car is better than new.  \n\nRiiiiight....\n\n10 miles down the road, car is misfiring again and the check engine light is back on.  And where did we go the next morning?  Back to the shop - but this time Jack, the owner, was there.  And what an unplesant, rude, disrespectful man he is.  I cannot believe he owns a business.  He flat out lied to my face when he told me that \""Chuck\"" had drained my gas tank and found it full of gunk.  Funny, I had the same amount of gas when I dropped it off and no one had mentioned that had been done.\n\n2 days later, now we are being told the computer is fried - another $2k worth of work.  What?!?  Oh, and today Jack emptied the tank.  Interesting, as Jack told me it had been done 2 days before.  And when he did?  He \""forgot\"" to fill it back up, leaving me with fumes to make it to the gas station.\n\nThe car is now at the dealership, which is where I should have taken it to begin with.  Not trust some shady, rude, liar.  \n\nI wouldn't take a Barbie car to this \""repair\"" shop.  Hopefully they won't be in business much longer and won't be ripping off other people.",,
1,Good food but my service sucked. The waitress brought the wrong dish and insisted it was what I ordered and refused to bring the correct dish. What's with that? I didn't eat it and they refused to take it off my bill.,,
0,"Food (chips & salsa, pulled chicken burrito, and fish tacos) 1/5:  you can get better fake cantina food at Wahoo's or even La Salsa.  Fir the price we paid, it was NOT at all acceptable.  The only saving grace was the so-so guacamole.\n\nDrinks (Diablo's own brew) 2.5/5:  decent beer, but for $8.00?  The beer should come in a bigger mug.\n\nMy gf and I was there yesterday, and I have to say it was quite disappointing......\n\nService 1/5:  We got our chips, beers, and main course within acceptable time.  However, I never got the hot sauce I politely asked for.  After 15 mins, AFTER I am done with my burrito, our waitress still did not bring the hot sauce or even check in with us to see if we needed anything \n\nOverall, somewhat acceptable food, over-priced, and unacceptable service.",,
0,"I was in town visiting a friend and we wanted to get a mani/pedi together on the last day. After walking around the mall across the street and calling several places checking their availabilities for walk-ins, we decided on this place. \n\nThe place is definitely more of a tanning salon than anything else. The word I would use to describe the entire place is probably gaudy.  Walking into the place, the walls were pretty barren and the decorations looked like the inside of a Forever 21 dressing room, actually I'm pretty sure, the chandelier was the same one. Most of the people who worked there were very young and dressed like they were going out for the night, I guess given my previous experiences with salons / spas, were the workers were either dressed in uniforms / more conservatively covered, this was a bit unusual. \n\nThe quality of service was the worst service I've ever received for the amount that I paid. Maybe the range was typical for Scottsdale, but around Evanston, I can get a mani/pedi for $32 and receive better quality work, and at this place, I got a premium pedi / hot oil treatment mani for $53 combined not including tip. The color selection for the nail polishes were very limited and mostly, the colors were pretty loud and gaudy. The two women who worked on my friend and I seemed to be engaged in some sort of passive aggressive argument the entire time we were getting our pedicure, and that made it somewhat awkward. It's only been a couple of days after my manicure and huge chunks of nail polish has been chipped off of my nails and I definitely have not been doing any super strenuous activity since the manicure. \n\nMaybe the tanning service is a lot better, but as far as I'm concerned it was the worst $53 I've ever spent on nails.",,
2,Absurdly massive burritos. Beyond that it's just pretty typical Mexican.,,
0,"Not so great first impression from this joint. My boyfriend ordered a carne asada burrito with meat, cheese, beans, and rice only. Of course, we get all the way home and it has onions and guacamole on it. He's pretty fortunate that I tried a bite of it first, since he's allergic to onions! So we took it back to them and they acted as if they expected it to be wrong. It was really kind of weird. Got a refund and went to Faustos instead.",,
4,amazing italian food and great service. I can't wait to go back.,,
3,"Best burger spot around the area. Great service,  tasty burgers, and the prices aren't bad",,
4,"hi, my name is sheri. please allow me to give you a verbal tour through veloce cibo. ;) \n\nthe ohana were fans way before i even discovered the breath taking views, delectable grub, great service, and unique design this place has to offer. the restaurant has it's own elevators which escort you to the 16th floor. if you see lemon trees everywhere you know you are at the right place. this caught me off guard at first and i didn't know what to think, but it has grown on me after my third visit. the architecture is absolutely beautiful and the dinning rooms are separated by glass (30 guests per room) so one can get a more intimate feel. when the sun goes down and the strip lights up, it's definitely a sexy view. \n\nas far as the food is concern, since i don't eat meat and the occasional seafood, i have only been able to enjoy the sushi, salads, and array of bread. \n\nsheri's picks:\nthe M Girl Roll - $15\nGodzilla Roll - $16\nSpinach Salad - $12\nBig Eye Tuna Tartare - $15\nStir Fried Eggplant - $8\n\nthere are tons more i would suggest, but let's start off easy. my family loves the Braised Short Ribs - $36. \n\nthe service has always been more than wonderful every visit. from the moment we walk up to the hostess counter to the moment we leave tip they are always super attentive, friendly, and accommodating. Mahalo Veloce Cibo!",,
2,"Just the facts:\n- Great options for healthier eating\n- Unique non-meat sandwich options at lunch (portabello, grilled zucchini, black bean, etc.)\n- decent coffee\n- cute atmosphere and fun S&P shakers at the table\n- kind of pricey\n- I want to go back to try breakfast",,
1,"Based on Yelp reviews, we dined at this restaurant recently on a double date. The building itself is adorable. Maybe used to be an old house? It's cozy and you feel like you will be served some home cookin' with a twist. Our appetizer of spinach artichoke dip was delicious but the meal declined after the beginning. My husband and I both ordered the chile relleno. The description looked fantastic but the polenta was bland and the chile itself (for not being heavily fried) was very greasy and left me wanting. One of our friends ordered the crab cakes which he described as fine. \n\nToward the end of our meal, a gnat was discovered floating in a Manhattan at our table. Our server was notified, she took the drink away after asking if our friend wanted a replacement (he declined) and we waited for our check. The drink was still included on the check and the waitress seemed a bit surprised when he asked for it to be removed. \n\nI think the reason I was so disheartened about this experience was we still ended up paying about $70 for our meal (just for myself and my hubs.) Unfortunately, Coronado is not worth the food, price or overall experience.",,
4,"Great service, great price, great work and a quick response time. What else can you ask for? I highly recommend Chavez LawnCare.",,
4,"The brisket blew my mind.While I am no expert,I did grow up in Texas and good bar b q was a regular thing for me growing up.That brisket reminds me of home.",,
3,"Ice cream?  Sure...I'd love some ice cream.  But, instead of a normal amount, could I possibly get a trough of ice cream, a KFC bucket-sized portion?\n\nSure, man...just go to Orange Leaf.\n\nI'm not sure I'm a fan of this new fad of self-serve depth charges of ice cream, but what the heck.  I'll play along.  \n\nMy kid loves this place.  She usually eats more in toppings than in ice cream.\n\nI enjoy the buffet of toppings, and occasionally they have a flavor of ice cream that's fantastic, but a lot of it is a little bland.",,
3,It's your typical coffee shop. The bathrooms were clean and service friendly.,,
2,"Love, love the decor. This is definitely a perfect place for a date or someone to impress, it's very serene and tranquil and was just a complete relaxation from the usual (but I'm probably saying this because I went right when they opened so it wasn't overly crowded with noise and chatter.) The service was excellent, they were friendly, professional and had immaculate timing with food, refills, etc. (probably because I was one of the few there at the time but still you'd be amazed at how many restaurants suck at this). I also really liked the bathrooms, they weren't the usual dingy bathroom, it kind of felt like a hotel bathroom. I know ... a bathroom review is weird but sometimes it's just good to know. \n\nI had the E-Haan Sausage, Calamari, Spinach Salad, Drunken Noodles and the Salmon Avocado Curry. The curry was recommended as the \""best dish ever in the city\"" by the server and with that bold statement I knew it would fail to live up to expectations. It was good, not a standout but still good. The calamari was actually really good much to my surprise. It wasn't over breaded, had the perfect consistency and the sauce was spicy but sweet, a good complement. \n\nThe E-Haan Sausage was different, you wrapped it in a lettuce wrap and it had different toppings, original, good and different. The drunken Noodles tasted like...drunken noodles. Nothing outstanding, they tasted exactly what they were supposed to taste like. \n\nI was a little confused about the hype over the spinach salad. The lime dressing is actually amazing, I love lime and I could drizzle that stuff over anything but the actual salad is just fried lettuce or tempura battered lettuce. I have an inner fat kid so anything fried tastes good, I'm not a fan of carrots but guess what's good? Fried carrots. Almost anything fried can be good so I'm not sure why this dish is overhhyped.\n\nAll in all not a bad place to check out, good environment, good wine selection, but not five stars because the food was good, but I can't see myself ever craving it or telling someone they have to go here to try a specific dish.",,
0,Me & some friends came here for lunch but an hour pass by & we never received our food... we end up leaving because our lunch time was over... never coming back to this restaurant,,
0,"AVOID this place at all costs.  I've never been treated so disrespectful in my entire life. \n\nCame here last night with 3 friends after having dinner at Squid Ink since it's the only bar in the area.  Ordered a beer for myself and 2 of my friends and was promptly told that in order to get the drinks I would need to surrender my keys.  Ok... I told them and I gave them my keys even though I didn't even bring my car here.  My friends and I ordered shots, then went on the dance floor and goofed around having a good time.  When I went to order another drink I was told by the waitress that I was \""too drunk.\""  \""Excuse me?\"" I asked her, \""I've had 2 drinks!\""  When I asked for my keys back she just flatly told me, \""No.\"" I went to find a manager and a burly doorman asked me what was my \""problem.\"" I told him my problem was I was being refused service and I just wanted to get my keys and get out of this crappy bar.  He told me I would get my keys as soon as a cab got here. I told him a cab was on the way, and that never in my life had I been treated like a common criminal for doing nothing wrong!  I told him obviously you people don't want my business and I won't ever return.  That's when the doorman told me, \""That's fine, fags like you aren't welcome here.\"" That's when I completely lost my shit.  After the cab arrived I asked for my keys back. I was told, \""you're just planning on taking the cab to your car.\"" I told him my car was at home and I needed my keys to get into my house! He finally thew the keys at me and I got the heck out of there.\n\nI have no idea where the people come off treating someone like that.  I did nothing wrong and was called a hateful word and was treated like a common criminal. And my tab came to around $25 for 3 beers. Definitely avoid this place.",,
2,Walking distance to my apartment. The service is ok . The food is really good . I reccomend the sliders or fish and chips are really good. T.V's are kinda small for a sports bar and grill. I go back for the happy hour 2for 1 bud or margaritas .,,
2,"This is your normal Mexican restaurant. Although I eat there at least twice a week, I do not think there is anything special about the food. I do love their bean and cheese burrito but that isn't all that hard to make. \n\nThe atmosphere is very casual and there are always kids there. If you can enjoy your meal while sitting in a loud place, then Rosita's is for you. I usually get my food to-go. \n\nThe service is good as well, but once again it's nothing special.",,
1,"RA is OK. I like Happy hour mainly for the cheap food and Saki/beer. The sushi on the other hand is just meh! It's good but its not what I consider real sushi or quality sushi. It's Arizona Sushi! Coming from LA and San Diego, this would be pathetic sushi! But some it is OK and I can tolerate it at HH due to the prices. I would not go here during regular hours and regular prices.",,
4,"I went here today after searching for somewhere to get brunch. I got one of the specials, snickers French toast, and two $3.50 bellinis. The French toast was AMAZING I ate ever last bite. The atmosphere was really cool, it felt like walking into someone's house. I'll definitely be back to check out the other menus.",,
4,What can I say!  I love me some starbucks...period,,
2,"I planned to give 2stars,my teens said that give another one for their yummy ice cream! There are about 5-6 favor of ice cream and they got very good verities of cakes. Their sashimi was bad quality,the oyster on the shell with bitter teaste.The prime rib was cold inside.Only the Chinese selection they made it good. $21.99/adult for dinner and weekends. $.99/yrs for kids under 10.",,
2,"Tonight I was in the mood for fried okra, I hadn't had any in a while and so I mentioned my craving to my husband, who being happy to fulfill my wishes began searching for a place that offered it.  Our first choice would have been Catfish Alley, but it was closed on Mondays, So he searched some more and decided that M & M Soul Food would suffice.\n\nWe had no problems finding a table; however, it was very busy with only three wait staff working.  The Cowboys was on the tube so we sat just a little bit from the TV so as to keep the game in view.  Almost immediately we got asked how we were doing and we were assured someone would be right over, but a bit of time passed before someone actually stopped to ask us about drink orders.  We placed those and again found ourselves waiting for someone to take our food order.\n\nWhat seemed like awhile, our ice teas arrived, and eventually a friendly waitress stopped to ask about our order.  We began with red beans and rice, severed with corn cakes and hot link.  We made the mistake of ordering our meals at the same time; little did we know it would all arrive at about the same time.  I got the meat loaf covered with gravy, and three sides, what I asked for was of course the fried okra, mac & cheese, and collard greens.  What I got was the meat loaf, yams and collard greens, no okra. I don't know what happened to the mac & cheese.\n\nMy husband and I shared the red beans, rice and hot link and started on our meals, only to completely finish everything before the waitress returned to check on us and reassure me she would bring my fried okra.  Time passed and finally I got the fried okra, it had a nice golden color to it, was crisp and I could see it was cornmeal breaded which was how my mother always did it.  With the first bite I knew it was not going to satisfy my craving.  It was room temperature, the texture was right, but just too cold to be worth the wait.  I finished it quickly and we expected the check only to wait what seemed like forever before the waitress acknowledge us again, she did half heartedly make an attempt at an apology, stating she had all her tables on the other side and we were her only table on this side, even so, we waited another 20 minutes just to get the ckeck collected and cash out.\n\nI didn't get my craving satisfied, so I know that we'll have to try again, maybe I'll wait for Catfish Alley?  Would I go back to M & M Soul Food?  I have to admit I would, but hopefully we'll see better service.",,
1,"I have tried giving  Filiberto's three chances for improvement, each in a different location. Yet, with each visit I am more disappointed. I have to say that the one on Guadalupe Rd is the worst I have ordered from. Not only was the customer service a disaster, almost borderline rude, but the tortilla for my shredded beef burrito tasted old and crispy. Flour tortillas are not supposed to taste like that. The next time I want some quick Mexican food, I am going to stop by Moreno's Mexican Grill, even if it is a bit farther away than a Filiberto's. I gave it two stars, because they do have complimentary chips and salsa bar, and so that does deserve some merit.",,
4,"I have been getting my hair cut by Ramon for over 15 years- both my mom and I started going to Ramon before he opened his own salon.  She lives out of state now but still schedules a haircut with him anytime she can squeeze one in when she visits.\n\nFirst, the pragmatic things.  Every haircut I have had here has been awesome.  Mostly I get my hair cut by Ramon, sometimes I get my hair cut by Christina, either way, I always love it.  I look really young for my age and I am not great at doing my own hair and makeup, so having a nice haircut makes a big difference both at work and at play.  Ramon is also great at changing up my look when I ask for it, even if I have no idea what I want.  It's not cheap, but it's most certainly good value for the money.\n\nBut this salon also delivers on the less pragmatic aspects.  Ramon is a great, great guy- he's always nice and funny, asks about family and makes all his clients feel good about themselves.  He also does a lot to enrich the community (Maureen M's review sums it up perfectly). Ramon's staff is also amazing- nice, hard-working and talented.  Everyone makes you feel welcome and makes every haircut a fun experience.  This is definitely the type of business you want to support!\n\nRamon has been cutting my hair since I was an awkward teenager in middle school.  I'm now a professional in my late 20's, married (and looked great doing it, thanks to Ramon) and I still go to him.  I recommend you do the same :)",,
1,"Dr Cordero is a smart dr. However the wait time and over crowdedness of this place makes it unbearable. I'm at the \""primary care\"" part of this facility not the urgent care although they are connected, I must change dr's.",,
0,"They service the pool in the house we lease.  They replaced a previous, incompetent, pool company.  They originally came out to do warranty work on the pump, and they talked themselves up so much we hired them to do our weekly maintenance.  I now know it was ALL talk.  They are very inconsistent in their service.  This is the second time now that we can't even use the pool because it's all messed up!  And then they don't show up to make the repairs.  Horrible!",,
2,"My girlfriend and I came to the Blumenthal Performing Arts Center (shamefully) for the first time last night to see Traces, a new show that came in from NYC. As a snooty New Yorker, I always thumb my nose at what Charlotte has to offer in a cultural sense--which is normally dumb. Yet again, I've been proven wrong. \n\nThe Blumenthal Center is awesome: modern, new, clean--just a really awesome performance space. Honestly, with the exception of its size, it's pretty much identical to any stage or symphony hall in a bigger city. There's also nice bars and concessions, so it really does have a great feel. We'll definitely be going back for future performances. \n\nBe sure to get there on the early side, though: the entrance area can get a little backed up pre-show (understandably).",,
3,"Excellent gazpacho, warm Brie and chicken crepe and spinach, asparagus, Brie quiche. Delicious food and nice ambience. Service was attentive but a little slow. A little over an hour. I guess we're just used to eating and running!",,
4,"We went here for dinner to kick off my bachelorette party. Everything was great! I had the Pom Finn to drink and it was delicious, but the Caribbean Mojito that my sister got was my favorite. Our waiter, Jelani, gave a lot of good suggestions on the food, and he was a good sport in putting up with our bachelorette party antics. He even brought out a chocolate mug cake for dessert on the house! \nWe ate downstairs, but we saw that there was a DJ on the top floor. We planned on going to a few bars around the epicenter after dinner, then coming back, but we didn't have time. I'd like to come back again though!",,
4,"Love this place bartenders ROCK!!! Service is Amazing eat her every Thursday and when I come in, They know me and have my order ready! It's like a 2nd home EVERYONE BRING YOUR FRIENDS!!!",,
2,"One of us was a little skeptical about this place as it is located far enough down Central that it starts to get in the not so nice part of town.  But we ended up liking it a lot actually despite the location.  The place was clean, service was good, we parked out front but we got the last spot...not sure if there are other parking options.\n\nI don't remember exactly what we got but for those of you who are Jim Gaffigan fans you can be sure it was some sort of meat, cheese, and tortilla mix.  Sorry, couldn't resist.  We got the carne asada and the enchiladas al hormo.  Both pretty good.  Also they served drinks (sprite) straight from the can...not bragging or complaining...just stating a fact.\n\nI know our rating seems a little low for how much we liked it but the problem is that the difference between bad Mexican food and good Mexican food just isn't that much.  Especially when you are talking about Americanized Mexican food.\n\nWe give it 3.5 amigos out of 5",,
4,"A bit pricey but completely worth it ! Especially if you go to their happy hour or reverse happy hour at night !!! Speciality drinks are delicious , service is really good even when super busy, and sushi is always fresh tasting ! Go on certain days and you'll run into the incredibly hot and super sweet bartender who is very knowledgable on everything in the kitchen as well as all drinks at the bar. Super patient every time I go with my difficult friends.",,
2,"I am not a whole lot into gambling, but went to have the buffet with a motorcycle riding group.  They were supposed to have a very large table reserved for us, but when we arrived, they made everyone sit in groups of 4 or 5.  I was the last one in and was going to have to sit by myself, so I went out onto the gambling floor and wandered around.  Each time I spoke to one of the casino workers, I felt as if they could care less if I was there to spend money.  So, after about 1/2 hour, I left.  This place is hugely popular, I will say.  Very crowded.",,
4,"Delicious! I had the infamous \""Ivan\"" for the first time tonight. This wondrous mound of meat along with a cold pilsner was the highlight of my day. \n\nThe beef patty was thick and made exactly how I ordered it. I added a side of avocado because I like it on my burger. \n\nThe Attic is small inside and parking is limited, but our party of 3 had no problem finding a table at 7pm on a Monday. \n\nIf you're looking for a good burger, I recommend giving this place a try.",,
1,"A lot of people I know consider Vegas a true desert when it comes to finding outstanding food. Food that blows you away and makes you want to come back to Vegas just for a particular restaurant. They say it's glitz and glamour, expensive and flashy, and food takes a backseat. No where else is this more true than STK. \n\nIt's a great looking restaurant. It's hip with loud music and good looking servers and bartenders. You're definitely not at a loss for eye candy with the patrons. Actually not a bad place for the fellas to have a group dinner if they want to drop some coin on a place where food isn't the emphasis. Unfortunately I was here dining alone on business and food was my only friend.\n\nI don't think I need to go in to detail because I've personally never cared for detailed reviews of mediocre food.  I will say this.... at some level a place like this does have to get certain things right.. I mean, people do have taste buds and people do come here. So as long as food isn't the emphasis and there's some other reason pulling you here: another person chose it, you want to oogle at hot bartenders, you like dining in a club atmosphere, you can probably get outa here satisfied. Just know whatever you order isn't going to be on any of your bests lists.",,
1,"Always loved Los Dos but not so much this time.   Waited to be seated for 5 min for a table for 2 with many open tables available.    Seated for a while before our waiter came.  Food was average, not great, warm, not hot.    Also found it interesting that an 18% gratuity was added to our bill.",,
2,"Came here today for brunch and I'm giving it 3 stars because the burger was decent and they had some good staff members. Our server Jann did not smile once or even introduce herself. I only know her name because it was on the tab... When she said thank you for coming in, she didn't even look at us. She didn't seem busy, just tired or something. Not once did she check on our food after we got it and we had to ask a busboy for our check. We also got the biscuits and gravy brunch deal that came with a mimosa. The gravy was barely warm and I wouldn't get it again. I could be because we came in around 1:30pm but I'm paying the same price as the customers coming in at 11am... It would make sense to provide the same quality unless that was just it. Maybe our server was hungover. I saw her take care of her other tables and still, not a smile. We'll come back, but we're not getting brunch or sitting in Jann's section. Should've sat at the bar. The bartender greeted us - not the hostess and he seemed nice and attentive.",,
4,"My husband and I love this place!  We have been going there since they opened.  Atmosphere is great, they have live music.  The food and wine out of this world!  I love the brushetta and my husband loves their fish tacos.  It is a great place for date night.",,
2,"If I had more money, I would shop here more often. \n\nThere isn't a whole lot to write that hasn't been mentioned in other reviews. I hope the owner reads her Yelp reviews, because most other reviewers are absolutely right. The prices are a bit high and most items are national brands you can find elsewhere. The locally made jewelry is amazing, but a lot of it a little too \""granola\"" for my tastes. And itty bitty gold earrings for $88? \n\nI've gotten an adorable t-shirt with the word \""love\"" on the front and thank goodness I picked it up for half price- it was originally $80! Also picked up some Free People shorts, cute Havaianas- both at half off. Are you sensing a trend here? Love me a sale. \n\nIt's fun to stop in and just browse the jewelry, clothing, and home items. I don't know, maybe I'm missing something here...where did the sale rack go???",,
1,"Other circle K's are much cleaner than this one.  The best thing about this store is the Employees are friendly and nice.\n\nI've been to this location in the morning and in the evening and there must be a point where the shift changes and they stop cleaning the bathrooms and emptying the trash.  In the morning everything is clean, by the time evening rolls around there are odd smells all over the store. It's a shame since it is a larger, newer looking store that it isn't cleaner.\n\nI'll be back in hopes they clean up a little more.",,
2,"Place is cool, literally.  It's kind of small and it's expensive.  I laughed as I could go to be that cold to a football game all bundled up and tailgate :)  It's good for an experience, but not a place to go regularly.  Need how they have \""ice\"" glasses and all the ice furniture.",,
0,The worst burrito I've had in a long time it was a steak bean and cheese burrito was absolutely horrible the steak was some type of mystery meat not even edible borderline borderline dog food.,,
2,"The outlet mall in Anthem gets its own self-serve yogurt shop. i discovered this by accident on the same day they were having some mall-wide special, which was opening day for said yogurt shop. Pandemonium. I admit, this probably biased my opinion a little bit. Lots of confused people, lots of \""Wow... you do it yourself! What a great idea!\"", as if this was somehow a new concept. Maybe in Anthem...? The lines were wicked long because people insisted on redeeming their 10% opening day coupons (that saved you, what, fifty cents? Way to go, champ!), but that gave me lots of time to eat the pieces of Kit Kat off the top of mine before I paid. (Come on, they don't weigh anything compared to the yogurt.)\n\nSo yeah. These yogurt places are pretty much all the same, except for Yogurtland (next to Sprinkles) which is far superior, but it's nice to have the option at Anthem which is otherwise a deep-fried, extra cheese covered monstrosity.",,
0,"DON'T WAIST YOUR TIME!!!!!The only restaurant still open at the MGM after 10:00 PM. My sister and I ordered a salad and it was over whelmed with raw onion.  So all I could taste was onion.  So I told the waitress that the salad was over whelmed with onion and I couldn't eat it.  She had a attitude so I just decided not to reorder anything.  Then the manager came and try to fix the situation and offered me something else.  So I decided to get chicken noodle soup.  That's pretty basic it hard to mess up soup so I thought.  It was flavor less and there was veins threw out the chicken.   I was done at that point and grossed out.  You would think that a restaurant of that stature would make sure there food was Delicious.  The whole time we were eating the waitress was giving us attitude.  Big mistake,  I would have left you a great tip after all your not the cook idiot!",,
1,Small Park with open area to just walk around or play in the middle. No fenced area for dogs to play. it's good for kids. There is two play area for little kids & bigger kids. Not worth it if you don't live close.,,
4,"Joshua Perkins, OD is a recent graduate of Midwestern University of Optometry. He is simply the best. He has excellent mannerisms, excellent demeanor and highest level of competence. I would recommend Dr Perkins to anyone who wants a complete, general eye examination and the best advice and recommendations possible for all your eyecare needs.",,
2,"I came here yesterday after lounging at Nikki Beach. The place is part of the South Beach Marketplace and it has both Gelato and self serve frozen yogurt. They charge 49 cents per oz. which is quite pricey, but then again, it IS inside a casino. \n\nI ended up getting Dulce de Leche, Cheesecake, Peach Mango, and Plain. My favorite was definitely the Peach Mango because it was the closest to a tart flavor. The Dulce de Leche was also good, but I'm more of a tart person. Don't be fooled by the plain flavor. I guess I just assumed it was going to be \""plain tart,\"" but I was wrong. The plain flavor is exactly as titled, PLAIN. It literally tastes like nothing, so I would suggest not getting it. Even though their toppings selection isn't very big, the fruits were very fresh. You could tell they have them delivered fresh as opposed to getting frozen fruits to thaw and serve. \n\nI tried to limit myself on the froyo since I saw that it was 49 cents per ounce, but it still came up to $5.17. Since it adds up so fast, I think I'll just stick to Gelato next time because it'll probably be cheaper.",,
3,"Stayed at Sam's Town in early 2009 for a few nights over a long weekend.  As I recall, it averaged out to about $33/night, which I thought was great at the time (I assume due to the economy having crapped out and tanking completely).  For the price, the room was amazing, especially since it included Friday and Saturday nights.  Also, it was a real non-smoking room, which was good; I can't stand smoke.\n\nWas with my daughter since we were both in the LV area to go to Front Sight for some classes (about 45 miles away, outside of Pahrump).  Yes, Sam's Town is a longer drive than from the main strip, or from Pahrump, but all the Pahrump hotels were sold out and I decided to be a cheap ass if I had to stay in LV itself.  I also did not want to stay in one of the $20/night hotels I normally stay in when on my own and forced to lodge in LV where you can still see the outline of a body from the police chalk on your room floor.  I had my daughter with me, figured I would upgrade to something fancier.\n\nWe were on the 2nd floor.  It was a little noisy in the evening, although by 10PM everything settled down after the last light show.\n\nThey have a laser light show with mechanical animals on top of an indoor water fall.  I found it humorously cheesy BUT... my daughter, who was 5 at the time, LOVED the entire show (which can be watched from your room window), especially the rigged stiff legged wolf that would roll out of a cave on top of the water fall and howl (bob it's mechanical head up and down).  It's almost two years later and my daughter still talks about this and wants to go back, just so she can see the stiff legged wolf come out of it's cave and howl.\n\nCan't comment on the casino or the food since I only was there to have an inexpensive place to sleep.\n\nIf the price is right I will definitely go to Sam's Town again, just so my daughter can see the mechanical wolf howl.",,
0,"Slimy and generic. I'm pretty sure that the sauces come from cans, with chunks of meat dropped in after \""cooking\"". It's hard to describe how bad it was (We've had much better food court Indian food). Are the good reviews posted by their friends? Totally mystifying. If anyone knows of real Indian food in KW (eg actually cooked on-sight), please share! \n\nSeriously, avoid.",,
0,First visit and last visit tonight. Ordered a burger and plate came out with a large hair on it. Ruined my appetite.,,
2,"We waited over 10 minutes to be recognized at our table after  asking if there was a server for our area our server arrived.  We placed our order and finally had to ask a manager to bring us water; an additional 5 min.  After 15 minutes we finally received the beverages we ordered.  As we looked around, we noticed many people leaving and asking that their food be boxed as they needed to go.  The manager appeared not to be concerned and there was never a sense of urgency on part of the staff.  Our food was finally delivered 30 minutes later.  The food was worth the wait!  We had Huevos Ranchero's and poached eggs with French toast; both of which were tasty and made the wait less painful.  We will return but will make sure we have time to wait for slow service.",,
2,"A must see at Christmas with the cactus garden decorated and lit up quite beautifully... and free as well! Come at dusk and see them at work in the chocolate factory, then hit the gardens for a walk and pic with Santa, They don't even mind if you take your own pictures with the man in red, as well!  The varietal of plants are marked and you can get ideas for your own garden!",,
1,"Had the WORST experience tonight which makes me sad to say because normally I have the most amazing time all because of Sun who is on vacation so I got stuck with someone else! So this is WHY I left a $2 tip on $40...first of all I made an appointment for a regular fill which in the middle of it he just starts taking off my nails telling me I need a new set, so I then agree & say I'll just get a regular manicure no new set or abutting! He then decides to do gel so when I go pick out a regular color I can't because he already started doing jel, he then tells me we're doing a gel manicure because it lasts longer... which I know is more money but I really didn't have a choice did I?! So frustrated! I then get one design & he charges me $5! This irritates me because I feel as if he was just trying to get more $$ I already know how much everything is, I clearly told him I'm on a budget which I guess didn't really matter so now he knows why he's lucky he got 2! When I'm leaving with nothing I came in wanting & less $$ in my wallet! I'll never go back unless it's with sun",,
2,"first impression is clean and hipster'ish. not my scene but to each his own. barstools are extremely comforting and grab hold of your butt cheeks in a soft embrace coaxing you to stay a little longer. pretty decent draft beer selection complete with DFH 90 minute however at $7 a glass I will be opting for the 4 pack at lee's' $1 PBR at happy hour is a great bargain and the bar temptress was quick to keep them coming even at 6:59pm when HH ends at 7pm. very polite and smiley staff. this place is not my scene, i prefer more down to earth smokey stiff drink bars. but that is not why i give this place 3 stars.\n\nthe reason for the 3 stars is based soley on quality of food and pricing. we got the double cheese burger sliders. mind you they have a whole menu page dedicated to sliders. at $12 they were dismal at best. over charred and dry with a sprinkiling of carmelized onions. Mostly buns and no discernable sauce what-so-ever. onion rings for an extra $2 were obviously frozen as confirmed by one of my very close very well knowledged bar temptress friends. no dipping sauces included. my thought is out of a menu page of 15 sliders they cant even make the basic double cheeseburger slider scrumptious enough to make me swear off even white castle.\n\nbottom line go for the $1 PBR stay for the douchey sight seeing and the pleasant warmly lit atmosphere.",,
1,"The decor is wonderful. Honestly, it makes up for the lackluster Italian Ice.\n\nAs you can see from all the photos, there is a lot to see. It is very cute, but not too crowded inside. Old timey phones are everywhere.\n\nFree Ms. Pac Man was a plus.\n\nHowever, at the end of the day I came here for Italian Ice. I got half cherry and half lemon. Lemon was by far tastier, but overall I would stick to Bahama Bucks. It was watered down, and not quite what I expected.",,
1,"There's a pretty large parking lot at this location so you'll always fine a place to park. However, this place is always packed and understaffed. The line is always backed up because service is so slow! Be prepared to wait a while during lunch and dinner hours. This Chipotle location is also pretty stingy about their portions too. Ask for extra of everything when you can!\n\nTIP: If you don't want to waste your time waiting you can order online and skip the line. Just go to the cashier to pickup your order. \n\nI would recommend going to the Chipotle on Baum. The service is MUCH faster.",,
0,I came here specifically  for underwear night.   LAME!!!  Only me and my bf were in our underwear.  And there were only 5 other people here.  Never again!,,
4,"This place is a lot of fun. We have a large distributor out of Turkey, so we've made many trips to this place and made friends with Yusef, the owner. What a great host! I really like the baclava, but if you're new to Turkish food, just be bold and go for the Adana kabob!",,
3,"really good sushi, fast service with a smile. will be back!",,
3,"This may be a buffet for folks who, like my hubby and me, dislike buffets - for the excess they encourage, for the wasted food, for the lines and carnivore centric formats. This may be a buffet for folks who prefer small plates formats and who like to have interesting vegetarian, even vegan, options in the mix. \n\nWhat we found when we tried Wicked Spoon during a June trip to Las Vegas, was it worked for us for a one time stop. Whether we'll go back or not on another visit, can't say because overall there are things about buffets that give us heartburn, no matter how good the quality of the food. (If you want to know what that is, jump to end of review.) \n\nBut we're glad we tried Wicked Spoon once to see what all the buzz was about. Overall we think it lived up to its Yelp billing. Here's our summary assessment. \n\nService: 5 \nAmbiance (as buffets go): 5 \nFood (as buffets go): 4 \nValue (as the Las Vegas Strip goes): 4 \n\nHere's what we enjoyed when we went for brunch on a weekday. (Breakfast / brunch / lunch format goes from morning opening to sometime in later afternoon when it transitions to dinner.) \n\nSERVICE: Ultra friendly, as with almost all service in The Cosmopolitan. Top notch. From check in to purchase your pass to seating at the table, to the folks at the food stations. \n\nAMBIANCE: Not your normal buffet setting for seating ambiance. See photos. In particular when in The Cosmopolitan anywhere in the facility look up! The lighting fixtures are diverse and interesting throughout. Including here. \n\nVALUE: The cost is higher than many others in Las Vegas. For those who want to chow down on the $14.99 breakfast buffet at Flamingo (where our relatives were on this morning), the idea of $22 and change (brunch / $30+ for dinner) for a buffet at The Cosmopolitan may seem too much to consider. From our view, you get what you pay for in food quality and options. \n\nLIMITED CROWDS IF YOU TIME IT RIGHT: There was a good sized line on the Monday morning when we first went. So we skipped it and went back at about 10:30 am on Tuesday and walked right in. Our advice - time it to skip the lines...because if they're not there at check in, they won't be there for the food service either! \n\nUNIQUE FOOD: As much as this has small plate formats for some of the items, served in little covered casseroles, there are also open service bins for some things. But somehow the quantities in them suggest fresher food and less \""come on up to the trough to gorge yourself\"" consumption. There is also a large carving station for those who enjoy roasted meat proteins. On the morning of our visit it seemed to include things like ham, pork belly, prime rib and so on. \n\nThe set up for the various food stations was as if visiting different continents or countries. \n\nThere were standard offerings too, like pancakes and omelets for the breakfast service, but we leaned to the unusual, which is our tendency. \n\nThings we tried and enjoyed were... \n...spicy tofu with red curry vegetables from the Asian / SE Asian section, \n...creamy polenta with wild mushrooms from the Italian / Mediterranean section, \n...the very best item of the day, a cauliflower puree with clementines and roasted cauliflower on top (we had seconds!),\n...plump Medjool dates with feta, \n...refreshing watermelon salad with cilantro and cucumber.\n...wicked good watermelon gazpacho,\n...beautiful fresh raspberries and blueberries. \n\nThe dessert bar, which was huge, included hundreds of petite sized pastries and also a gelato station. This was the disappointment for us. Although we liked the tiny sizes (like 2\"" for pastries and maybe 2  oz for containers of panna cotta) the flavors in the fruit tart,  the meyer lemon panna cotta and lavender macaron we tried weren't stellar. \n\nBEVERAGES: Too funny that the brunch service is offered with a complimentary Mimosa, glass of champagne, or Bloody Mary but one has to pay for coffee. (Pretty decent coffee it is too.) \n\nWHY BUFFETS GIVE US INDIGESTION: Even at buffets like this, formatted to encourage reasonable consumption, some folks just can't break themselves of the practice of heaping plates with food and leaving half behind to go get another heaping plate to leave half behind. Different strokes for different folks, but this is why buffets, even pretty good ones like this, tend not to be our thing. I'd like to hand out a copy of Mr. Bloom's book: American Wasteland: How America Throws Away Nearly Half of Its Food... Wet blanket that I am.",,
3,"I enjoyed my maiden voyage to First Watch this past Sunday. My wife and I were here early before 9am so there weren't the crowds that I have read about in past reviews.\n\nI had \""The Traditional\"" which consists of two eggs scrambled with 4 turkey sausage links plus an English muffin and fresh seasoned country potatoes. This was a filling breakfast and just the right amount of food. I really enjoyed the Turkey Sausage Links plus they gave you 4 of them instead of the standard 2 you get from most places.\n\nThe service was perfect, not overbearing, not too little. And what is really cool is that other servers will pick up the ball and refill your drink or answer questions, etc. Prices seem reasonable as well, so it looks like I have found a good \""go to\"" breakfast place.",,
0,"EWWW GROSS!! This place was disgusting!! We stayed at the Luxor and the first night we arrived, we were so hungry so we saw this place and though..wow pub food! We ordered the chicken wings and the dirty fries and OMFG they were disgusting. The wings were dry, had no meat on them, and the sauce was horrible. As for the dirty fries ( they were really called dirty fries)  the name was quiet fitting, it was taste-less, the cheese had no flavor, only one huge piece of nasty bacon on it and the fries it self had some nasty cinnamon crap on it!!!!!! BEWARE, NEVER  EAT AT THIS PLACE!!!!!!! I think I'll starve next time.",,
0,"Great location on the strip, but this place is otherwise pathetic. It's dirty and seems to have fallen into general disrepair. Half the elevators work, half of them do not. There is no wireless internet, and corded access required one hour and 20 minutes on the phone with technical support in order to get the Internet to work. I cannot wait to check out of this place. And I do not ever plan to come back here. So many better options on the Strip.",,
2,"Very good food. I was pleasantly surprised.  Had a salad, it was delish!",,
4,"Caesars Palace is one of the best Casino Hotels in Las Vegas. I've stayed twice before and would return again. Last visit, I stayed 4 nights and attended a convention for work. The room was clean, elegant, and comfortable. Staff at the front desk and throughout the hotel are friendly and hard working. You get what you pay for, and in this case, pony up: Caesars Palace is the place you want to be while in Las Vegas.",,
4,"I was randomly driving around because I had nothing better to do while I waited for a flight when I found this place. Food was great, the staff was friendly, and the food came right out. Loved it!",,
0,"Awful everything. From the bad service, to the diluted soup, to the lame-no chicken on the chicken salad, to the PRE-fabricated pizza. AVOID THIS PLACE!",,
3,"Always yummy! Although the food is cheap, there is no slacking off in quality. The milkshakes in particular are outstanding (I usually get the mint Oreo).",,
1,"The Trump hotel is valet only and when you walk inside there is the check in area and you can head straight to the hotel. As for the actual hotel, you have a main door which opens and there are two separate hotels after you open the first door. Not sure why it is that way. The rooms are very spacious but my friends tell me that room service sucks. It is far from the strip so you have to taxi to the strip unless you don't want to drink that night. There are better rooms for your money ON the strip!",,
0,"If you like disgruntled -rude- teens touching money, the register, their face, everything else in the store and then bare handing your ice cream cones, then this is the place for you! Yummmm, bacteria! Oh and getting their knuckles in your ice cream while they scoop it out of the bucket is super tasty as well. Germaphobes beware.",,
4,I love this place.  Great service and fresh food. Beat tortillas ever!!#,,
4,"I know that it is hard to go wrong finding a good restaurant in Montreal, but some places are just better than others.\n\nA co-worker, who lives in Montreal, took me here on a Tuesday night.  He told me that we would likely never get in on a weekend night.  Based on the food, I can see why.\n\nThe location is in Old Montreal, which can have touristy places than border on bad food.  The decor is also not quite as fancy as the four $$$$ that Yelp lists this place.  \n\nIn fact, I would not call this a $$$$ place .  The menu changes quite a bit, but there were plenty of meals under $40.\n\nService was helpful and attentive.  Recommendations on wine, entrees and dessert were excellent:\n-Wine list is good... heavy on French and European - with lots of price points covered.\n-I had a simple mescalin salad with dressing.  Other than the fact that it was enough for two, it was a great start to the meal.\n-My dining companion had the tartar mixed with beets.  He said the beets gave it an interesting flavor and texture.\n-I had the scallops.  Presentation was beautiful and the various textures/flavors were to die for.\n-Finally, we shared Chocolate Bavarois.  There has never been a better combination of cocoa!\n\nThe last point I would like to make on this excellent establishment is that the chef must like foie gras.  I counted no less than 6 menu items that contained it.  The amuse bouche had it.  My scallops were flavored with it.  At the beginning of the meal, we remarked that we thought the butter was flavored with it (it isn't - it was simply butter with olives in it).  This chef really knows how to cook!",,
3,"I don't come here often, but when I do, I remember just how great a hotel this place is! It's absolutely great to just walk around and admire the interior design and gamble a bit!",,
1,"Specialising a bit more than normal for a trashy tourist shop, Scotland T Shirt Company is a company selling T shirts about Scotland.\n\nIf you want people to know you've been to Scotland, with slogans like \""I've been to Scotland\"", buy a T shirt here. This shop doesn't necessarily sell T Shirts that couldn't be bought elsewhere in other Scottish tourist shops, but it certainly sells more of them.\n\nIf I felt the need to buy souvenir clothes in a foreign country then I think I would prefer something more specific (maybe from a famous landmark I enjoyed) or something tasteful (a piece with an emblem or an appropriate picture), not that all the T shirts here are slogan T Shirts, but most seem to be.\n\nPrices aren't outrageous for T shirts and have to remain competitive considering the sheer amount of competition, even just within a ten metre radius.",,
2,"For a place called the flying biscuit, their biscuits aren't so sky high. Chick-fil-a has better biscuits in my opinion. \n\nHowever, their chicken sausage gravy and grits are both amazing.",,
3,"This place is real. It's the real deal. Looking for a dive that might just as easily be in some suburb of Chicago or Omaha? Here's your place. Totally devoid of any pretentions, watched over by Barkeep Linda who is right on the money and actually pays attention to what you're ordering. \n\nThis is a bar--a divey bar. It's not unclean or unsafe, but it's also not sun-shiney hippy-happy dipsy-doo, either. People will leave you alone if that's what you're after. Or if you want to talk they'll gladly talk.",,
2,"Items I have found at Farm and Fleet (in no particular order) include but are not limited to: cracked corn, PVC fittings, a fan, candy, chicken waterers, oil filters for my 1992 Toyota, several hole saws, winter hats, day-old chicks, and did I say candy? This place is classic. Don't miss the festival days in the spring: a great time to see a man train a horse.",,
0,Loved living here....for the past 6 years...always quiet and safe. Until there was a shooting last night that they arent doing anything about...I wouldnt move here because the safety of the tenants is not a priority,,
2,Great for a quick Blizzard fix. My son loves the burgers I haven't tried the food besides the blizzard,,
1,I'm not sure how you can call your place an English pub when you don't serve English beers. Bud light isn't an English beer. On top of it all the food was just ok. My advice pick another place to eat.,,
2,1st lunch in Vegas on 9/11/14.  Party of 4.  Sat outside and did have a view of Bellagio fountains.  Found the menu a little limited.  Loved the crepe; I believe I had the mushroom one.,,
1,"Service is superfast, however the servers look like they don't wanna be there :) \nnow to the quality of the pho, I've had #21 which is vegeterian pho , it was super LOUSY \nI ate here several times and this is the worst I've had however once it was delicious so it can be hit or miss . With so many pho places in town i'll steer away from this place for a while ...",,
0,"I tried this studio some time ago and forgot to post this review. Since then I have found Trufusion stufios, and I learned why Bikram Green Valley is terrible compared to them, and I won't be back. I have done plenty of yoga but not Bikram yoga before. I thought this teacher was terrible. Her instruction was not clear, and her attitude was negative. Instead of a nurturing yoga environment, this place is about competition and humiliation. About 1hour into the 90 minute class I started to feel dizzy, and the humidity was a little overwhelming for me. So I tried to go to the bathroom and she stopped instructing the class, blocked my way out and over the microphone asked me where I was going.  I was not the only one, she did this to another person who tried to leave before me. I don't believe in shaming people during yoga. Also the humidity is not regulated, there are just several humidifiers just running non-stop, so it could be much higher than 40%, who knows.  But I'm not going back.",,
3,FINALLY.  It's about time something worthy of this location took over.  This place is perfect if I feel like being a jerk to my waistline or light and healthy.  Service is smart and efficient which is awesome since NO ONE likes lines.  I just wish they stayed open later :/,,
3,"Great food and prices, just dont get the green sauce or home potatoes.",,
4,"Joanne is the BEST ! She has been doing my families hair for 6 years and we all love her.  People ask me \""who does your hair\"" all the time and I am always happy to recomend Joanne, I followed her from Mane Attraction to Inizio Salon and I see many familiar faces when I go there-guess I wasn't the only one to follow Joanne Sher!!",,
1,"Spent north of $1200 for simple food in one of their boxes last week. After charging me a %20 \""service fee\"" on the food, they ask for a %15 tip as well. Going to the ball park next time.",,
2,Fast Fresh healthy Mexican food. Atmosphere is themed well. A great place for a quick bite.,,
0,"On 1/11/2012 I went here to eat with my wife, I ordered Cesar Chicken Salad but what I got was few pcs of chicken with Lettuce that appeared been collected from the trash can because they runned out good lettuce. Well after sending back smelliest lettuce with that rusty stuff lettuce gets when they are old, the duty manager came back to my table and all he can say can I get you something else. Can you get the picture here? My reply was can you get a new chef in the kitchen. How can this chef send out this type of lettuce, lucky I inspected the lettuce if not I would had been at the hospital with food poison.",,
3,"I've been to Goldfield several times in the past few years.  And each and every time I have a great time.  I love walking around the old west buildings and watching the actors do their little gun fight on the hour.  What I really like to do is also take photography of the sites, and tour around this living history town.  From what I understand, this was an actual working town during the mining days, they everyone left and someone came in to buy it to open it up to what you see now.  \n\nSure it can feel a little touristy, and catering to kids only it's still pretty neat to just go checkout.  Plus there is still a fully functioning church at the back of the property that still offers services every sunday.  It also makes for an amazing photo when 4 peaks are clear in the background.\n\nOverall, this place can be fun.  We always seem to stop by when we are out in the area.  Usually on the was to Tortilla Flats or Superstation Mt range.",,
1,"A total dump worthy of a quick visit to see the lounge act.  I wouldn't stay here, and imagine my rating would drop if I did.\n\nThis is downtown.  This is old school.  This is the smelly part of Vegas you hear about where everybody with blue hair is playing penny slots and chain smoking Kool cigarettes.\n\nThe Plaza is at one foot of the Fremont Street Experience.  I suggest stopping in and walking through, but don't stay long enough for the smell to stick.  I have played a few table games here and even won on a slot machine one night.  2 stars for being a good place to grab a cab?",,
0,"We don't often have need to use petsitters - generally our built-in help (that is, the kids) will take care of it for us when we're headed out of town for a day or two. If we leave for longer, then the in-laws will often handle the task, just as we do for them when they leave.\n\nBut there are times when you need someone else to do the task, and so we continue our search for the perfect petsitter. Unfortunately, we are still looking, because on one of these trips, we went to the mountains of Tennessee - not known for stellar cellular coverage. Only as we arrived, at about ten pm, for a weekend away, did we get a call to say that the sitter was unable to get our four-pound terror out of the closet, and would not only not be letting him out for the night, but would not be returning the rest of the weekend.\n\nLuckily, we were able to get a hold of one of our kids, who was on a sleepover at a friends, and have him (and the friend) come over and take care of the dog. It meant a slightly less than easy weekend, waiting to see what two teenagers had in store for us when we came home - but at least the dog was there to watch them.\n\nIn the meantime, QCP may not be the best choice if you absolutely, positively have to have your pets taken care of while you're out of town.",,
0,"I took my vehicle into Outlaw Classic & Exotic Motorcars to get some repair work done. I was straightforward with the owner from the moment I walked in, stating that I was seeking immediate engine repairs that would enable the vehicle to be registered (needs to be able to pass smog check) and used daily (short commute to and from work). The owner then asked how much money I would be willing to spend for this visit, to which I replied, \""$2000\"". The owner then made it sound like we could definitely get the car running well and reliable for awhile with that much money. Not knowing much about auto repair myself, I inquired what repairs he thought would be best to do with that amount of money. After telling me, I then asked when I could expect my car to be done, to which he replied two or three days. I went ahead and paid 50% of the repair cost and went on my way. \n\nEight days later, my car was ready to be picked up. I paid the other 50% (plus an additional $100 he tacked on), and was happy that it ran well and passed its smog check. On day five of having it back in my possession, it broke down on a short trip to the store.\n\nWith it now running worse than when I took it in, I am puzzled at what the heck is going on. The owner's solution was for me to get it towed in to his shop, at my own expense, and pay for additional repairs. Wait, I just paid you over $2000 for some engine work, and my car now won't even run for a full week of light driving... why would I pay for more repair work and false promises?",,
0,"Door was nearly impossible to open, key card never worked on the first try, light was broken in the room.",,
0,"I am told that this place started out as a great place to eat. While this may be true, things have certainly changed for Pacific. The whole place smells horribly like fish (Keep in mind that properly prepared fish does not smell fishy.) and the restaurant was gross. I spent my time trying to find something to eat that wouldn't gross me out which was a waste of time. I left terrified that my next few hours would find me hunched over a toilet bowl. Don't go here.",,
4,"OMG. Mesa Grill = AWESOME. Dear Bobby Flay, can you please open a Mesa Grill in Honolulu? I would be forever grateful and eat there at least once a month. Thanks! \n\nWe went there for lunch early on in our trip and loved it so much we returned for dinner on our last night in Vegas. To start off, the service was impeccable...gotta love the knowledgeable and friendly waitstaff! \n\nThe bread basket that comes with the meal had a DELICIOUS blue corn muffin, cheese and jalapeno bread and walnut bread. I seriously could have eaten just the bread for lunch and would have been happy and satisfied. \n\nFor lunch I ordered the shrimp and corn tamale (appetizer). Holyyy amazing. The fresh corn and perfectly cooked shrimp went well with the tamale and cream sauce. I also got to try a bite of the blue corn pancake (super good), burger (juicy and delish) and pork sandwich (good). To finish off, we shared the panna cotta with berries (yum!). \n\nFor dinner I ordered the chile relleno. SO GOOD! The crunchy outside, melty cheesy inside and super awesome sauces combined to a great dish. I didn't want to share! \n\nOverall, I was truly impressed with Mesa Grill and will definitely return every time we go to Vegas!",,
3,"I went here for my birthday lunch, and I was very delighted. We had reservations, and we were taken to our seats immediately. The ambiance outside was perfect. We were sitting on that edge between outside and indoors, and it was quite an excellent way to sit outside without feeling that Vegas heat. \n\nI told the waiter right away I needed gluten-free options, and she immediately put in a request for special gluten-free bread and a menu. I had to wait a little longer, like a few minutes after my party was served their bread, but I didn't care. \n\nBecause I was so excited to have the bread option, I ordered a sandwich. It was one of the best gluten free sandwiches I had. The fries were plentiful and good as well. \n\nI wish I would have looked at the dessert menu first, because I would have then scaled back on my fries consumption. I was served a complimentary ice cream sundae, and I could only eat half. \n\nI want to try the gluten-free chocolate cake the next time I go.",,
2,"It was an \""OK\"" experience. more expensive then some of the classier places on the first floor. They offer a free photo and but it's a sales pitch to try and get you to buy the bigger and better pictures. The store offers you a rewards program and when you say yes, they tell you it's actually a credit card... and we don't have any of these restaurants around us so no thanks!",,
3,If you are in the real Downtown Las Vegas then this is your hidden gem. This restaurant has great lunch items and happy hour if you want to hang out where the locals are. Its so low key that even Nicolas Cage comes in from time to time just to hang out. A funny fact is that the building where the restaurant is in used to be an old crematorium but dont let that scare you from coming in!!,,
4,"WOW!!!  First off, the place is gorgeous.  Hats off to the designers and craftsmen that put this place together - well done - very well done.  I attended the friends and family opening the other night; a good friend of mine Tay Black invited me..  Tay gave me a tour and I was really impressed.  I was especially impressed with the coffee shop.  Tay told me they will have coffee on tap; that is not something you can really find in Scottsdale so I'm super excited about that..  On another note I wanted to point out how professional and courteous the security staff was. Their security is obviously not your run of the mill old town \""bouncer\""..  \nBetween the awesome staff and good food and great atmosphere I'm sure Dakota is going to be the new go to spot for Scottsdale's young partying professionals.",,
0,Sadly really wanted to enjoy this place with the ideas of fresh non GMO foods etc that they have but they have a small variety only one Vegan choice - veggie tacos / others they could strip off the cheese or sauce & if you want chips & salsa it's extra . We left - we wished we could have liked them but when you are promoting healty options think vegan too !,,
2,"Like many places in Vegas, this place is kind of a rip off.  However, it does have a beautiful view and a great balcony.  As I am a sucker for rooftop bars/balcony views and that sort of thing, this place is redeemable.  \n\nLast time I was there I saw a really strange sign that said \""dancing absolutely prohibited.\""  It definitely gave the place a kind of stick-up-the-ass vibe.",,
0,"Didn't even get to try the food. They were closed, saw a person come out of the place, tried to figure out what was going on and got no explanation. I guess I'm not going I waste 45 min to drive here ever again to try their famous stuffed French toast on the off chance they may actually be open and I'd be treated a little more nicely.",,
2,"Okay, I want to give this place three and a half stars.\nI really wanted to like Lux based on the reviews, but there are things that prevent me from rating it higher. \n\n#1 - I once wondered where all the hipsters roamed in Phoenix. Then I went to Lux and I wondered no more. Pretty much everyone had an apple laptop here. Me and my vaio were the odd ones out. This is just an observation and has not a lot to do with the overall rating. \n\n#2 - It was crazy crowded in the middle of a weekday. The place itself isn't that big, so I assume there's a big following (confirmed by the number of reviews for this place). This made it difficult to lay my things out and have adequate study space. \n\n#3 - Smaller space + people = really narrow walk ways when people are standing in line to order.\n\n#4 - Coffee is good, but not as strong as I personally like. \n\nWith that said, the perks here are ambiance (fun art on the walls that I imagine are changed everyone once in awhile), good people watching, parking despite the amount of people here, and the fact that its by the light rail. \n\nSo yep, Lux is a solid coffee spot, but I think I'll keep looking for the coffee shop of my dreams.. with table space and stronger coffee.",,
0,"WHAT THE HELL. Our stay was pretty good until we finally checked out, except for the fact that the hallways in the courtyard reek of weed! BUT-------- There are no words to how angry my family is. My Mother went to the front desk to check out only to find out that they charged us TWICE.\n\nThen, when they said they reversed the charges, they didn't give my Mom a receipt to show proof that they did in fact reverse charges. So when she asked for paperwork to prove that they gave us credit back, the supervisor/manager present pretty much said, \""Paperwork? What paperwork?!\"" Ruuuuude. But finally, they were able to give us some paperwork on it. And gave us a time period of about three days of when we would receive the money back!\n\nTHEN, when we got back, we saw that instead of giving us a credit, THEY CHARGED US ANOTHER TIME, SO THAT'S THREE CHARGES!!!!!!!!! THREE TIMES. My Mom's account was even over drafted! When my Mom called the hotel, they were completely rude to her, as if it's my Mom's fault that her account got charged twice! \n\nCourtyard rooms are two-stories high with no elevator! Good luck!!! Also, it's almost impossible to find your room! And you get lost trying to find your way out to the casino/lobby!\n\nGet your stuff together! And learn some real customer service! We will never come back here again!",,
0,"Attention folks! \n\nDo you like hard, flavorless, uncooked boxed brown rice that taste like it was made weeks prior? \n\nDo you like ordering a chicken dish and it is mostly vegetables? \n\nYeah! Awesome, then you will love this place then if you answered yes to the following questions! \n\nIf half of your taste buds are in operation then please AVOID this atrocity at ALL cost! \n\nThe only thing that are ok is their crab Rangoon's, other than that go take a big chunky dump in a bag and dig in, you would love that more than any entree from this place! \n\nWaste of money! Bad Bad Bad food! I feel ripped off! $13 bucks down the drain on garbage!\n\n\nDon't do it! Please...don't don't do it!",,
0,"Average wait time for delivery is an unsympathetic hour, even around 2 in the afternoon. Their new website's ordering system charges you additional fees for usage. The pizza is decent, but it's not worth the headache.",,
4,"My first time here, this salon came highly recommended. I'll definitely be back when i'm in town! Clean space and friendly staff and prices are reasonable. My pedi and mani were thorough and delightful.",,
0,"I don't know how this restaurant earned 4.5 stars. When we first walked in, it felt like we were in a sauna. The food was not fresh as they advertised on their front glass window. The food appeared and tasted like it was cooked earlier today and was kept warmed until served. We ordered the carne asada torta, grilled shrimp plate and the chicken quesadilla combo. The lady at the counter had stated the torta had guacamole and it didn't. The grilled shrimp were not deveined and were overcooked to the point you can barely peel the skin off. Also, we asked for the chicken to be on the side, not inside of the quesadilla and the chicken appeared grey and reheated. The only reason I giving them one star is because the horchata was good. I will not be dining in this restaurant again unless they serve fresh food as they say they do.",,
4,Excellent service...check! Best sushi in town...check! Watching table argue with staff about not getting their 30th order of baby octopus...priceless.,,
4,"Amazing atmosphere especially following any concert venue here!  Great Vibe;  great Martinis, wonderful WINE list, amazing Steaks!  Love the decor--\nAmazing music-  gorgeous people !!!!!",,
4,"Was extremely pleased by this restaurant. \n\nWent here for our anniversary and first night out since our daughter was born; to get a little steak/casino action. We sat on the patio, as the lighting on the inside lacked the usual ambience. \n\nService:\nEvery person we interacted with was fantastic. Our waiter (Michael, ask for him!) was prompt, friendly, funny and knowledgeable about the menu. The sommelier was excellent and was able to recommend a mid-range wine we loved based on the hodgepodge of information we gave him about what we liked.\n\nFood:\nDelectable. I had the 12oz. filet, oscar-topped with a side of asparagus. My husband had the 20oz. ribeye with creamed spinach and a baked potato. Unlike the other reviewers, we both marveled at the perfection of our steaks. A perfect medium rare, warm all the way through on both, with a nice sear on mine. Keep in mind: we are steak people, we've eaten at a lot of steakhouses and this was the most PERFECTLY cooked steak I've ever seen. Everything else was great, with the exception of the potato. Not that it was bad, just underwhelming after the quality of all the other dishes. But then, it was a baked potato.\n\nThe only negative point we had was the gelato. We really can't complain, as the dessert was complimentary (our anniversary), and exactly what we wanted (a little gelato, a little chocolate). However, gelato is not supposed to be hard. It's not like ice cream, it's a gooey, wonderful, weirdly-frozen mess. This was rock solid. I mean hard to get a spoon through solid.\n\nAll in all, we will be back. Probably too often. This place is the perfect high-end steakhouse to compliment a night of blissful gambling and drinking. It rivals many of the places we at in California & Vegas.",,
3,"Nice museum, you can tell they have put a lot of effort into the detail.  I was here for an evening reception with a group of museum professionals during a conference, so I wasn't able to commit to reading all the information but what I did see was very informative.  Very nice place to stop in and learn about Wisconsin's military contributions.",,
4,"I honestly couldn't tell you how long I've been coming here, but I love it! \nFast service & everyone is so nice. \nI go there for 1 person and 1 person only but there is never a dull moment when I go in to get my hair cut",,
1,"Really? I had to make reservations for this place? Because on a Saturday night over Labor Day, this Envy The Steakhouse was completely dead. There was one other table in there. When we left, there were maybe 5. We had a restaurant.com coupon, so thank goodness we didn't pay full price for this place, because I would've rather taken my money to Fleming's.\n\nOur waiter was this super mellow guy, and was really nice. He did pay attention to details because he knew we didn't want ice in our water and made sure he didn't accidentally pour it in when it came to refills. It's the little things.\n\nWell, the big thing was the price. We ordered the 10 oz. filet mignon to share between us for $45 and paid a $5 split plate charge. $45?? Are you kidding me?? We started with the gnocchi which had wild mushrooms and parmesan fondue, which was pretty good. We also ordered the steamed broccolini. The steak was definitely not worth the money, because the outside was cooked to a slight crisp (not a problem for me because I like a bit of char), but the inside ranged from well-cooked on the sides, to cold red center, which is not good. A well-cooked filet, ordered medium rare, is a cool pink throughout. What I also didn't like was that they cut the steak in half for us and brought it out on two plates, just because we split it. Well, it probably didn't get to cook enough since you cut the sucker open, and it got colder by the time you brought it to the table. \n\nWhat was good was that your entree comes with a small crock of mashed potatoes and roasted season vegetables, which was yummy. That's a nice addition, considering most steak places just give you a steak, a la carte. \n\nThey had forgotten the steamed broccolini and didn't bring it out until we asked for it. We had a wine from their seven for seven list, which was pretty good for $7. The ambience was very hotel/steakhouse-like. I still felt like I was in a hotel, and I thought the decor was trying a bit hard to be on a more upscale than what it really was. At least I didn't have to dress up to eat here. They didn't balk at my track suit jacket I had with me because I was too lazy to pack anything dressy for the trip. \n\nSo glad we didn't pay full price for it. It was barely worth it even with the coupon. I do not have steak ENVY.",,
2,Miso Ramen is just ok. Sashimi and Roll combo is just ok.\nGood service :-),,
4,We chose Fez after picking a friend up from the airport late at night and were pleasantly surprised. Our servers were very friendly and helpful. The spinach and artichoke dip is highly recommended. My friend and I enjoyed,,
3,"Gorgeous rooms, wonderful shops, desirable restaurants, fun pools, and of course, a gondola ride. \n\nI've stayed here, ridden here, gambled here, eaten here. My favorites are staying here and eating here -- whether it's Mario B's 'B&B' or any number of tasty destinations. \n\nHung out on the top floor in the Suite to Die For helping friends celebrate a birthday. Lovely. Right down to the baby grand piano I had the pleasure to play. \n\nSo much to like here. I'm overdue for another stay.",,
4,"Bomb!!  Definitely must try everything we tried was fantastic the Mac n cheese, ribs, chicken,pulled pork brisket and peach cobbler!! It so hit the spot!! We will definitely be back and let are friends and family know about this place!!",,
1,Great menu selections and nice setting.  Waiters were very attentative and friendly.  However the food was too salty to our taste.  The only thing we liked is the vegetarian spring rolls.,,
3,"My family & I just had dinner at this great new restaurant.  We shared the new england fry (clams & calamari, blistered shishito peppers, cured lemon aioli) & \""wife's favorite salad\"" with duck confit, arugula, fris\u00e9e, pine nuts, pomegranate. Both were quite delicious & fresh tasting.  Ditto for the main courses, swordfish w/slow cooked sweet peppers & artichokes, turkey bolognese, & Mary's free range chicken. All were good, but chicken was especially delicious, moist & succulent. The chicken paired especially well with the Erath Pinot Gris. The wine list is quite good, offering many good wines for pairing. Dessert was another hit-- bread pudding that my wife & son say is one of best they've ever had, & apple pie w/vanilla bean ice cream. Definitely recommend the bread pudding if you like that kind of dessert.  We waited quite a while for our entrees, but we chalked that up to their very recent opening (earlier this past week).  We will definitely be back.",,
4,"I did not get a sandwich from here. I ordered the spicy ramen noodles since it was a chilly, rainy day. I was genuinely shocked on how amazing it was! Not that I didn't think it would be good, but it was seriously some of the best stuff I've ever had. I now crave it at least once a week! \n\nNot only did the amazing soup earn them the 5 stars. The service was awesome. I only ate about half a bowl of soup and asked for a to-go container. The lady came out and separated my noodles from the broth and put them in different containers. She also explained to me how to reheat it properly so it doesn't ruin the flavor. She then taped them tightly shut so it didn't leak in my car.\n\nFYI this is an \""order at the counter\"" type of place. This type of superb service was totally unexpected, but greatly appreciated. I was able to eat the rest of my ramen the next day and it tasted just as fresh and flavorful as when it was first served. This was all thanks to the wonderful service of this sandwich shop.",,
3,"Dim bar, cold drink, good tunes, Bad Breath Burger. \n\nOh yes. \n\nThis is SUCH a great place. They always get great live music, and it's fun to sit down with a sampler and some friends and actually get to HEAR them talk. A mellow place to catch up or settle down.",,
3,"Pulled up at 7, didn't know they closed @ 7 on Sundays. While sitting in the car tryin to decide where else to go the owner came out and invited us in and took our order. We chatted for a bit, dude is real cool. If the food is half as good as the friendly service we'll definitely be back.",,
0,"If you go on a weekend when there is a big act, they over-sell the place. It is SOOOO packed and the security guys are total dicks. We couldn't even see the stage. Were forced to just hang out outside most of the time. This place, unfortunately, is far too popular for it's size and you will be battling people for space and drinks alllll niiittteee. Go somewhere else where you can actually have fun.",,
4,"Summit trail is about 1.1 miles long and is the hardest of all. It took us about 35 min to get to the top and about 30 min coming down. It's a great workout, make sure you take appropriate shoes; I took my running shoes and were too soft for the rocky trail. The trail offers great views of the city along the way, rewarded with a magnificent view from the top. There is a water tap at the bottom where you can refill your bottle. And there's plenty of parking too. Take sunblock too. Great little workout in the middle of the city. Ah, and dont fidget with your phone, I dropped my Iphone and cracked the screen :(",,
3,"For shame.   For shame.\n\n\nOk, this review is not to talk about the food at La Condesa .  I am a huge huge fan of the food and service, and everything else about this place except one thing.  While eating with a friend from Tucson, he recognized the art on the walls as being the art of famous San Francisco artist Sylvia Ji.   So we called the owner over to ask about the artist.  She told us all the art was by Mexican artists Manuel Gilavalos y Garcia and Ricardo Ramirez.   These are obvious reproductions of a young artist who is currently very hot and exhibiting all over the world.   How has La Condesa gotten away from this for so long?      \n\nThe owners probably have no idea, but this is some shameful shit, and as great of a reproduction as it looks and makes the little restaurant feel,  Sylvia should be notified and should cease and desist on these \""artists\"".      Google Sylvia Ji  and check the La Condesa website and compare the art, and you'll see what Im talking about.   One of the paintings in there is an EXACT replica of one of her paintings.",,
3,"If going to the cinema is for you more about the cinematic experience than simply seeing a new release as cheaply as possible then this is where you should watch your next film.\n\nIt's not the cheapest cinema and there's only really two screens worth watching a film in, but this will be something different.  You'll walk in expecting the neat rows of seats like an army at ease, but instead it will welcome you in with a more homely feel.\n\nBar the seats which are slightly different to what you might expect, thi is a cinema that reflects fondly on the 60s when cinemas were the new thing in town - well worth a visit.",,
3,I consider myself an expert in green chili chimis and La Canasta has a pretty good one. One the down side- they don't know how to give back correct change.,,
4,"For all of you hard core first generation filipinos that grew up on your mom's home cooked meals that you crave and cannot get anywhere unless you decide you want to cook for two hours...come to Nanay Gloria's!  (Mama Gloria's)\n\nThis place is a filipino buffet...just the way things are served at my family 'get-togethers';  there is a lot of food, it's always buffet style because we don't limit the food that's given to company...ever, and you cannot stop eating because the food is so good!\n\nSeriously!  The food here is cooked as if I were at my mom's house and I lifted the pot lids to see what was cooking.  My mom always made food from fresh ingredients, never cooked from a recipe.\n\nThis next part may sound foreign and yeah, it is. I won't try to explain what these dishes are, just look at the picture! \n\nAt this buffet, there is tinapa, pancit, pakbet, lichon paksiw, sago, and halo-halo.  You may have had to acquire a taste to these dishes to appreciate them, but nonetheless it's worth trying if you've never had filipino food. \n\nWow!  I'm having visions of big spoons and forks hung over the dining table with a portrait of the last supper in black velvet texture!\n\nOh, and never mind the atmosphere - it's a dive and it's great!  You'll get the latest episode of filipino soap operas and can read the latest filipino newspaper that you see the same people in all the time.\n\n$7 all you can eat buffet!  You can also take-out by pints and quarts at very reasonable prices.\n\nMabuhay!",,
4,"I love this place! I am a new teacher this year and I could spend all day in here, as I have done a few times. They have countless resources for teachers and students. I initially came here for borders, decorations and other supplies but went back to buy resources that would help me align instruction to the state standards. There is such a wide variety to choose from and if you need any help the workers are extremely helpful and kind. They really go above and beyond normal expectations. Prices are not bad at all. The merchandise will add up, no doubt but overall you are getting a good deal in my opinion. If you sign up for their text alert, they send you a weekly coupon code on Thursdays that you can use at the store (maybe online too but not sure).",,
2,"Cindy's is a somewhat frequent breakfast stop for me - but mostly because it's close by. I love the staff, always friendly & welcoming, and the breakfast menu is great.....but steer clear of the burgers.  Quite possibly THE worst burger I've ever had in my life.  The first time I decided to try one, my boyfriend, who had been going there for years before he brought me, advised against it. I got it anyway and immediately regretted it - cut to a couple years later, I just went there with my dad a few weeks ago and felt like a burger for breakfast, so I gave them another shot. Yuck!! Even more horrible than I remembered!! Clearly just cheap, frozen, unseasoned patties they pan fry and throw on a bun.  McDonald's outshines them in that dept. But stick to breakfast and you won't be disappointed.",,
3,I really enjoy the ambience of this place. The staff was very inviting and warming when I enter. Jamaican food has always been a big part of my life growing up. So I know what it suppose to taste like. So far so good the jerk\n chicken is a must have. With a great mix of spices it will leave your mouth watering. What a great job by jerk hut. Defiantly hard to find good Jamaican food in Arizona.,,
0,"Four of us stopped in for lunch on Saturday, November 26 at approximately 1:00PM.\n\nWell, we didn't even end up staying to eat because the restaurant was staffed with only 1 server and 1 hostess - both of which were completely un-attentive, and almost rude.  We decided to get up and leave after sitting in our booth for 20 minutes, completely ignored.  The hostess stood there, looking into the restaurant while the server ran around trying to manage the 6 tables that had people at them.  Not once did the hostess or the server come over to re-assure us that we would be taken care of, or apologize for the wait, etc.\n\nWhile the employees annoyed us, I find it hard to believe that management would staff the restaurant like this at lunch time on one of the busiest shopping days of the year.  I was embarrassed after telling my parents that we would be taking them to somewhere special for lunch while shopping.  It was ridiculous and a waste of our time.",,
4,"Without a doubt, one of the best values (hah, clearly a relative concept) in all of the new strip -- and probably some of the best non-designer food to be had there as well.  Although I was very dissapointed in the dan dan noodles (very soupy), the potstickers and the Singapore mei fun were super yummy.",,
4,This is an amazing establishment with some of the most customer service oriented staff I have ever came across.. Roberto Liendo is the GM and he made this dining experience one to truly remember!! Deff recommend this place while in vegas,,
3,"I've had Sammy's a few times, usually \""to go\"". Today I decided to have a sit down and eat. We came in just in time for Happy Hour! What are the odds of that! 3-6pm daily, half off all tapas and $2 off alcoholic beverages. If I didn't forget my ID I would of taken advantage of the drinks. The tapas menu is pretty intriguing as well. \n\nI decided on the Lobster Mac & Cheese, which was about $5. It was the perfect amount. Considering it is a pasta so it's pretty heavy I decided not to get another item for myself. It had a good amount of Lobster in it. It wasn't TOO cheesy. And the dish wasn't as small as I thought it would be. \n\nThe beau got the garlic chicken pizza. Besides the fact that it came with mushrooms and I accidentally ate one, it was pretty delicious. I loath mushrooms! It definitely had a woodfire taste to it. It was thin crust which I loved. \n\nService was alright. She came and got our orders quickly but we didn't see our waitress the rest of the time. And our check took forever to arrive. Other than that I love Sammy's!",,
3,This place is great! Love the menu and the food quality was amazing. Small place with lots of people but I'm heading there again for lunch!,,
0,"I saw a groupon I was interested in so went to the website to learn more.  I couldn't.  the web site had a number of errors and I couldn't get to the list of services.  I tried to send \""contact\"" through the web site and it didn't work either so my only contact option was e-mail.\n\nI wrote the person and told them their web site wasn't working and what I tried and my perception of a business that is trying to promote itself but doesn't have a functioning web site (basically \""rookie\"").  I pointed out the error and what I was trying to learn from the web site and why I decided against the groupon based on information I couldn't get.\n\nI received a rude e-mail back basically saying she was not a web site expert and she is reconsidering Groupon because of rude people.\n\nLast time I checked, customer feedback wasn't rude, it was a kindness to help a business understand how they can be perceived and how they might be able to improve.\n\nIf a business person that could be using lasers on your face or injecting botox or fillers or something doesn't want to listen to simple web site problems... why would they listen to anything else a customer had to say?\n\nI wouldn't trust my face to someone who apparently doesn't care.\n\n---------------------------------------------------------------------------------------------------------\nUpdate: 4-10-14  Today I receive another nasty e-mail from Kimberly Klepatz among her complaints was \""I don't even do injectibles\"".  \n\nOK.... but because the web site wasn't working and had a huge phone number over the navigation bar, I couldn't find out what services were actually offered.\n\nAmong her complaints were that I was \""rude\"" by telling her that her web site did not work properly, what it was doing, and what my perception was based on what I saw.   Now she's mad about the negative Yelp review.\n\nIt's hard for me to imagine someone so resistant to feedback in a service business.  It's even harder for me to imagine letting someone who won't accept responsibility for a simple error on web development at my face with a laser.  What if something went wrong?  Would she accept responsibility or just blame it on the customer?\n\nI am still amazed that rather than getting a \""Thank you.  I'm not sure what's wrong but I'll look into it\"" on my feedback on the website I got \""I am going to reconsider Groupon because of rude people\""\n\nI need to check Yelp review policies but if I am allowed to publish a threaded e-mail, you would all die laughing!\n\nIt's kind of like \""Ramsey's Kitchen Nightmares\"" where the horrible cook is blaming the food sent back to the kitchen on the customers.\n\nReally?  \n\nAnyone ever see the episode of that show where he brought in the Yelpers he blamed for his demise?  They were all interested in giving the business owner honest feedback to *help* yet he wouldn't listen.  (I think he did when Ramsey nearly beat the snot out of him verbally... but I'm not Gordon Ramsey... just someone who know the power of active consumers.)\n\nI scream at the top of my lungs and applaud and promote businesses who do a really good job, deliver great service, have great food, etc.  \n\n  I also think that those who behave horribly earn their reviews.\n--------------------------------------------------------------------------------------------------------\n4-10-14  10:24PM  I just downloaded 2 other browsers and sent 3 screen shots to this business owner to demonstrate the problem and isolated it to one browser.  She actually sent me an e-mail before I completed downloading chrome and testing it saying the web site was developed by someone else and she would give me plenty of contacts.\n\nWow.  Try to be helpful and point out a problem and suddenly you are being repeatedly called rude AND then try to be extra helpful and send visual representation of the problem.. and.... ???   I'm not actually sure of the intent.\nAm I supposed to be personal technical support for a business person that  kind of shredded me a new one?\n\nTruly one of the weirdest Yelp experiences of my life.\n-------------------------------------------------------------------------",,
0,"I can't in good conscience recommend this restaurant to anyone with taste buds. The food here is utterly horrible. My first mistake of the evening was choosing this place for dinner. The second mistake of the evening was choosing the \""Carnitas Plate\"" for my meal. I don't know about you, but my idea of carnitas is slow roasted pork cooked on a spit. What I got were hard chunks of pork that had been dredged in flour(or something) and then deep fried. I couldn't believe it was my meal when it arrived because it looked so far from carnitas I didn't recognize it. I tired to eat a piece of it but it was too horrible to eat. Instead i decided to make my third mistake of the evening which was to try a bite of my wife's food. Yuck! She ordered their signature dish which was called \""Pollo Magnifico\"" and I assure you, it was far from magnifico. It consisted of pieces of dry hard chicken that had been wrapped in a flour tortilla, smothered in cream cheese and covered with melted cheddar cheese. Even with the cream cheese and cheddar cheese, the chicken was too dry to eat. The most surprising point of the evening was when the waiter came to take our check. He actually seemed surprised that neither one of us touched our food and didn't want a take home box. I find it hard to believe that we were the first people that found this food inedible. At any rate, don't go here. Ever! It is disgusting.",,
0,"The view is beautiful, but the restaurant is not worth the money. \nWe ate here October 19th at 6:00pm, the night my boyfriend proposed. It was a Sunday night and not very busy. We were told because we did not have a reservation they could not sit us by the window, but throughout our entire meal there were at least 6 window tables open, that were never seated.\nThe staff was not friendly and we had better service at the casino buffet.\nThe nicest person there was the photographer who was so kind and took our picture out on the patio, and to my surprise caught my boyfriend's proposal as well. \nWe tipped him better then our waiter.\nThe food was average. I had the free range chicken, and my fianc\u00e9 had the Ribeye.\nIf the service had been a little better, I might consider going back.",,
4,"So many negative reviews!  I just recently moved and got a raise so I went for a little spree.  Got myself a new suit and what can I say, Cynthia in the Men's Wear Department really knows how to put a tie with a shirt with a suit.  Extremely helpful and offered plenty of recommendations.  Got some new cologne, bath towels, and I was set.  Important to note that there are always great deals abound, so unless you're looking for a Hugo Boss suit at Neiman Marcus or Nordstrom this is the place to be for designer brands at a bargain!",,
3,"It's our go-to movie theater. It shows mostly less mainstream/blockbuster type movies, but we did most recently see \""The Decendants\"" there. We buy the tickets on Fandango ahead of time; there is a little vending machine to use to print and take the tickets from just outside the entrance, across from the ticket window.\n\nSome movies have had a disturbingly small headcount, while others have been 90%+ full. I don't think I yet have a read on what my experience will be until we walk into the theater itself. We will on occasion buy some popcorn or soda before going in, but often are coming from dinner and thus usually bypass the concession stand. One time we went, there was no one staffing the counter--I think the person selling the tickets was also in charge of the concession stand, and ultimately I didn't buy anything. Regal can be so peculiar.\n\nOtherwise, it is the anti-Stonecrest experience, which is a very good thing.",,
2,feel like it was overrated.\nthe full montagu tasted like a panini that was bland.\nand the cold pasta in a cup was too sweet.\nthe potato salad in a cup was not bad though.\nthe frozen lemonade was way too sweet.\nnot impressed.\n\nand the cobb wrap was not good.,,
0,"After my poor, 4m old Alaskan Klee Kai got attacked by a mean and aggressive chihuahua back in 2009, she was not the same, sweet and well-tempered doggie. She would display aggression toward unfamiliar dogs that came near her and myself and would guard my fiance and me. I was in desperate need for help and asked some fellow dog owners on places to have her trained.\n\nWe scheduled a consultation with one of their trainers at the facility and he said he was concerned that my dog was displaying a bit of dog jealously when she saw me giving attention to another dog. He also explained that their e-collar was NOT a shock collar but was a training device to grab the dog's attention and wouldn't place the collar past 3 out of 10. I was initially impressed by their techniques as it appeared to work on my dog. However, I call BULLSH*T because at one point during one of the trainings the trainer had REPEATEDLY put the collar up to 8 to get my dog's attention.\n\nEven though I had experienced, first hand, how the e collar felt, I thought a 3 out of 10, which the trainer said had said SMS would never go above,  would be an acceptable threshold for my dog. 8 out of 10 on that collar is just straight up cruel and uncomfortable. FEEL an 8 out of 10 on YOUR OWN NECK/HAND etc.; it's a crappy feeling. I felt that I didn't get much out of the 3 trainings that cost close to some ridiculous price over 500 bucks....we were not taught anything outside of the \""place\"" command and I didn't feel that we learned how to use the e-collar as effectively to grab her attention. As a result, my dog seemed to experience more anxiety and it didn't fix her aggressive behavior but probably exacerbated it.\n\nTrust me, I followed everything the trainers told us to do but unfortunately this left my dog with an unimpressive improvement in her behavior and my fiance and I broke. I don't see what I did wrong except to decide to go with SMS rather than doing my research on dog trainers in the Valley. While I'm sure this technique would work for other dogs with specific temperaments, this technique was a total fail on my dog. So, before you resort to SMS, please do some research!",,
0,"A harrowing experience that I have never forgotten \n\nOn December the 27th, 2010, my family and I decided to eat at this establishment, a quaint and attractive corral of tables inside the Venitian. Thinking that pizza was universal enough and since I love cheese, I ordered the pizza quatro fromaggi. It should be called the \""pizza quatro dimone.\"" \n\nWhile my fellow diners were privileged to partake in good and tasteful victuals, my experience was horrifically different. The \""pizza\"" arrived, a thin yet textureless crust more bland than a saltine cracker. Oh, what I would have given for the remainder of that meal to have been so bland! \n\nThe sauce was somehow simultaneously as bitter as orange juice served in an aluminum cup and as sweet as frosting, smothered atop the pizza in a bloody masacre-like fashion. The surface of the pizza would have been only sauce, but for one horrific, greasy, formless globule of cheese in the center of each piece. I'll never know if it was the Tallegio or the Cacio that fell me.  \n\nAnd here, I start to go blank. The memories, the horror... \nThe taste of bile and frosting mixed with locker-room sweat and sourness, mixed with the at once rosey yet musky dirty-water \""Esscence of the Venitian\"" scent wafting through the air ducts. I could taste nothing but that for days. Every food I ate for the rest of the day tasted of IT. \n\nNow I sit here, more than two years later, still remembering every once in a while that terrible taste, that permiating aroma. I can still smell it on-call, just by remembering. \n\nShame on you, Mario Batalli. In all of your culinary genious, you have hidden ONE fateful dish on your menu, making for a cruel game of russian roulette. \n\nAlthough you may partake of its benignant friends, BEWARE of this pizza and the evil it portends!",,
0,"Had a groupon and decided to walk across the street for some hot dogs, one of our main vacation foods. Service was lackluster even for a hot dog stand and the hot dogs and buns tasted stale. It is pretty hard to mess up on hot dogs for us. I guess that explains the need for groupons for this chain.",,
0,"I went here the first night of my stay for RollerCon and I wasn't impressed...\n\nFirst, the name is misleading for the atmosphere the bar has. It used to have some sort of \""pub-like\"" name before it switched to this one. Honestly, the new name sounds like more like an adult store than a bar. So, it's still a pub, but with a weird name.\n\nThe food was bland and took (we kept track of time) over 45 minutes to deliver to our table. I asked two questions, both of which the waitress had to go ask someone about--one was if I could have a side of marinara. I know it's not common, but I mean...it was for a pizza. Plus, she had no knowledge of the menu or the bar (and she wasn't new, I checked--see, I give people the benefit of the doubt). And the drinks took 15 minutes (again, we counted) to make their way to our table.\n\nThe waitress returned a couple of times and did not clear my basket, even though I was done (I made this obvious). She was also short with us when we handed her coupons for the meal. She didn't even bring us our checks, she had another waitress do it for her.\n\nAll in all, not a great experience. I don't plan on going back.",,
1,"I went here during my recent trip to Las Vegas. I scare easily and wouldn't normally be up for haunted houses. However, we went to Vegas for my BF birthday and he loves those sort of things. I saw the amazing reviews on Yelp and had high hopes for the place. Before we went in they informed us that the staff wouldn't touch us, and that we couldnt touch them. From there I was instantly less frighten. Going through the haunted house it was quick and you could tell that the props were very fake. When I read how much money went into funding the haunted house I was expecting more\n\n.The View at the bar was nice.\nI would Just cut through to the bar and enjoy a few drinks and the view and not waste my money going through the haunted house.\nAll the other haunted house i've been to have been scary then this.",,
0,"Walked in the front door and it smelled so fishy my wife and I left.  It was a Friday night and no one was there except one couple, I wasn't impressed.  The reviews indicated great sushi but we couldn't get past the fishy smell and the lack of people.  It's also very stark inside with no atmosphere. Not really sure about the food but not my cup of tea.   \nHope this helps someone else make a decision it seems like the other reviews are plants.",,
3,"Definitely like the outdoor area here over Town Square's.  Grand Cafe was closed at Red Rock which made this place a no brainer around 11pm.  Same menu, same times for happy hour!  That makes the value pretty phenomenal for what you can get.  I was already fairly loaded when we walked in so we just split pizza and wings which were more than enough.  All for less than $12 before tip!  Yes!!",,
0,"WORST SERVICE EVER!!!!\n\nMy daughter and I came here to try it out.\n\nCame in and got seated quickly and that's where it ended.\n\n15 minutes wait to have a server come to the table\n15 minutes wait to get the drinks we ordered\n15 minutes wait to get a refill on water\n15 minutes wait to get our food\n15 minutes wait to get a \""to go\"" box after we ate\n15 minutes wait to get our bill\n\n....and only took us 10 minutes to eat.  \n\nAll this waiting made the food suck.\nCalculate the TOTAL wait time (and I'm being nice with averaging 15 minutes):  It was over 1 1/2 hours of wait time.\n\nAnd what makes this even worst is that it was slow night...not much customers were there when we came.\n\nIt sucks that Restaurant.com forces an 18% tip.  I wouldn't of gave anything!!!!!",,
4,"This place definitely lives up to the hype and stellar reputation. After I saw them on an episode of Triple D, a visit to Bachi was highly warranted during my recent visit last week to Vegas. They're located 7 miles west of the Las Vegas Blvd. on Sahara Ave inside a huge shopping center. Though a little ways from strip, it's not far of a drive and took us about 15 minutes to get here.\n\nWe arrived mid-afternoon on Saturday and were seated fairly quickly, waiting only 5 minutes for our table. The place presents a casual, laid-back atmosphere with a modern feel that compliments their unique Asian fusion style menu. You can choose from a variety of gourmet type burgers or simply build your own; and compared to most high end burger joints, prices are reasonable considering the quality of food you receive.\n\nFor starters, we ordered the oxtail chili cheese fries and pork belly steamed buns which came highly recommended by our server -\n\nOxtail chili cheese fries ($11.50) - this top selling item was awesome and delicious. The chili really makes this dish standout so flavorful, sweet and spicy. Using oxtail instead of traditional ground beef adds richness and appropriate texture to the chili, complimenting the light crisp fries. I love the way the egg yolk oozes over the chili when you break into it. It felt like I was eating luxurious French boudin fries. Very savory and exquisite.\n\nhttp://www.yelp.com/user_local_photos?select=HzPMWDKQZw-5RjpfUICxRA&userid=M6id0az7Q4wJUZyZHibkTg\n\nPork belly steamed buns ($10) - Thick cuts of pork belly nestled inside 3 soft pillowy buns and amped up with a boiled egg for the ultimate deliciousness was scrumptious.  The perfect foundation for any great Asian bun. You get a nice balance of sweet and tanginess from Chinese black vinaigrette and hoisin which works well with pork and vegetables.\n\nhttp://www.yelp.com/user_local_photos?select=WuQ91GCuI00TwNG_nXNLLA&userid=M6id0az7Q4wJUZyZHibkTg\n\nI've eaten a lot of good burgers and I'm amazed to say that these have got to be the best I have eaten anywhere, including some in LA. The buns on both of these dishes were huge, and presentation was great. We ended up ordering the Bachi and Miyagi-San Wagyu burger which were both well crafted and on point -\n\nMiyagi-San Wagyu Burger ($15) - infused with Furikake seasoning and priced a few dollars more, this kobe beef quality patty was freaking delicious. It was cooked perfectly medium with a nice crust and pink in the middle. Of course, you can't go wrong with a fried egg which to be the norm nowadays. It offers a buttery, rich flavor that makes the basis for any tasty burgers.\n\nhttp://www.yelp.com/user_local_photos?select=5KMqeSMu9yyz5gO8BWUR-w&userid=M6id0az7Q4wJUZyZHibkTg\n\nBachi burger ($13) - It came with standard lettuce, tomato, and red onion. For $4.50 more it was upgraded with apple wood smoked bacon, shredded onions and cheddar cheese ($1.50 each extra for each item). The burger was juicy, tender and so good! Everything held together nicely without getting to messy. Each bite was heavenly.\n\nhttp://www.yelp.com/user_local_photos?select=otpbLYzI-V5l-W4fXALoag&userid=M6id0az7Q4wJUZyZHibkTg\n\nTo wash it down, we ordered the salted/caramel shake ($6) with toasted marshmallows. It was smaller portion than we're used to seeing (maybe 12 oz glass), but very delicious. They have wonderful selection of craft beers and premium sake, which added to our yummy the dining experience. The 22 oz Sapporo Draft ($6) paired well with the beer and chili fries.\n\nhttp://www.yelp.com/user_local_photos?select=KeHL8-6ZQdi9DFKNkyRdmQ&userid=M6id0az7Q4wJUZyZHibkTg\n\nhttp://www.yelp.com/user_local_photos?select=IkLn0ClatO7yflj4mqumaQ&userid=M6id0az7Q4wJUZyZHibkTg\n\nAll in all, this restaurant did not disappoint. Service was excellent, the atmosphere was cheerful and the food was remarkable. Triple D was dead on with this one. It is a bit out of the way, but definitely worth the drive. We will definitely return.",,
1,"***This Marriott definitely feels dated and it is not in Downtown Madison; it is a comfortable enough hotel, service is good and room rates are reasonable; however, the hotel has kind of a depressing look and feel to it; it needs an update***\n\nThis Marriott kind of feels like an airport hotel.  Airport hotels tend to be very outdated and there is typically little incentive to do a renovation because the hotel has a steady stream of customers due to its proximity to the airport and convenience of airport shuttle transportation.  This Marriott has a similar look as the Philadelphia Airport Renaissance.  Both hotels feature an open atrium that goes up 9 to 12 levels high.  You do get a nice look onto the open atrium as you ascend on the quick glass elevators at this property.\n\nUnfortunately, this hotel is very out-of-date.  The lobby and cafe looks like something from the early to mid-80s.  The rooms are a little more contemporary though parts very dated; at the kitchenette sink, there was a bottom cabinet that may have been a dishwasher at one time; instead, it was empty with lots of dust and exposed piping (not nice to find at any hotel).\n\nThe breakfast buffet did not inspire freshness either.  The food quality was not horrible, but a lot of the food was quite salty.  Food options included bacon, sausage, breakfast potatoes, scrambled eggs, smoked salmon, continental breakfast options, and an omelet bar.  In addition, the poor lighting in the lobby and throughout the hotel made the food and other stuff maybe feel worse than they actually were.\n\nThis Marriott is still a comfortable place to stay and has good customer service.  The rooms are comfortable with good beds and linen.  The room temperature was fine though the unit did not seem to consistently keep the room cool.  The shower was fine.\n\nThis Marriott has many suites so you have a good shot of getting upgraded if you are a Marriott Rewards Gold or Platinum member.  The suites are spacious and the bedroom is separated from the living room area with a door.  Their suites are outfitted with a mini fridge, kitchen sink (as mentioned) and a microwave.\n\nOn weekends, Marriott Rewards Gold and Platinum members get an offer of full breakfast buffet for two per Saturday and Sunday or 750 Marriott Rewards points per Saturday and Sunday.  This is a new nationwide Marriott benefit for Marriott Rewards Gold and Platinum members and the hotel is only obligated to offer a continental breakfast.  I have been to a few properties (Santa Clara Marriott, Minneapolis Marriott City Center) that are only doing the bare minimum--continental breakfast--so this Marriott is definitely going above and beyond in this area (though the quality of the full breakfast buffet, as already mentioned, was not that great).\n\nThe front desk was nice and helpful.\n\nRoom rates are good, but this hotel is not in Downtown Madison.  It is only a 7 to 10 minute drive to Madison though.  However, I am not sure if getting to Downtown Madison on a Wisconsin football game day is challenging.\n\nThis Marriott would not be a good property for a long stay.  This hotel just does not feel fresh enough.  It is a comfortable enough spot for a short stay though due to their comfortable rooms and good service.  If you are a Marriott Rewards Gold or Platinum member, they do treat you well here and maybe even better than some Marriott properties.\n\nThis Marriott has its own free parking lot.  It is easy finding an open space.",,
1,"Overall, I like this place.\n\n1.  I have purchased three Honda's from here in 6 years.\n2.  I take my cars there all the time for service. I know the service express manager well enough.\n3.  I take care of my cars.\n4.  Not sure why the sales staff at Findlay treat me like I am not honorable.\n5.  Test drove a Pilot there on Saturday night before closing. Wanted to discuss a trade in and the manager was not there, so I had to come back Monday morning.\n6.  The trade in manager was not there, the internet managers were not there except for one. He remembered me and was busy with another client so he set me up with a normal sales guy.\n7.  This guy does no research or facts, I have to repeat myself three times, he wants to sell me the car for higher than I was originally quoted. He wants me to sign a statement I will buy the car if he meets certain requirements, he wants me to show him my check to show I am serious.  I told him to stop insulting me.\n8.  Finally, after 1 hour, and after telling them I had to be out of there by 11:30 am, I get to see another manager and the deal is done in 20 minutes. \n9. I asked them to start the car with the clean up people while we wait for finance and all to finish with me and they don't start till way late.\n10. End result is that I am late, I am annoyed, and I had to push them along.\n11.  Never did they offer me a drink, like the service people do, never did the manager shake my hand to congratulate me, although the finance guy and the sales guy did.\n\nNot sure why I still buy from this place, but I like Honda's.  If you are looking for a car, be careful of this place.  Great product, however, the sales staff is a mirror of their management and I dealt with the management and it was less than enjoyable.",,
1,I signed up when the club was being built.  The LA Fitness associate sold me 3 years @ $16 a month.  I was told the rate would never change as long as I kept the membership.\n\nThe first renewal was for $25 a month and no one at the club will honor the the original amount per month.  \n\nBuyer beware.,,
3,"When it was determined that we were coming to dinner here, I was like why? I just knew it was going to be horrible. A steakhouse with only 3 stars?\n\nBut I have to disagree with Yelp on this.\n\nOur service was impeccable. From the bar where we started at until we walked up and left our dinner table. The executive chef even popped out and came to our table.\n\nI love a good steak. No sissy steak either. I want a good ribeye or porterhouse. For me a good steak is a nice piece of meat with excellent marbling in it. This just means good flavor and that you are going to have a tender piece of meat. I know some may shoot for me this but I am not a \""fillet mignon\"" type of person. However, on this occasion, I knew I was not going to be able to eat a huge steak. I went withe petite \""lady cut\"" of fillet.\n\nOMG. They converted me. It was a piece of butter. It ate so well and the flavor delicious. \n\nI added on a crab leg to my steak and it was just like seafood candy. So sweet and delicious.\n\nWe also ordered a seafood platter. Fresh & delicious raw oysters and clams. Sweet and succulent shrimp and crab. \n\nSides of tater tots, mac and cheese, asparagus, broccoli and mushrooms. I would have passed on the broccoli - nothing special. But those tater tots and mushrooms. AMAZING.\n\nItems are expensive. But this place is worth every dollar. Do yourself a favor. Splurge on an expensive bottle of red wine here. Worth every dollar.",,
1,"I though this place was suppose to be good from what I have heard, but I was sadly disappointed. As I walked up to the cashier, she gave me the price which was about $28 per person, I gladly supplied her with my credit card. She gave me the charge receipt and I wrote the tip amount into the receipt. She took the receipt from me and said there is a problem with me tipping on the card because she already closed the transaction. She said it would be difficult for me to tip on the receipt because she would have to void the transaction and then recharge the transaction. I said that was a silly thing to do. Then she suggested that we just charge the tip amount on the card as a separate transaction. I finally said we would just pay in cash at the table. The service wasn't very helpful to accommodate my payment method.\n\nThe seating area was not very spectacular. It felt like a HomeTown buffet, but with a little more class. The food was not very fresh. The lettuce in the salad was rather wilted and didn't taste very good. I tried a little sushi, but the rice was very hard. My sister told me that when she picked the sushi up, the rice already cracked in half.\n\nThe prime rib and ribs were average. I do have to say the duck was rather tasty. I think this was the best part of the meal.\n\nI tried some of their dessert, but was also disappointed. I felt the chocolate covered strawberries were rather mushy. As I walked toward the soft serve ice cream machine, I saw the machine being serviced.",,
0,"A UofI alum took me here when I was 20 and itching to go to 19+ bars. We hit this place up first, as it is apparently quite a popular place. I was disgusted, and even more so when my alumni, a former PKA told me he and his brothers peed while in their chairs at the bar.\n\nThe place stunk. The drinks were worse and painfully weak. I was horrified to see people in formal wear. Guess they were pre-gaming it there?\n\nLadies...pass this one up. You can do better!",,
2,"If you're planning on going for lunch, be sure to get there somewhere in the middle. Lunch is from 11 am to 4pm and I came in with my family at 3.  The whole section with mashed potatoes, Mac and cheese and roasted chicken was emptied out and not planned to be replaced until dinner. \n\nThe remaining food choices had a variety, but they also looked like it was cold and had been sitting out for a while. \n\nService is good. The waitresses and waiters are nice and attentive (which I've given two of the three stars to)",,
2,This place is completely new compared to what I remember years ago.  It was cool to see the newly renovated place.  There are lots of places to eat now on the first floor and rooms up on the second.  I was here for a medical alumni event in one of the upstairs room and the food was good they prepared.  \n\nIt wasn't anything spectacular nor anything bad so it gets the A-OK by me.  Definitely will stop in to use their new bathrooms before the next game but not sure if I would eat or drink there over other places in the area.,,
4,"Great customer service.  I was in Pittsburgh for business and needed a car to get back to the airport.  I found these guys on Yelp, and the reviews were not wrong.  It was easy to order the car and pick-up was prompt.",,
2,"100% only worth going to when the deck is open.  As an undergrad, I hated this place unless the weather was nice and I had a good group with me.  There's often drunk kids falling over and breaking things.  As a grown person, I have the same feelings...I've only stopped here twice or so for an afternoon beverage.  It's okay before 7pm.",,
0,"I went back after my initial review and gave the place a second chance.  Frequented there often because I found their wings to be awesomely hot.  After going there ALL the freaking time, I ordered wings (2 dozen) which were basically not hot what so ever.  I called and long story short, they gave me a 3 dollar discount.  Had I known that was what was given, I would have had them deliver another order and pick up what was left.  \n\nWhat really irritates me is that when I call up and find this out, the girl basically just says that there's nothing SHE can do.  And then just leaves it at that.  Well how about getting someone on the phone who can?  What a concept!  I mean, I know it's just short of rocket science, but come on!  \n\nThen, the manager comes on the phone.  I ask if she worked yesterday, and her reply is, \""what day is it today?\""  WTF?!  Seriously?  People are absolutely effing clueless!  So begins to tell me that she doesn't have the authority to do anything else.  SHE doesn't.  Well who the heck does?  Maybe..just maybe we should contact them?  \n\nI find it extremely aggravating when you have to problem solve your own issues with a company because the employees are dumber than a box of rocks!  Do you have one brain cell that is functional?  This place sucks.",,
1,"I went to Edo last night with two friends. I believe we choose to go there because one of the girls I was with loves hibachi and the prices are cheaper than Ginza. In this case, lower prices means lower quality.\n\nJenn and I split a spicy tuna roll and both ordered udon noodles. Bailey ordered shrimp hibachi. The salad was typical of a Japanese restaurant, but Bailey and Jenn said the clear soup lacked flavor. Our sushi was also bland. Bailey's hibachi I guess had more of a \""teriyaki\"" flavor which was not what she wanted. Because I'm not as experienced with udon, I thought it was ok, but Jenn said she has definitely had better. \n\nAll in all, it was a disappointing experience.",,
0,Wow I watched a bar tender call security for a guy that was black out drunk with a friend. He also called to get hookers off his bar talking to the guy blacking out at the bar. I watched the security guards walk by looking at the hookers obviously doing there thing and walk away. So if your drunk and probably want to be taken advantage of by hookers you found it.,,
1,"When I go for wings, I prefer to pretend they're not actually from a chicken. While I'm not a fry-gal, please grill, bake or fry my wings so I am not reminded that it once had skin on it. Well I took my work team here before a Checkers' game since we had some picky kids with us who apparently love Hooters (and I refused to take a work group to Hooters) so I thought this was a good choice. Uck. The wings were so soft that you can see where each feather is plucked out. Blech. The sauces tasted good, but the wings seemed really under done and the meat in the middle was oddly chewy. I definitely prefer wings at Quaker Steak and Lube, Lebowski's or even Burger Co.  Odd.\n\nAs for the rest of the crew, DH went for the healthy option and got a grilled chicken breast on rice and that poor thing got the most anemic looking meal ever and it was tiny. As soon as I saw it I knew he would be hungry. \nLuckily the dad in the group who brought his Hooters-loving sons got a massive platter of wings, grilled \""feathers\"" and tenders so there was lots leftover DH could munch on. Apparently the breaded  tenders were a massive hit and were quite good (and why it wasn't a 1-star review).\n\nAs for service, we had to ask if we could place an order and when the server came back to do so, he literally said \""Whaddya want?\""  I think he was irritated that he was wearing coveralls and a cowboy hat for country weekend. Anyway he warmed up very slightly during the meal, but it was definitely evident he did not want to be there, which made us not want to either.",,
1,Mediocre food. Terrible customer service. Stood at bar for seven minutes to pick up order to go. No one manning bar. Several servers passed by; no offer to assist. Chain establishment-typical.,,
3,"Great Tacos! As good as it gets.  Probably the second best tacos I have ever had, finishing a close second behind Taco Guild!!!",,
1,"Tempe's long awaited and much anticipated skate park landed with a thud, i thought. location sucks, complaints are it's very technical, but it does have a concrete picnic table. the bowl ledges have real coping, so i'm not sure, but would imagine bikes are a no-go.\nfull pads are REQUIRED, helmets, i'm not sure.",,
0,"I am so disappointed with my dining experience tonight. I LOVE Mexican food and margaritas so when visiting my home town I had to try this cute new place in Garfield. Well cute is about all it is...from the terrible chipotle salsa to the hard, cold rice and beans to the lack luster waiter. I mean ugh! Don't even get me started on the awful margarita....I am sad, so very sad with this meal. My last meal in Pittsburgh. I think I would have been better off at Taco Bell. At least I would have only wasted $10. \n\nBest thing about this place? Leaving it...",,
1,"There aren't many good sushi places in glendale, az, but there sure a lot of sushi places within almost every other block around bell rd. \n\nWent here with a friend for lunch. It was completely empty. We were the only one's there. We ordered a roll, but the sushi quality wasn't that amazing. The fish wasn't at the right temperature and had too much sauce on there. It was just mediocre. \n\nThe highlight of our lunch was that they have turtles in this fake stone pond. I saw something from my periphery and i pointed, my friend turned around and literally screamed, jumped out of her seat. I laughed so hard. The turtle came out of the water and was walking towards my friend by her seat, on top of the rock. The turtle was about 1 ft away from her. \n\nTame your turtles! or you'll SCARE away your customers! lol",,
3,"My first impression:  \n\nThe dining area was \""Smallish\""--maybe 25' x 35'--but not cramped due to good table configuration.  They are located in a corner suite so the place is filled with ample natural light during the day.  The restaurant was well decorated, presentable and most importantly--clean.  The server and a man who I think is the owner were light-hearted and personable. \n\nThe hummus was perfect and I believe a touch better than Haji Baba's.  I liked the addition of the tomato garnish rather than Haji's olive with pit.  I'd love to add an heirloom tomato slice to it when they're in season.\n\nI ordered a gyro wrap which I think could be decked out with a few more toppings.  I did however order mine without pickles.  Nevertheless, it was very tasty on account of the melding of the delicious meat with the perfectly warmed and toasted-in-certain-spots pita.  \n\nThe gyro wrap didn't come with any sides.  The gyro plate that my wife ordered did come with a delicious white rice with a light dusting of some red spice or sauce that was delicious.  Next time I'll be getting the gyro plate with a pita so I can load up my own gyro with rice and some hummus.  A little Sriracha sauce would've gone nicely but I didn't want it to get in the way of my first tasting.  I don't know if they have Sriracha available as I didn't ask.\n\nI'll be hitting Sahara up regularly.  I feel like I'm in store for an even better experience once I start delving into the more involved dishes.",,
3,My friends and I have used this place a few times to get to late night events. Can't go wrong with $5 per person each way. Just make sure everyone heading in the limo starts at the same location as they don't love picking people up all over town (I'm not even sure if they'll allow that).,,
3,Solid little japanese spot in Chinatown. Went here the other night with a friend after training. Good food and very affordable prices. It's worth checking out.  I would go again and recommend to friends. The chicken katsu curry was a great dish and very filling.,,
4,I absolutely love coming here before I head into work in the mornings. I'm not a big Starbucks fan only because it is packed so I go to Port City Java and I'm usually in and out really quickly. The staff are always friendly and they have so many yummy things on the menu. I'm currently working my way through the smoothie list. I haven't been here during lunch time yet but heard it gets busy but you aren't waiting a long time. I definitely recommend this to anyone looking for something tasty at a great place that is tucked away from the usual uptown ruckus.,,
1,"I guess I prefer false food. After three visits, the juices are the only items that impress me. The edamame dumplings are bland; so is the soup - I cannot even remember which soup I had, which is not a good commentary on its memorability. The ravioli - OK, The fish - OK. I haven't had anything at TF that deviated from \""OK\"", but for the mid-level prices I expect something a little higher on the tasty meter. \n\nService has been fine all three times I've visited, but nothing above what I expect for pleasant and expedient service. I always find myself distracted by the women servers' uniforms...I know it's supposed to be some organic cotton or something, but could they have come up with anything less flattering? I really feel for those poor ladies. \n\nI've also noticed that every time I've visited the crowd is about 75% women, with probably 50% of the parties women-only. Not sure what to make of that, but maybe you can have fun playing sociologist and come up with an explanation.",,
0,Sooo got delivery for two grilled ham and cheese. What we got was two ham and cheese subs. Called the location back nicely and told them that the order was not correct. The girl got straight attitude with me saying that I ordered subs and that she read my order back to me. She insisted I was not correct. Told her that she can fix the problem or I would gladly back charge my credit card. She tell me she will bring us the corrected order but that she is picking up the subs and we better not have eaten them! Haha ok you can have the uneaten subs... We didn't eat them anyways cause it is not what is ordered. What a joke. Won't be returning here for my weekly deliveries after this poor customer service.,,
1,"Our table received two cold breakfasts after a 45 minute wait and a hot order of chicken fingers. The chicken strips were tiny, the plate was 95% fries. Mediocre food but the waitress was great. She got one of the cold breakfasts taken off the bill for us as well.",,
2,"My son and I have only been here once and what CGRNM had to offer indoors was great and they had some displays that children can handle. It was also very reasonably priced! The ruins themselves...well, they weren't that special. When my son and I went we were not able to go inside the ruins. I'm sure since the last review was in 2009 there have been structural changes to the ruins. It mostly looks like partially melted mud huts and since you can't go inside you'll be done with that part of the tour in about fifteen minutes. I also don't recommend going in the heat of the day during summertime there is no shade anywhere out doors and it's brutal.",,
3,"Oh Royal Palm park.... I remember when this park had the coolest tallest slide when I was a kiddo!! someone broke both their arms falling off so they took it out. (Totally understandable) the park is huge and surrounding they have little workouts you can do on uneven bars and random little workout areas. The playground was just recently redone about 4 years ago and is still looking pretty good!\n\nThis is a great location to have sports teams come practice (field sports) although I am bummed they took the volleyball courts out. They defiantly need some sand courts ASAP. I agree with a pervious yelper that its kinda crazy they don't have a restroom... Honestly I didn't really notice until I read that review because I live pretty close so it's never been a problem but i can totally see her point if you have young children.\n\nA few years ago this park was a little sketchy when it came to homeless hanging out, but now they have police that come by pretty often to make sure there's noting fishy going on. Now I feel much more comfortable going for a run alone. \n\nThis park is perfect to play frisbee golf (\""frolf\"") or have an outrageous water balloon fight! It's also a great place to take your well-trained dog to play some catch... And don't worry if they make a doodie the park as a poop-bag dispenser.  \n\nOh writing this review makes me have flashbacks of the grapefruit wars Sunnyslope would have vs Washington years ago....",,
1,"We came here for a drink and snack. It was pricey for small drinks and the nachos we ordered were huge but not very good. Atmosphere was kind of cool., they have a volcano that erupts inside the restaurant.",,
1,"Willy and Jose's only gets two stars and that is because the food was good.  The prices where to high for a Mexican Restaurant in Las Vegas.  The service was terrible.  I ordered a Cadillac Margarita that is supposed to come with a float of Grand Marnier.  The Margarita showed up and it was over flowing because it was watered down.  I like mine on the rocks, so I am guessing it just sat at the bar while the waitress (we were one of two tables she had) did something else with her time.  I drank a few drinks out of it and my wife reminded me of the float.  So the margarita sat there getting more watered down while I waited for the waitress to come back to the area of her only two tables.  Finally she showed up and I reminded her of the float so she took it back to the bar.  I figured they would remake it.  Nope all the did was add a half shot of Grand Marnier and send it back.  It was 80% water by this time and terrible.  My wife had iced tea,  the waiter who had the section next to us kept his tables well watered and well taken care of on iced tea and soda.  Do you think that he could come to any other section other than his?  Nope not at all.  He by passed us every time.  I asked the busser for some more tea for my wife and she went to go and get the server.  It was terrible service, then I was charged for a soda and I only had water.  Then it was a huge production to get the $2.75 taken off that they charge for soda.  Like I said the only redeeming quality was that the food was cooked properly and tasted good.  There are to many good places to go for Mexican food in Las Vegas to waist my time with Willie and Jose's.",,
3,"The newest addition to the 'Brass Monkey' family launched on Friday night, and it was a pleasure to be there to help them celebrate!\n\nThis basement bar sits under 'The Argyle' in Marchmont, and has entrances from either side of the bar above. I know this place well, as we used to come and do the pub quiz here every week (although we've now de-camped to the Brass Monkey Leith quiz on a Monday!) and I've certainly never seen the bar as packed as it was on Friday!\n\nWith it's low ceiling, comfy sofas, chunky wooden tables (some of them a wee bit wobbly by the way...that may need sorted!) and cosy candles, it's a great cellar bar and the music selection was varied and brilliant (Pearl Jam on a playlist always makes me happy!)! I also noticed a new giant television up one end of the bar, so I'm presuming there'll be great films on show as there are in the other Brass Monkey bars.\n\nThe actual bar is small but there was a good selection of draught/bottled beers on offer, and all the spirits you may ever want. I heard tell there was a cocktail menu too, but didn't get the chance to try any on this visit.\n\nAs for the toilets...there was only one and, because the bar was so busy, we quite often ended up in a giant girly queue. However, it gave us time to discuss how we were mightily impressed with the power of the new hand-dryer, and how lovely they smelled too!\n\nThe Cellar Monkey is a perfect place to head for a drink, blether, and read of the paper on a cold winter afternoon, and it'll warm the cockles of your heart on a equally cold winter night! It doesn't quite have the same atmosphere that the other bars have, but I suspect that'll develop through time as they settle in and really make this bar monkey-tastic!",,
1,"So we stayed at The Stratosphere for my birthday, which gave us 2 for 1 discount tickets to this show. We got a \""VIP table\"" for about $79/couple (there were four of us). Basically the story line of this show is about a head vampire guy who has a coven of hot vampire chicks and is looking for love but all he really gets is sex (oh poor him). There's no actual speaking in the show, the story is all progressed through 80's rock music. The story line was pretty cheesey, and the dancing was a bit mediocre. A few of the girl were talented but most were lacking actual dance training. Plus a few of them weren't even good looking (dont know if the guys were actually looking at their faces though). There was a bit of acrobatics mixed in which was the highlight of the show, but otherwise I would say that there's probably a better burlesque show out there to spend your money on.",,
0,"Be aware, BE VERY AWARE! ?f you're departing from any terminal after 11pm local, you will have access to ZERO food or drink, other than a water fountain. Be prepared, you have been warned!",,
0,"En ce 24 Ao\u00fbt 2014, quelle d\u00e9ception de se voir servir dans deux assiettes diff\u00e9rentes, la m\u00eame viande, mais avec une couleur compl\u00e8tement diff\u00e9rente et dont, surtout, l'une d'elle avait un go\u00fbt de crevettes...\nOn te rit presque au nez quand tu le fais remarquer...\nNouvelle assiette, pareil, troisi\u00e8me, et bien, t'as tout simplement plus trop d'app\u00e9tit...\nCe n'est pas la premi\u00e8re fois que je viens dans ce restaurant, mais je me dis qu'\u00e9tant dans une zone (tr\u00e8s) touristique, ils ne cherchent pas \u00e0 fid\u00e9liser...\nSauf que maintenant les sites d'avis sont nombreux et donc je vous le dis...\nN'Y ALLEZ PAS, SAUF SI VOUS VOULEZ N\u00c9GLIGER VOTRE SANT\u00c9 !!!\nDommage, le concept de trio de fondues (avec poulet congel\u00e9), pouvait quand m\u00eame \u00eatre sympa...\nM\u00eame pas un geste commercial, avec le caf\u00e9 gratuit...",,
2,"Ambience like Cheesecake Factory, for sure, and I love Cheesecake Factory, the way it makes you feel all warm and cozy. The dim lighting sets the mood. I got the Pasta Pomodoro, which was pretty good, just tomato sauce, basil, and angel hair. I only wish the pasta was more al dente. The pasta with clams was full of clams. Great, prompt service.",,
2,"suncoast is sooo empty lately.  No one really seems to be coming here any more.  Their food/restaurant options are blah and boring, most of their restaurants don't even open during the daytime anymore (only for dinner)  Service throughout the place is fair at best.  As far as the cafe, their menu is very simple and boring and a little over priced.  However their lunch special for their asian food is surprisingly good, and good portions too (only $6.99)  You get a choice of egg drop soup or hot and sour (i've had both before and both are quite good)  an egg roll and I ordered the general chicken with fried rice)  We had also ordered a basket of onion rings and those are large and VERY yummy.  Their cafe wouldn't be my first choice of places to goto but it's ok for lunch.  It's DEFINITELY better then their buffet.  Their buffet is horrible. I'd MUCH rather goto the orleans",,
3,"Starting to really love the food here. They recently changed the menu and happy hour is all night during summer time! What could be better? Service was really great, everyone was so nice and extra helpful. Only thing that could have been done different is the waitress brought the check waaayyy too early. We were still in the middle of our meal and had half a glass of wine each left, it was strange. Maybe she was just in a rush to get done with work for the night. I highly recommend the chicken nachos and the turkey burger is awesome too. For the side order, get waffle fries. Why don't more restaurants offer waffle fries any more, it's a shame! Well, daily dose does...go get them :)",,
3,"As you may or may not have read in my profile, this was the venue where I attended my first concert. It was Tiffany - I was about eight years old, the opening act was a magician (oh, you heard me), and I spent the entire last half of the show crying in the bathroom because it was too loud.\n\nsince then, i've seen such awesome shows there as Modest Mouse, Fugazi, The Violent Femmes, and the Warped Tour. It has seating, but I've never attended a show where it was assigned or ticketed seating - more like grab a seat i fyou want or go down to the stage and stand. \n\ndid i mention the stage spins? pretty rad, so you never have a bad angle, and i remember for the modest mouse show being blown away by the fact that they had two drummers with full drum sets and watching them rock out close up for the first time really ever. the bar area and bathroom (where i hid out from the teenage screams of \""I Think We're Alone Now\"" is in this downstairs basement type area. \n\nall in all i like going there for more well-known bands that aren't huge. it's the perfect size to feel like you're still at a show, and not a mile away watching the action on a screen.",,
0,"This was my 2nd \""B&B Boy\"" venture, and again, this disappointed.   (first was CarneVino) Went here before a show at the Venetian, and had reservation, and didn't need them.  The place was more than 1/2 empty.   It took about 10 minutes for the waiter to come over, bring menus.  On their drink menu, they had Fever Tree Ginger Ale, so I asked if they had Fever Tree Tonic or Bitter Lemon.  Waiter looked confused, and I stated, you sell ginger ale, do you have tonic, and he said I don't think so.  He didn't check - so rather than get him anymore confused I went with a signature drink, which was very good - Blood Orange Cosmo.  Appetizers were shishito peppers and fried, not so fried pickles, which were the highlight of our meal.  I ordered the Royal with Cheese, and the melted cheese and grilled onions disintegrated the bread, and not mid way thru the meal, the first bite.  It goo'd and ooze all over my hand.   I don't mind a GOOD burger to be a mess, but not that.   Had to ask for salt, because even with all the cheese & onion, it still lacked salt.    We stayed at the Mirage, and always eat at BLT Burger - we totally REGRETTED not eating there, and walking over to the show.    I have a cast iron stomach, but I was in desperate need of tums during the 2nd act of the show.   I'd go back for the cosmo, peppers & pickles - but don't want to pay $50 for just that.  I gave it 1 star, because it's not called pickles & peppers, it's burgers, and they couldn't deliver.",,
3,"I discovered this gem of a place near my work and I am so happy! It has a wonderful deli which serves fresh and healthy sandwiches, salads, smoothies, and more. It is also a small store with anything from dog food, to hair dye, to cookies to supplements.. Anything your health conscious heart could desire. Prices were comparable to other health food stores that I have frequented. There are other dishes that I am eager to try so I will be back!",,
3,"I went down to Vitense for some late night indoor mini-golf and I had a great time! I have to say that this was one of the most fun mini-golf experiences I've had. The only downside is that it was really dead when we were in there, so there was no other people to interact with.",,
0,"What a dump!  Paint from ceilings peeling in the hallways.  Trip on the carpet in the hallway from where it needs restretched or replaced!  Truck stop quality bathroom.  Very dirty and just nasty place, even by cheap vegas standards.  Parking garage can't be safe.  There are much better places nearby for similar price.  This hotel is not very nice and the check-in line took 40 minutes!   Nope, this place sucks. Never again.",,
1,"We arrived late at night, and noticed that there's no lane for check-in.  The valet working the driveway told us where to self-park and didn't inform us that the valet is free!  Our room was completely done up in beige.  The clock radio did not work and the shower didn't drain properly.  I had to notify maintenance twice before they fixed the shower, but the staff was very accomodating.  The room was spacious enough and though not completely soundproof, we were fairly certain that our neighbors couldn't hear our baby crying.  I would only stay here again if it was significantly less expensive than its neighbors.\r\n\r\nMonte Carlo has no nightlife (read no night club) and no attractions.  The pool area has a \""lazy river\"" you can float in.  The arcade is beyond small and boring.\r\n\r\nRoom service has a nice selection.  The cleaning staff is very good, but uses way too much lemon-scented aerosol air freshener.  You have to pay for the gym.  And worse, you have to pay $11 per day per laptop for an internet connection.\r\n\r\nThe casino floor is loud and bright.  It has its share of smokers (of course) but is well ventilated enough that it doesn't totally reek.  Alongside are a food court and the following restaurants:\r\n* Market City Caffe (http://www.yelp.com/biz/ppmYIHMCIL5bocUsJSsDWA?hrid=m3R1TFBnWTzGB_8XxuCLjA)\r\n* Andre's Monte Carlo (http://www.yelp.com/biz/pmoIMK8zGWvKsVOPDBYfzg)\r\n* Monte Carlo Buffet (http://www.yelp.com/biz/V9klA6JGT6Fz2UpVP_7sBw)\r\n* Dragon Noodle Company (http://www.yelp.com/biz/5VXlHFrYZZzj7zfZEsz5nQ?hrid=MxhxTquKMr4DI2QE3IZcCw)\r\n* Monte Carlo Pub & Brewery\r\n* Cafe (http://www.yelp.com/biz/-JfncbVURtvuzBbof40o1w?hrid=MLe5OT6nlKSseKc7yWAuCw)",,
1,"I only gambled here and only briefly.  It's a little too hot in there and you'll have a hell of a time finding a cocktail waitress.  Really cool interior, though.  They should find someone to paint one of those crazy depth perception boggling things on the ceiling to make it look like the Eiffel tower extends up into the sky.  If you've been there, you know what I mean.  It would be really cool.",,
1,"We visited this place after taking the kids to the pool and finding the $32 for $16 groupon.  For an \""order at the counter, sit in the food court\"" fast food place, this place is extremely overpriced!!  Some meal combos are over 12 bucks (approaching gourmet burger prices at sit down places with MUCH more ambiance!).  Anyway, our tab ran almost 36 bucks for 3 turkey burgers, 2 fries, 1 shake and two sundaes for the girls.  Good thing we had the groupon to keep it more reasonable.  Of course, with what we got, this place was STILL overpriced after adding in the savings!  Turkey burgers were dry, tasteless and small.  Fries were very unremarkable, our vanilla shake was basically tasteless as well.  I don't know how these places charge as much as they do and still have people frequent them...  What a rip off!!  I will admit that the regular burgers did look pretty good but we were trying to go with somewhat healthier alternatives.  Anyway, if you are after burgers that don't run 40 bucks for a family of four, I think you are MUCH better off at In n Out or Smashburger!",,
4,"Enjoyed every aspect, menu has lots of great seafood choices, service was good from arrival to check, food was delicious- we will return",,
0,The service is so bad the drive threw takes so long they should not even be classified as fast food I am not sure how it takes them 5min a car just to end up getting everything wrong,,
2,"My experience here was last night. I went to a show. It was fucking Shwayze. For some reason I'm slightly embarrassed to admit this. It's because I'm a bit of a music snob. Allow me to correct that..... I'm just a snob.. period. \nI'm a music snob, I'm a wine snob, I'm a food snob.... fuck it, I'm an *experience* snob.\n\n My snobbery doesn't stem from needing to have (or be around) the \""best of the best\"", whatever the hell that means.  It comes from knowing what I like and not giving a shit what you like. Sorry love, it's true. \n\nIt's hard for me to rate my experience here for of a ton of reasons. My company was outstanding.... it would be impossible for me to have a bad time with these peeps. Everyone else around me can rot. Filled with an odd combination of douchebaggery, hipster kids and hookers, it was confusing to the senses. \n\nThe venue itself (as mentioned prior) used to be the Cajun House. It still has the same kind of look to it. It's cute.... kinda.... and pretty small. oddly shaped, \""hall like\"". An interesting place to see a show. Interesting can be good and bad. So can The Venue of Scottsdale. Sound quality was weird. I can't really describe it any other way. I go to shows all the time, in much smaller clubs and sound quality has been better elsewhere. \n\nDisgusting, turd filled, overflowing toilets is also a problem. I've noticed this trend in many a Scottsdale club and I attribute it to all the druggies getting the \""coke shits\"" and cramming all that extra paper down the toilets. Dirty whores... \nI'd go back.... but I won't stand in line and I'll make sure to have a catheter in place before I go.",,
4,"Oh HELL YES.\n\nFriday night.  Bachelorette party.  13 ladies.  Inappropriate attire.  Tequila shots. Raspberry kamikazes.  Red Bull & Vodka.  Incriminating photos.  \""Paparazzi\"" all over the bride-to-be in her veil.\n\nIt is ON until the break of dawn.  \n\nI got us some VIP admission/no cover passes ahead of time from The Wynn concierge so we were able to bypass the line (well, we waited for a few minutes until security escorted us) and waltz straight into the club.  Nice.  My girls and I opted not to shell out $$$ for bottle service because we knew we'd be able to share with (i.e. \""mooch off of\"") other guys and bachelor parties.  Check.  From the moment we stepped into the club until we stepped out into a stretch limo (I guess flirting with the bouncer paid off, shout out to \""Jen\"" for workin' it haha) on our way to Drai's for afterhours, the night was absolute MADNESS.  That crazy, ridiculous, hysterical, hilarious, intoxicated, infamous kind of girls' night out madness that words won't do justice, can only be told with pictures, can't get any better and can't get any worse.  \n\nTryst is PERFECT for bachelorette party shenanigans - plenty of bachelor parties and boys and girls who all want to shake it and take incriminating pictures with the bride-to-be.  Unfortunately, a guy who really, really should NOT have, insisted on giving the bride-to-be a shirtless lap dance.  (Umm,...you need to tuck that back IN, buddy.) Whatever.  The night still rocked.  The outdoor patio area and waterfall are absolutely gorgeous. Spectacular view.  Although Tryst is a pretty large club but, it's sectioned off into several smaller rooms so it doesn't have the feel of a cheesy \""mega club\"" - it feels a lot more intimate.  \n\nUltimately, Tryst gets two snaps, a twist and a kiss (and a booty shake) from my girls and me.  Forget the \""mega clubs\"" like Tao, Pure or Rain.   Tryst is THE place to party in Vegas.  And I highly recommend it for bachelorette parties - pay a visit to the stripper pole and remember to bring your camera.",,
2,"Heard about this local establishment thanks to my sister who saw a profile of it on some Food Channel show. Stopped in at lunchtime to a full restaurant. My server was great. Wait time was a real pain in the booty though. The burger I had was delicious, but nothing special. It's one of those local places that gets too much hype.",,
1,"I was looking for a place for an eyebrow & full arm wax so I thought I would give this place a try. \n\nWhile the facility was clean and the girl at the front was friendly I was sadly not impressed with the end result.\n\nThe price was ok for a full arm and brow it was $30 (Brow was free since this was my first time using them.) \n\nThe service itself.....that was the disappointing part. I have had my fair share of waxing, and I am NOT a fan of their wax. It only took off the hairs to the skin. (Results were exactly like I shaved my arms not waxed them.) The girl who waxed me was irritated at me when I asked her to go back and get spots she missed the first time (that was off-putting.) \n\nI did not find this hair removal method to be effective at all. \n\nIn short I would not return.",,
1,"The draw to this place was the alcoholic milkshakes. And at $11, I thought they'd be stronger, the food would be better and it would be more enjoyable. We waited a while for a table despite there being many open tables...and when we sat down, the table was dirty. \n\nThere are plenty of toppings available for your burger, and they include cheeses, and all sorts of things. If you can think of it, it's probably available to put on your burger. However, I was so disappointed that my mom's food was not to her liking that it made me not even want mine. She opted to order the lobster roll as her salad tasted pretty rancid (you could argue that who goes to a place with Buns in the name and orders a salad, but hey....if you just bought me a pair of Louboutins for Christmas, you can order whatever the hell you want!)...and it served as our late night snack. \n\nLobster Mac and Cheese was passable...not enough lobster, weird kind of noodles and extremely salty. \n\nThe staff seemed to be phoning things in, as I almost had to chase the girl down to pay the check, and once she saw we weren't happy with our food, it seemed like she lost interest...maybe thought we'd take it out on the tip...not sure. I plan on returning to Vegas, but definitely NOT to this place.",,
2,"Honestly, I think people just like this place because: \n\nA) It's cheap, when everything else is expensive in Vegas\n\nB) It's open at all times for all the drunks. I liken eating the food here at 4 AM to the woman you're talking to at 4 AM - you likely wouldn't be going the same thing at noon. \n\nWith that said, I'm probably not the best judge as I just got a tuna wrap and it wasn't any different from any other tuna wrap I've had. I don't eat most of what's on the menu at the place, so I am sure some of their meatier options are decent. \n\nAlso, I am pretty sure a bottle of water here is almost $4. It's tough for me to support any supposedly economical place with that kind of pricing.",,
0,"It is a rare day when I actually have BAD pizza.  I've had mediocre, I've had unexciting, but the other night I actually got a BAD pizza delivered.  In addition, this was a late night after-drinks affair, so I really wasn't picky.  \n\nThe crust was so rubbery, I had trouble biting through it.  This was a plain cheese pizza.  I was very hungry, but I couldn't get through more than one piece.  \n\nNot only that, but it came to like $18 for it.  There were cheaper options, but I figured I'd try something new.  I know better now.",,
1,Rosie is an excellent server! We look forward  to coming into the restaurant but for about the last 2 months the food has not been up to standards we have seen in the past. The pizza is way too saucy and has too much corn meal on the bottom. We are regular visitors to this Rosati's but our last 3 visits have not been the same as we experienced in the past. Has management changed or are there new cooks? We want rosati's to return to what real Chicago style pizza is suppose to be! I hope the kitchen can work out the flaws!!!,,
1,"Overall the experience but fine. No real complications or concerns. \n\nThe potato-carrot mash was amazing once I added more butter. The fried chicken was a bit greasy inside for my liking. \n\nOne of my roommate's ordered the fish and chips and simply said meh. \n\nMy other roommate ordered the steak and fries. While the steak was delicious, the fries left a lot to be desired. \n\nThe homemade jelly on the table was excellent. Extra sad I couldn't buy a jar or take a sample home. Something about labels being needed and it being available for sale soon.\n\nBest part of the meal was the pretzel I ordered and dipped in the apple jelly!!!",,
1,"Massage Therapists: great!  Management: less than favorable. I've been a member for over a year, and in general, they simply make being a member more of a pain than a pleasure. Unfortunate, but true at least for me.",,
0,Service is terribly slow. Orders have never been correct. Manager Oscar is trained in a third world country. I have boycotted this location for the last year and I live and work within walking distance of this place. I'd much rather go out of my way and give my money to the Boca Park location.,,
2,"attended for the special nuit blanche 2012 menu. the food was good. nothing too memorable and no real stand outs. service was good enough.\n\nyou won't go wrong here. be prepared to pay a price though, the decor comes at a cost.",,
2,"Have had dinner here twice. The first time had the Dungeness crab and shrimp boils.  Delicious shrimp, tasty and succulent. The crab was not as wonderful. Having been from San Francisco, we have eaten A LOT of  Dungeness crab. This was a little mushy (well more than a little). \nThe second time here, we skipped the crab and had the shrimp boil and added the clam boil, both were very good.\nWe will return in the future.\nIf you decide to visit the Angry Crab, be prepared for a messy good time. Also, if you don't order carefully, you can end up packing on way too many calories!",,
1,"I just called to find out if they have incense smoking bottles and the hangers. I then wanted to know the price and was told, \""We don't do pricing over the phone but our prices are very reasonable.\"" Well, they are usually a little higher than other places. Also, I live in the West Valley and don't want to drive to Tempe from here if the price is too much. You may have just lost my business with your lack of customer service.",,
3,"Everytime we come here, we always order the family feast. The serving is overwhelming. I love the ribs and brisket. (the sides too!) Can't get enough of it. The ambiance is nice too. I just wish the servers a little more attentive to the tables they're serving cox the last time we were there, it took a while before the waiter refilled our drinks.",,
1,"it's okay, like the vegan aspect. using tofu in place of paneer is not a good substitute, i'd rather go without than have the tofu in there, it's just not the right texture.  Spice level was ok, could have had more flavor, heat level was fine.  The \""veggie based\"" rather than cream sauces they tout are a great idea, but sit/walk by the kitchen and look around, you'll see big jars of veggie stock base. You know what that stuff is? Salt, more salt, msg, yeast extract, and some veg flavor.  C'mon, if you're trying to do healthy then why base all your sauces on fake flavored salt paste and pass it off as a healither option.  Honestly, i'd rather have the full fat, cream laden version that tastes so much better, at least it was natural.",,
4,love the new location...as always staff and management is awesome...and the food is OFF THE CHAIN!!! thanks also to contributing to help the needy.,,
3,"My coworker and I just left there. It was my first time trying this place and it was pretty good. I checked it out online before I went and people compared it to In N Out. To, me The Habit is better by far especially their fries. My burger was a little pink inside but not enough to make a fuss about.  The only drawback today was the landscapers. Seemed like everytime I started talking, he'd fire up the saw he was using lol.  Will definitely eat here again.",,
2,"I went here for lunch today with a friend. I ordered the drunken noodles and she ordered the pad see ew. I saw the little salad cart, but no one told us if that was included in our lunch or not. So we sat there trying to make eye contact with someone in order to ask if we could go up there. We finally were able to ask as our food was dropped off. It turns out it is included! That would've been nice to know. We went up and got soup and salad. The salad was alright, fresh, but the dressing wasn't my favorite peanut dressing ever. The soup was kind of boring, not the normal either coconut -y and sweet soup or the tasty veggie and tofu soup.... it was just chicken broth with chopped, not completely cooked bits of carrot in it. Kind of meh. My noodles were alright, they were spicy, but everything was chopped up real tiny so it was hard to find the noodles. This drunken noodle was a lot different than others I have had, it had egg and had way less veg in it. It was alright, but not my favorite. My friend ordered her noodles medium spicy and it was a bit too spicy for her, so that's something to note. I thought the service was fine, not very friendly, but efficient. Overall, this place is alright, not the best, not the worst.",,
2,"I booked a ride from the airport using their app.  Seemed like a good idea at the time.  \n\nOur flight was late in NY, so we missed our connection.  I immediately pulled out my phone and changed the pickup time on the app.  from a 6 pm pickup to an 11 pm pickup.  \n\nPresidential decided to then email me to confirm that they would be there at 6.  I emailed them and insisted \""no, 11 pm, please\""\n\nThey sent a driver at 6:00 anyhow.  I guess just because they could.  So they then charged me for a no-show, despite an app time change and two emails changing the time.  \n\nThey have competitors in Las Vegas, I live in Las Vegas, so I use limo services all the time. \n\n[UPDATED] - Although the customer service person from the night I posted this review took the position that I would have to pay a cancellation fee, it appears that the management has decided otherwise.  \n\nAs a result, I am lifting my rating from 1 star to 3 stars, and I will give them a chance in the future to earn my business back.",,
2,Basic fast food style crepe place. I had a mushroom and cheese crepe which was entirely decent but really nothing exceptional. The have a $10 credit card minimum.,,
1,"Needless to say, this is not your typical big production LV casino.  I didn't think it was even worth the $15pp that they guys paid (girls were free, since we got on Chris Hornak's list).  The music was all over the place.  Part of the time it was top 40, and they threw in some 90s music for kicks.  It got worse as the night wore on, so we left.  The view is great, but I was here to party.  The roof was retracted while we were there, but that wasn't as exciting as the club makes it out to be.",,
3,"Staff is awesome, stephanie is the sweetest!  they are all knowledgeable and professional",,
2,I love Dr. Chambers but mannn the wait took like 2 hours long!!!!! I finally left and rescheduled. I couldn't wait another hour!!,,
4,"Excellent High End Dinning option ! Girl at the door is uptight, can be direct and lacks customer management skills. But in the end they recover good and for sure good food. Would highly recommend it",,
3,Staff was very helpful.  This is the fourth time we've used them over the years and they have always been knowledgeable and willing to do whatever it took to satisfy the customer.,,
2,The sandwiches and salads here are great. I usually come to pick up some sushi if I need a quick lunch and am craving raw fish. The location is kind if small and has limited seating which is fine if you are planning on just bringing something back to your desk,,
0,"We used to dine here often but the last couple of times have been awful! We went there for lunch on a Sunday -they were pretty busy but the wait wasn't too bad. Everything was going alright until our meals came. I ordered the pasta ala vodka which was completely cold but that was nothing compared to what my husband received. He ordered the lemon chicken and when he cut into it, it was COMPLETELY raw! We flagged down the waitress immediately and she didn't even seem concerned with it, she just said \""ok I'll get you another one.\"" She treated it as though we were complaining about the portion size of our food, not the fact that it was raw! It took over half an hour for my husband's plate to come out. I had already finished my meal so we didn't even get to eat together. Now, we are never the type of customers who complain and try to get things for free but I told my husband that they better not charge him for his entree being that if he would have taken a single bite out of that, he would have become terribly sick! She brings out the check and nothing. She had the nerve to charge us for the raw chicken. We asked to speak to a manager and she said \""well can I just offer you a dessert instead?\"" Absolutely not! You can't make up for a $16 dish with a $5 dessert but we simply said no thank you. She walked away then came back a second later and said \""she would just take care of it and to have a nice day.\"" We were baffled by this because in no way were we trying to get our whole bill take care of but we had been there long enough so we just left her a $20 and walked out. My husband thinks that there is a chance that the waitress pegged us as \""dine and ditchers\"" but regardless, we will never be returning to Brio.",,
4,"AWESOME...some of the best Mexican Food you will find in the Henderson area.  They strive to provide you great service, great food and great surroundings.  We have NEVER been disappointed here and even though this is one of the first times I have checked in on Yelp for this place, we have been many many times and will continue to return to this place.\n\nIf you are in the Henderson area or if you want some great Mexican Food with some great company, this place will serve you until 2am, 7 days a week....that you cannot beat...",,
0,"We went with high expectations and were sorely disappointed\nFor me , a culinary infraction in a highly touted restaurant can be overlooked if at least the service is acceptable which was not the case here\nTo think that they would mess up a simple dish like steamed mussels and frites is remarkable\nIt was poorly prepared , dry , and cold cos the waiter forgot about it\nThe last straw was that the waiter never once asked how the meal was, quietly came around with his card swiping machine , picked up the tip and went off and we like idiots actually tipped for this abismal meal\n\nAvoid this place there are a ton of amazing restaurants in Montreal",,
4,"THE standard for wings in Arizona, in my opinion.\nTeaks cooks their wings to order, has great creative flavors - Jess Jess, El Jeffe, etc., and the staff is always prompt with great service. A well oiled, well run machine.\nThe bar staff is fantastic, my wife and I are 'regulars'. They know us by name, have our drink in our hands within minutes if not seconds.\nThe only drawback is the noise, crowd, lack of bar seeting and the bloody screaming kids parents tend to let run around earlier in the evening...\nWe time our visits better now to eliminate these factors and can't wait to go back again.\nThey are in S.Gilbert and WORTH THE DRIVE! \nThey free pour so have a DD.",,
2,"An ok touristy place to eat in a touristy section of Pittsburgh.\n\nIf you are one of those people that has to have a Hard Rock Cafe T from every place you go then I guess this is the place for you, otherwise, the food is over-priced for the quality.  There is a nice view of the dancing fountain if you are sitting outside.  There are much better restaurants in Pittsburgh where I would rather be.",,
0,"Niece's husband is a Glendale firefighter of mixed ancestry including Asian, Puerto Rican, and Mexican.  Took their three kids in for lunch.  Sat down, every eye in the place was on them. I kid you not- and I'm as caucasian as they come.  Five minutes pass, no acknowledgment from waitress.  Two couples walk in a  few minutes apart.  Waitress goes to those tables, brings menus, drinks.  After fifteen minutes my nephew and the kids walked out.  Absolutely horrible. How arrogant.  I don't think it was a coincidence.  I do think that the management is stupid, since they may someday need the services of civil servants who are not the same race as they are- will they ignore them as well?",,
4,"We drive 11 miles each way to get the best Chinese food in the East Valley. The restaurant is small, clean, and the owners are polite and very helpful. The food is always fresh and The portions are large. We've always picked up our food and take it home because the restaurant is tiny. In the five or six times we've been there we've never had a bad meal. They have a large American menu or you can order off their Chinese menu with dishes that you've never heard of.  If there is a dish that you like offered spicy they can make it so it's not spicy for you. My husband and I have been to China and I can tell you this is the most original and most like real Chinese food that I've had in it since I've been living in Arizona.",,
3,"Authentic. \n\nComing from San Francisco and living with home made Chinese food, I can tell you, when I am ready to have a great quick REAL Chinese meal, this is the place I go, instead of driving to Las Vegas.\n\nReal chinese cooks, real ingredients that take time to prepare. None of the normal celery, carrots, onion and green onion only ingredients. Yes, this place is made for the palate of suburbanites in Henderson, but you can find some great stuff like Chicken Curry, Chow Fun Noodles, and String Bean Beef.  All very tasty.  Best for take out or very casual dining, as the eat in area is very small and loud and crowded as you are basically in a take out environment.  Try it for basic and quick chinese food. Cannot go wrong.",,
3,The service here is excellent. The staff is very attentive good with the beverage refills. I ordered the combo Fried rice and my companion had Pad Thai and the green salad. We also shared an order of Spring rolls. Everything tasted freshly prepared and flavorful. I had hot green tea and she had an alcoholic drink that she raved about. So of course she had two. A very good dining experience.,,
2,"Le Yeti est une boutique d'\u00e9quipements et de v\u00eatements sportifs. Dans la premi\u00e8re cat\u00e9gorie on trouve surtout des skis, raquettes et v\u00e9los. Dans la seconde, on a une tr\u00e8s vaste s\u00e9lection de pantalons, polaires, vestes, blousons, et chaussures.  Ils proposent des marques de tr\u00e8s bonne qualit\u00e9 comme Patagonia, North Face, Canada Goose ou encore Salomon. Bien s\u00fbr la qualit\u00e9 a un prix alors pr\u00e9voyez un budget tr\u00e8s extensible!",,
3,"Great concept!\n\nIn fact, had thought about this for so long:\n\nWhy isn't there a place WITH a drive-through that actually makes delicious, HEALTHY food?\n\nD'Lish is it. They pride themselves on not serving coke/pepsi products, which I do quite like. \n\nBest dirty chai of my life here. Legit. So rich, flavorful and the espresso was made perfectly. Not over steeped, not burned...not weak, just right! Well, of course their food is incredible too : ) Anything you pick will rock your socks off.\n\nLemme say, while my dog didn't take the treat they offered (he's a brat lol) - the fact that they offered it was so nice. These folks care about what they're doing, and do it well.\n\nI can't wait to go back and have a meal on the delightful little patio.",,
3,All you can eat Sushi for $20/person??? HELLS YEAH!!! And it's fresh too!,,
2,Review for the nightclub: The reason why I give this club a 3 star is the fact that the wait line to get in is horrendous. I had to wait an hour to get in and from the other reviews it seems to be the norm. The positives are that the club is multiple levels playing different music. One of the floors played my fav music dance/electronic/trance and had a rave kind of stage where the DJ was playing with an LED hypnotizing background.\n\nDrinks as usual were overpriced and all levels were pretty packed.,,
4,"I've been here about five times since I moved to Gilbert. The food is excellent and consistent, especially the brisket. The staff is very friendly and knowledgable. \n\nGive this place a try.",,
2,"I attended the soft-opening and the atmosphere is an A.  It had a sort of old fashioned modern chop house feel and a very unique menu; however, the food was extremely rich and very salty.  I notice most of the Fox Restaurant foods always leave me thirsty for days.\n\nThe house soft pretzels and provolone fondue was really good.  The grilled swordfish with arthichokes was also extremely good but way too salty as was the ribeye my boyfriend ordered.  \n\nService was great, especially for a soft opening.  \n\nI will definitely give brunch a try in the near future but probably will only visit for the atmosphere, appetizers and cocktails in the future.",,
0,Michelle King : equals : Rude. Cold. D terrible customer service skills.  Forewarning to all.   What a nightmare.  Just plain bad experience.,,
2,"Kabuki wont deliver cutting edge delights like that basement gem in Boston or Seattle, so dont get your hopes up.  But if you're like me, thrilled to dip a few standard rolls in too much soy without getting sick in the shadow of the stadium, Kabuki's a kickass spot for the family to enjoy that second rate sushi experience. \n\nWe've had two decent meals here. One in a hurry before a game and the second a more leisurely affair out on their porch overlooking the outdoor mall. Both servers were young and tentative, but polite and pleasant and accomodated our plans well each time. The sushi is very ordinary.  Tempura's better.  \n\nOn a generic Quality/Price scale, it's too expensive, but you're also paying for a special location, steps from the stadium and parking. The premium they charge for that, compared to other pregame alternatives, seems like a very fair exchange.",,
3,Amazing breakfast. Have come here on several occasions and am never disappointed with what I get. Stop by and check it out.,,
3,"I don't really like PHO, I prefer ramen. That being said I only order 2 things here and I've never really tried anything else except lemongrass chicken (extra spicy) and various spring rolls either wrapped in rice paper and rarely the fried ones. Anyways Lemongrass chicken is the best I've found in Vegas, chicken is tender lots of hot chili's lots of lemongrass. I have ate this here at least 20 times.. I can't really speak for much else of the menu but I will keep coming back just for lemongrass chicken and I don't care to try much else.",,
1,"It's a hooters... So yea greasy food, cheap beer, tight shirts. Ya dig? Maybe don't bring your girlfriend on the first date. Good place to watch a sports game with pals. Service is friendly, all of the girls are very amicable. Welcome to hooters.",,
1,"Food was really good... And it stops at that. Service sucks! Especially at night.. There was one guy who I am presuming is the owner. He didn't seat us but just told us to find our own seats. He came and gave us menus and when we asked what he recommends he mumbled something and we had to turn our heads to look at him. Like literally turn our heads all around and he wouldn't look anybody in the eye. When he brought out the food he didn't tell us which dish is which and when we asked if he can name the platters again he mumbled and walked off. What kind of service is that??? We had to walk over to the other tables and get our own forks and napkins. He didn't come once to check up on us to see how the food is, if we need anything etc. The most unfriendly socially awkward owner/waiter I've ever seen. Also, portions are small. If the owner wants to keep his business around, he should be smart enough to take this review in consideration and improve on all of the above.",,
4,"I heart this place.  Always busy; never a line and professional, courteous servers AND hostesses--I would say you rarely get that combination!  I recommend the Brussels spouts and the sausage pizza--you could probably split a pizza between two people but you wouldn't want to.  \n\nLike most lunch places on the Camelback/24th Street area it can get busy at noon.  I recommend going around 11:30 to beat the rush.",,
1,"2 stars, I was not impressed.....\n\nOn my last trip out I went here. I had such high hopes for this place but found it to be lacking in every single area. The seafood was sub par at best, I found that I have had much better crab out east. The service was average, I think our waiter filled up our water glass twice and was much busier with his other tables.\n\nI dined here with my Mother and Wife and they felt the same way. They spent some money on the place because the decor was nice. This is a major tourist trap though. They need to do a better job with the food!\n\nI won't make a return trip to Joes :(",,
3,I came here for a Yelp event and had a great time. They have the place somewhat divided into two sections- bar and restaurant. I liked that the patio opens right into the bar so you kind of have an extended bar. The food was really good and the staff rocked. I have been meaning to go back. I'll put that on my to-do list!,,
3,"I was hesitant when I first arrived because there weren't very many cars outside, but was pleasantly surprised when the food came. Our samosas were simply incredible and the paneer and chicken dishes that we ordered were divine. The best part about the meal, though, was that their naan was perfect - not too dry and not dripping with oil. The perfect balance. Only suggestion if you're looking for an amazing Indian food night and love the spice - be sure to order your dishes at least a 7 to get them spicy enough to feel the burn! Great night out.",,
1,The service was great but the fillet was hard to cut with the knife.?? The sides were great and the drinks were ok.,,
3,"The food was excellent. I ordered the ribs (the Saturday night special,), my boyfriend had the chicken pot pie, and we shared the cheese plate. The cheese plate was amazing: 5 different kinds of cheese (ex. cave aged goat cheese, sheep's milk blue), all from Wisconsin, and with yummy pecans and sour cherries. The ribs were terrific; nice and fatty, and with a tangy bbq sauce. Good garlic roasted potatoes too. My only complaint would be that the broccoli rabe was over seasoned and over cooked. My boyfriend was underwhelmed by his pot pie, but I think this is because he expected a proper crust. This pot pie only had the top puff pastry. \n\nOur waitress was clueless. She had to be prompted to tell us about the cheeses on our cheese plate, didn't ask about condiments when she brought out our food, etc. To be fair, she might have been in high school, and she was perfectly nice. The waitress serving the surrounding tables seemed more clued-in though.",,
4,"I go often because the staff is very friendly and knowledgeable.  I was more educated on what i wanted to smoke and the employee Robert knew exactly what i was looking for to enjoy the experience of a fine beautiful cigar.  I live quit away from the place but i continue to go to Tobacco Leaf because the ones closer to home (at least five others) are very ghetto, they watch TV more than help you, and prices are higher.  The Tobacco Leaf has a fantastic cigar lounge and a large humidor with great selection.  Thank You Tobacco Leaf!",,
4,"If you're looking for Mexican food, you need to come here.  The food and drinks were fantastic.  I must admit that I take pride in knowing good, authentic Mexican food, and especially margaritas.  I'm so happy we tried a sampling of several items, the appetizers, a few entrees, and even the desserts.  Everything was exeptional.  Tip:  I don't typically expect the desserts at a Mexican restaurant to be anything special, but don't leave without ordering them.  \n\nThe ambiance was great, the food was great, the service was fantastic, and the margaritas were some of the best I've ever had.\n\nGlad I found this place and would highly recommend!",,
0,"This salon is small which usually is a plus.  However they don't clean their tools at all, they push colors on you instead of letting you pick out the color you want.  I got gel polish and they didn't apply it correctly so it peeled off two days later (all 10 nails)!\nThe polish was way too thick, it didn't cure between layers, it was applied messily, my nails weren't prepped before the polish went on and then they didn't clean the surface well before I left so my nails were sticky!\nThe service was slow and way over priced.  For $25 I expect a manicure along with gel polish.  You can't ask if I want a gel MANICURE and not do the manicure part!",,
0,I never EVER have a great experience in Marquee every time i go. Maybe it's the fact that they let in anyone for free. or their promoters are thirsty to hit their numbers. \n\nOverly crowded with douchefucks. No room to walk anywhere. It felt like a cattle ranch. Annoying douche bags awkwardly pushing and shoving around on the dance floors. Flailing their limbs around spilling their drinks on people probably on purpose because their life had no purpose.  \n\nMarquee somehow tends to book top headliners. but my friends and I left way before the headlining DJ came on. \n\nAVOID at all cost.,,
2,"We were craving for New Mexican food, particularly Dick's Hideaway, but I remembered previewing the menu at Blue Adobe Grill and seeing that they offered similar dishes at a more affordable price. Also, being that it's in Mesa (we're in Chandler) it seemed like a great time to give this restaurant a try. \n\nThe BF ordered the shredded beef enchiladas, christmas style and added a fried egg on top. I had one of the specials where you can pick two or three items for a set price. I chose the carne adovada (what I was craving) and a garden enchilada christmas style. Both dishes came with rice and beans. \n\nThe verdict:\n\nCarne Adovada: Tender and flavorful. Good, but I prefer Dick's. \n\nGarden Echiladas: Sucked. Filled with shredded carrots & zuchinnis. Menu stated mushrooms, but I didn't really see or taste any. Green sauce was really spicy. Too spicy for me. Red sauce was better, still spicy but not that much better. \n\nShredded Beef Enchiladas: Really good. I enjoyed this the most, well the red sauce side. Something I noticed was this red sauce tasted better than the red sauce on my garden enchilada. Suppose to be the same, I think. \n\nRice and Beans: Blah. I barely touched this. Rice was okay I guess but beans didn;t really suit my taste.\n\nAll in all. 3 stars, A-OK. Pretty much all I have to say. I wouldn't suggest coming here but wouldn't mind going if someone else suggested it.",,
0,"Ok, let me start off by saying I have shopped here a few times and found some great deals, and for the shopping experience I would give probably 4 stars. I decided it was time to clean out my closet, and thought it would be a good idea to try to sell some of my stuff to NBE and make a little cash. I gathered a bag of goodies (all being name brand items from Buckle, AE, Hollister, and others) and headed to NBE with about 8 or 9 pairs of jeans, 6 or 7 pairs of shorts, 5 or 6 skirts, a couple shirts, and two purses - a (real) Coach handbag and a Betsey Johnson bag which still had the the $62 tag attached. I was told when I walked in to neatly lay out my items on the buying table, and that I could either have a seat or take a look around while I waited. When she called me back to the front, the girl at the counter said there were 6 items they wanted to buy from me. I asked which items they decided to take, and she told me they would take my coach purse, my Sinful jeans, and a few pairs of my shorts. She also informed me that since it was nearing the end of summer, they had to price the shorts at the stock rate so they would give me a little less for them. I was offered $21 and some change in cash or $30 something in store credit. This was a disappointing number considering I had hoped for $50-75. Anyway,  There were a few people waiting behind me in line, so I quickly did a little math in my head and figured about $7-10 for the Coach, $7-10 for the Sinful jeans, and about $2 each for the shorts, since she had said they weren't worth as much this time of year. Trying not to hold up the line, I opted for cash, (even though I felt like the Coach and the Sinful jeans were worth at least $20 each, not to mention the practically brand new Hollister shorts I basically gave away), I quickly signed the form placed in front of me, and gathered my unwanted items from the shelf where they put the duds. I left the store and thought I'd try another clothing exchange store for the rest of my stuff before taking it all to Goodwill. When I got to the other store,  I discovered to my surprise that my Betsey Johnson purse was not in my bag of goodies.  After I finished the other store, I went back to NBE. I told the girl at the desk that I wasn't aware that they took both purses, and that she had only mentioned the Coach. Both of the girls working looked at me like I was crazy, and the girl I had dealt with earlier lied to defend herself and said that she had told me that they were taking both the Betsey Johnson and the Coach. I politely explained to them that I would not have taken that little of cash for both purses plus the jeans. (Again, basically gave away some Hollister shorts). I politely asked if there was any way I could give them back the money and take back my items, or at least the Betsey, because I felt like I had been ripped off. They said there was nothing they could do, all cash trades are final, and the only way I could get my purse back was to buy it for what they priced it for. I asked how much they priced it for and they told me $18, which is only $3 short of what they gave me for all the stuff they got. So basically they figuratively \""bought\"" my items for approximately the following prices: around $5 for the brand new Betsey (original price tag ATTACHED said $62), around $5 for the Sinful jeans, (which cost around $125 new, worth I'd say at least around $50 gently used), around $5 for the Coach, (which cost $129 new on sale at the outlet, worth at least $50 gently used), and about $5 for the \""few pairs of shorts\"" which probably were worth around $10 each. This amount of money is no where close to $40% of retail, which they supposedly pay customers for items. Given the fact that they priced the Betsey for $18, 40%=$7.20, I know they ripped me off. I was uncomfortable selling even the Coach and the Sinful jeans for that little, but I could live with it. However, I am FURIOUS that they snagged BOTH my purses plus everything else for so little!! I would NOT have accepted this awful deal!!! And I think it's ridiculous that they not only wouldn't allow me to give them their money back in exchange my items, but they wouldn't even attempt to make any sort of fair agreement with me, especially since it was only about an hour prior that I was in there the first time!  Not to mention they wouldn't admit that they dishonestly took the Betsey without my knowing! They said I could speak to the manager but she wouldn't be there until tomorrow.  I will definitely be giving her a call, there is NO WAY I will sell anything to them again, and I will think twice before shopping there again!! No better than THIEVES!!! RIPOFF ALERT!!!",,
1,"I haven't been to the E'n P in awhile, but I used to come here about once a month with a Meetup group on Sun. evenings for dinner.  I've been here both before and after the remodel, and I agree with other reviewers that, though the place looks snazzier, the food hasn't improved.  Service has always been friendly, if slow.\n\nIf you're looking for basic diner fare or late night munchies, the E'n P fits the bill well.  Having said that, you can tell that most of the food here is frozen or straight out of a container.  I've never ordered any of the breakfast specials, which seem to be quite popular, but I have ordered sandwiches and entrees, and they've all been pretty salty and flavorless, akin to cafeteria food.  The salad bar is usually a pretty safe bet, and the one thing they seem to get right is the potato soup, which comes with it.  Thinking that diner desserts are usually good even if the food isn't that great, I once tried a slice of strawberry cream pie once at the Waterfront location, but unfortunately, it failed to impress me, being of similar quality to the food.\n\nE'n P is a great place to come with kids, older relatives, large groups that include picky eaters, and drunk people.  Other than that, you'd do well to pass it up and explore the plethora of better and more interesting dining options in the neighborhood. 2.5 stars, only because I think the smiley cookies are cute.",,
1,"It's what you'd expect in this corner of Charleston & Rampart. Homey atmosphere that gives you the feel of farm fresh to the table. Pretty decor that lets you know you are about to pay for it.\nOrdered the much touted Biloxi buttermilk fried chicken sandwich. It was ok. Battered chicken breast with an overly generous slather of honey mustard atop cole slaw. Served alongside a small salad of edamame, kale, cheese, carrots, radishes, seeds with a light vinaigrette. A glamorized chicken sandwich that I don't think is worth $13.00.\nThe Tuna tartare was good, but as my daughter says, \""it's pretty hard to mess up tuna tartare\"". A small portion and overpriced at $15.00.\nService was ok. This place seems to cater to a typical pretentious Summerlin crowd. Overall, nothing special and not worth the $40 lunch bill for 2 for an app and fried chicken sandwich with one soda.\nHo hum, tried it and won't be back.",,
2,Good prices. Quick service. On schedule when I make appointments. Had a few screw ups but they do their best to make it right.,,
3,OMG love the buffy bar and the Miranda! I have been by here many times but until recently I have never walked in. The sales staff that followed me around was nice but it started to get a little strange. Hubby had to save me. Overall I love the items I purchased and will return,,
3,I had a Buffalo Burger and loved it!!  Really an excellent dining experience.,,
3,"I survived off of Peppi's on Western Ave, for years as a student at CCAC Allegheny campus. After my morning classes had ended this was my go to lunch/dinner spot.  \n\nAny college kid on tight budge can assure you that there are days when only one meal is all you can afford.  \n\nPeppi's portions are huge and they don't skimp on either meats, veggies or cheese.  One sub can easily be eaten for lunch with plenty leftovers that can be eaten as dinner. \n\nTypically for me I get the Cajun fries which are delicious cheap and you get a ton.  They are dusted with a spicy Cajun seasoning and served with a side of house made ranch. \n\nSince transferring to college in Oakland I don't get to frequent Peppi's as much but I have nothing but fond memories. Of all the Peppi locations this is by far my favorite.",,
2,"I liked this place.  We got in super quick, because my friend was on a list.  The drinks were expensive, but I also expected that.  It's a decent club, but once again, it's like the DJ has ADD.  I don't understand playing a song and then playing another song 20 seconds later.  It's ANNOYING.  And how do you get your dancing groove on?  You can't because the DJ changes up the music too much.",,
0,"I tried this place out because it's close to where I live. Gel manicures I've gotten at other salons always last for 2 1/2 to 3 weeks. My first gel manicure I got here started peeling after 10 days, so I returned to get a polish change and gave them another shot. AGAIN, my nails started peeling this time only after 8 days!! The staff isn't very friendly either. Go elsewhere!",,
4,"We went for lunch here while in Vegas.  Unfortunately, when we went due to our timing (Sunday lunch) only a couple other tables were filled, so I can't give much info on the crowds.  I think the small crowd might have to do with the restaurants location, kinda hidden. \n\nMy husband & I shared the crab cake which was delicious!  Not full of fillers. This was CRAB cakes ;) We then shared the lobster rolls & it was plenty for the 2 of us. Very yummy!  \n\nWe had great service & since place was nearly empty, we had a nice chat with the bartender.  He was great!  He also mentioned that RM Seafood will be moving upstairs to another location sometime soon. Maybe this will make them easier to find!  Hope so, because you don't want to miss this place!\n\nOverall a great experience & we really like Rick Moonen's views on sustainable seafood harvesting. So we'd support his place for sure the next time were in town.",,
3,"There are some harsh reviews out there. I did not think this place was that bad at all.\nI went in to order,I was getting it to go.\n It is not a bad place inside, very simple and also clean. The girl who took my order was very pleasant.\nI ordered the kung Poa chicken to go with steamed rice. It came with an egg roll and a crab puff. A pretty good deal I think.\nThe food was good, nice and hot as well. It was supposed to be spicy. But, was not really too much. \nNext time I will just tell them I would like it a bit spicer. Lots of parking in the lot.",,
2,"I have visited the king N I for lunch several times and I can tell you that they have the best deal for lunch specials!! The lunch special is between $ 7 to $ 8 bucks but includes egg rolls, soup, an entr\u00e9e and a soda..  However, I have to be honest but, you get what you pay for.  The food is not bad, but is not the best representation of Thai food. If you are looking for a decent and cheap meal then I will totally recommend for you to visit them. The Place is clean and their staff was friendly",,
3,"This place is awesome! We tried both breakfast and dinner. We were quite pleased with the food. The freshly roasted smoked bacon in breakfast is definitely a killer, absolutely delicious. The fish dishes in the dinner are also good. They also have quite a selection of fruits and deserts . I would say it's worth the money.",,
1,"Horrible!!! My wife ordered the filet, and I the Aged Bone-In New York. Both tasted like they were seared in a pan of oil, with no salt and pepper. I have been to many steakhouses, and this had to be the worse. When we complained to the waiter, he asked if we wanted steak sauce? Told him that we should'nt have to put  steak sauce on a $60.00 dollar steak. Go to Prime at the Bellagio. Go anywhere but here!!",,
4,"What do I love about this place? The question should be, what don't I love about this place? \n\nWe had Rick's Adobo Fried Rice - a traditional Filipino dish made with marinated, shredded chicken and rice wrapped omelet style with green onions, accompanied with their homemade macaroni salad. The omelet is exactly what one would expect, if you ever had adobo...VERY, VERY GOOD! The mac salad was a little salty for my taste, but still very good!\n\nTheir Kalua Pig Benedict - toasted English muffin, topped with Hawaiian-style, slow-cooked, shredded pork, cabbage, poached eggs and hollandaise sauce...A-M-A-Z-I-N-G!  If benedicts are what you're looking for, this one tops them all. My absolute favorite!\n\nOur son had their bacon cheeseburger, well done, and fries. My husband was quite pleased and surprised that, yet again, another great entree! \n\nOur daughter had their carrot cake pancakes. I love carrot cake to begin with, and I have to admit that it was even better than I thought!\n\nTo top everything off, we ordered their Red Velvet Pancakes with chocolate crumbles and cream cheese syrup. If pancakes are what you're looking for, anyone who's been here would, I'M SURE, highly recommend the Red Velvet. Words cannot even describe such a simple dish that is OH SO, well...you'll just have to try it!!!  \n\nDon't think that we could eat all this. I'm actually sick to my stomach from all the amazing food! We packed up two take-home containers and went home to crash, but I wanted to take a moment to rate this restaurant. Definitely worth it. This being our first time there, we wanted to order so much off their menu to try what we heard/read rave reviews about, so we already knew we were \""taking leftovers\""...the question was, just how much?\n\nBeing New Year's Eve, it was really packed! They served us juice and coffee as we waited, which was extremely nice! You're happy with how their items are priced! Service was still very good for how busy it was.  EVERYONE, including us, walked out of there with a smile on their face. \n\nWHAT A GREAT FIND! HIGHLY RECOMMENDED for breakfast/brunch!!! ENJOY! :)",,
2,"We went here recently to celebrate my fiances new job and to use a Groupon I had purchased a while ago. As it was voted one of the top ten sushi restaurants in America by Bon Apetit, I was very excited to try it. The ambiance was lively and the decor was modern, but I was expecting more of a dim lighting, romantic type setting so I was a little surprised. As for the food, unfortunately I think this place was way over hyped for its sushi at least. \n\nWhat we ordered: \n\nRock shrimp- big portion but nothing really special. Batter was a little heavier than I prefer for tempura, with a side of spicy mayo it was an okay appetizer. \n\nButterfish tataki- this was tasty, butterfish melts in your mouth and the sauce (ponzu?) complemented the fish well. but such a tiny portion :(\n\nHamachi serrano roll- big chunks of hamachi but in a rather small roll, definitely not enought to fill one person up. It was okay. \n\nBlack cod- Probably my favorite item of the night. Nice big portion of cod, miso marinade was apparent in every bite. Melts in your mouth good. My only gripe is that the skin of the fish melted on to the leaf that they smoke it in so you can't eat it. The skin is the best part!! Size and price wise its comparable to Roy's butterfish, except Roy's gives you a side of rice with their dish.\n\nUni nigiri- Sweet and good portion. \n\nSake salmon nigiri- I didn't think you could ruin this but ours was served warm and oily. So weird, it did not taste like sake salmon at all, maybe we will get the regular salmon next time. \n\nIkura nigiri- Fiance had this and said he was pleased, seemed like a generous portion too. \n\nButtercream cake with raspberry sherbet- FREE with yelp check in! The cake was not too sweet and the sour raspberry sherbet went well with it. \n\nThe waiter also brought me another dessert, must have misheard me but I think it was a rum cake with tons of walnuts and pecans. The cake was good but I don't like nuts so i can't say I enjoyed it much. \n\nAfter a bottle of Sapporo, 50 off with the Groupon, and tip the bill came out to about 75 bucks. We will probably be back for happy hour and to try their steaks and lamb but I didn't think the sushi was anything special. It was definitely fresh but for the price I think I can definitely find better options out here. I'm a fan of Sushi room in Chandler although I think they are also on the pricier side.",,
4,"Great food, atmosphere and service.  It's BYO and there's a liquor store right next door, so while you wait to be seated, which can take upwards of an hour, you can peruse the wine selection, which while not huge is good enough for the untrained palate.  \nThe second we were taken to our table, the waitress took our wine, opened and iced it.  I was impressed by their attention to detail when they weren't getting tipped for the alcohol purchase nor charged a corking fee.  America take a hint! \nThe pasta was great, as were the mussels.  I remember their gnocchi being fantastic as well.  I tried their dessert, but don't remember what I went with but that it was good.  The food was awesome, and it definitely didn't break the bank.  The same meal in the same restaurant across the border would cost significantly more.  Worth the trip and the wait!",,
3,"This place is right near my mother in laws house, so it's very convenient to go to when I visit her or drop the kids off for babysitting. The food is always fresh and delicious, much like you get in a home kitchen. Their carne asada burrito is very tender unlike most of the other big chains. I also frequently enjoy their shrimp burrito which is very fresh and the shrimp are never overcooked. They have a pretty fast drive thru and their horchata is the best!",,
1,"I saw this place featured on DDD and my mouth watered upon viewing the apple cake and dutch baby. I drove the 45 minutes up the 101 to get my hands on this delectible meal. The service was ok, nothing special, borderline rude, but I don't let that ruin my meal if it's good. I was super happy to see that they offer Junior portions of their famous pancakes. So yes, I had two. I ordered the apple cake and the dutch baby (don't judge me) Both cakes were better looking than tasting. The middle of both cakes were a unsweetened chewy flan-like consistency. The edge of the apple cake was ok so I ate that along with my hashbrowns and bacon but still left slightly unsatisfied. I also had to pay for the rest of my party when we realized that they do not accept credit cards! ????!!!! There is an atm that charges a $5 fee, yay. I won't be back, the drive is too far for something that is just meh.",,
1,"The fish nibbling deserves five stars.  It's automatic giggles from the moment your feet go in the tank.  (it's also a little startling to learn where fish can find dead skin.  On my shin?  All over my shin? REALLY?  eek).\n\nSo that was a blast.  But the pedicure was merely serviceable. \n\nI will say that they managed to fit in my daughter and me as walk-ins.  We waited about 30 minutes, but they got us in - so that was nice.  And yes, the colour selection is good - although the front of the salon is so dimly lit the pale turquoise my daughter picked out turned out to be more green than blue, but she liked it, so all's well that ends well in that regard - but listen, just because I let two dozen fish dine on my dead skin doesn't mean the job is over.  My heels were still more Hobbit than Hamptons by the end of the pedicure, and the massage was lacklustre at best.\n\nThe actual polish application was good for me, but my kid had bubbles and chips from Minute One.  \n\nPrices reasonable, especially for her - but in the end, the job was only so-so.  Go for the fish and go elsewhere for the pedicure.   Staff friendly enough but we arrived at the end of the day - they were tired and it showed.",,
3,"Good food but, as always, very crowded.  I wish they'd open for bakery service during the week and use the profits to expand the seating area.",,
1,"Ate here months ago.  Was excited to finally find a Phoenix sushi venue, and one that also offered brown rice as a sub for sushi dishes (don't quote me on this however, since it has been many months and I may be recalling another venue).  \n\nOne item did impress me, and that was the complimentary appetizer that was comprised of tempura'd chips with perhaps a squid salad topping (?)  I should have just ordered another serving of this!  Instead, I tried an Ao Yasai (mixed gourmet greens with ginger) and a sushi roll w/ brown rice, the latter I thought was price-y considering the very small portion given.  I was so unimpressed by its unexciting flavors that I don't even recall what kind of roll I tried!  Pretty sad, I know.  \n\nI told myself I wouldn't go back, but I would like to give Hana another try, perhaps for lunch and/or dinner with a group of friends and have apps and wine/sake!",,
4,"Adam tinted my car windows last week.  He was very professional.  He returned my phone call quickly and set up an appointment to come to my house.  Prompt, courteous and did a great job!  My car looks amazing. \n\nHighly recommend!",,
3,"What a genius idea to have a happy hour for dogs. I'm only reviewing it's facility from a spectator's point of view, and the YAPPY HOUR.\n\nYAPPY HOUR:\nIt's really happy hour for dogs, but it makes me pretty happy too. $10 entry, and you get a free doggy treat for your k9 friend, and a free drink ticket for yourself. It's a great time. It's like witnessing a reality show of a Vegas party through a doggy's point of view. Thankfully they don't discriminate against non dog owners for \""Yappy Hour\"" since I am not a dog owner and just wanted to hang out with my dog owner friends. They had a fun DJ with a really good set list (\""Who Let the Dogs Out\"" not included), bounces who keep your crazy k9 in check, and a really nice set up for these dogs to roam and go wild. I loved it! Seeing a beautiful variety of doggy mixes and breeds really had me sold on find me a k9 friend (or stealing someone else's...kidding). End of the event you'll find doggies doing exactly what we do when we get hammered. They're fighting, pulling pranks, sneaking away from bouncers, attempting one night standers.\n\nATMOSPHERE:\nBased on the Yappy Hour I assume they're dog friendly. They have a fun set up with a fireplace outside, a decent green yard, a swimming pool, a very small, but hip atmosphere in the lobby. The rooms have a motel type layout (like 2 or 3 floors with balconies). It's a small hotel which looks like a good 100+ rooms, and off the strip. So if you're looking for a small, simple, quiet place this might be good. Makes it convenient to be close to the strip, but also enough to be away from the madness.",,
2,"I always get nervous when an Italian restaurant brings out less than stellar bread. But Ciros served up some great appetizers (Caprese, Calamari and a delicious Cesar salad) unfortunately as I began to get excited about this restaurant my steak came out overcooked with no flavor.",,
2,"For some reason the last time I ate here the quality of food was much better... About 2 years ago.  Ordered a platter of appetizers (stuffed mushrooms-acceptable, fried calamari-below average quality, fried zucchini-terrible) and Cape di Mare for the main entree.. Acceptable.\n\nWhat made it worst was the service, we sat in the bar thinking that we will be served faster but it's the other way around.  The waitress took 10 minutes to give us the menu, 5 minutes to give us a drink, 15 minutes to give us a bread, 10 minutes for soup and salad to arrive, another 15 minutes for the appetizers to come. Though the waitress offered to refill our drinks and check on us from time to time, the overall waiting time for the food to come out was disappointing.",,
4,the best parisins resaurant in las vegas and even in LA they have amazing kabob\nand really good rice . the best customer service. every time we in vegas we\ngoing there. :) :):):):):):),,
0,"This location killed In-N-Out Burger for me. I don't know what it was, but the burgers and especially the fries were the worst I've had at one of these chains. Was sad, because I was bringing my boyfriend to In-N-Out for the first time and I had to admit that it wasn't very good.\n\nTo be specific.... the fries were limp and greasy and the burger was over-saturated and just not good eating overall.",,
2,"So, my girlfriend came into town to help me move home, and she wanted to get some Mexican food.  I immediately thought of Macayo's, because I've been here before and love how colorful their interior was.\n\nWe walked in and were seated right away.  I was expecting it to be a bit busier for Father's day, but alas, there wasn't much going on here.  Our waitress was great, and we started off with chips and dip, and eventually ordered some dinner.\n\nMy girlfriend went with the Chicken chimichanga and she loved it! it looked really good from where I was sitting!  I went with the Nacho supreme, and it was tasty! My friend also got a margarita which looked nice as well.  \n\nOverall, we had a good time here, and I enjoyed it. Our food was awesome, the service was pretty good and this place isn't half bad.",,
3,I've had this place bookmarked for almost a year before I finally decided to try it out. Glad I finally did because it is AWESOME. Its definitely a hidden gem. The starter of homemade chips and salsa is friggen delicious! I felt like I was in Mexico. Very friendly staff. The guac.....YUM. This is my new favorite!,,
0,"I'm going to have to agree with Aletheia here. Why is this place deserving of such buzz? I fully expected the interior to look like a dive, but I didn't expect the burger to be the blandest thing I've ever eaten. There wasn't a hint of seasoning on the meat, and all I could taste was onion. Even the cheese didn't shine through.\n\nI've eaten a lot of hamburgers - I'm obsessed - so I can say without hyberbole that this place served up the worst hamburger I've ever eaten. I can't even fathom why this place is popular with working class stiffs - the cheapest burger is around $9. You can get a better burger at dozens of places around the Valley for that price.",,
3,"This gym tends to get below average reviews due to its size, cleanliness, and volume of equipment. Having said that, this may be most people's worst gym. However, this gym is actually my favorite. I'm here about 4 days a week, sometimes twice a day. This gym is full of regulars. Like Cheers, where everyone knows your name.  I don't have a problem with the staff. In fact, they are like an extended family for me. I'm always greeted by name when I enter and leave. And no, they are not cheating by reading the computer screen. Usually greeted before I sign in. Feels like home here. When I walk in, usually get the hellos and nods from the other regulars. What I like most about this gym is that people are here to workout. Get in, get out.\n\nI do avoid this gym on Monday and Tuesday nights due to how crowded it can get. And, it's only crowded, because it's small. The rest rooms are filthy, but I don't use them anyway. \n\nOverall, gave this gym 4 stars because I'm able to get the type of workout I search for. People here tend to respect your workout and save their chatter with you once you're done.",,
2,"I expected more from a Sunday brunch. It wasn't overly crowded, nor was there a wait. The service was slow and inconsistent and I had to do some deep digging to learn that there was a special barbecue on the patio and that the full lunch menu was available in addition to the brunch menus we stared at for 20 minutes waiting for one glass of wine. Once the food arrived, it was quality food. Spicy Chilaquiles and a well done pastrami.",,
1,"Had a horrible time here.  service is horrible everyone is robotic and it was noisy on my floor, i left the day before check out it was that bad. wrote a formal complaint and they didnt do anything.  oh well guess i wont be doing business there",,
1,"My friends booked this spot because all the other hotels were full and ultra, ultra expensive for some reason.  We speculated: Well, the Olympics DO open that weekend...No, that can't be it.  I don't think the Olympics have much to do with Vegas.  How bout EVO??  Uhh, I don't think there are THAT many nerds going, and I don't think it's that big of an event...It's at the Tropicana for goodness sakes!  \n\nIt was only when we were going down the super-packed strip that it dawned upon me.  Oh my gosh, it's Chinese super lucky day 8-8-08!!!  Ughhh, what an influence us hardcore Chinese gamblers have over Vegas. First, the MGM lion thing and now this.\n\nAnyway, on with the review.  I'm not really sure what the theme of this hotel is.  From my guess, it's probably something to do with New Orleans and Mardi Gras.  After all, we did stay in the Mardi Gras tower.  But, then there's a Toby Keith honky-tonk bar downstairs.  The elevator arrangement of this place is hotel is rather confusing, and at first it was really hard to figure out the optimal route to our room.\n\nSpeaking of the room, it was tiny! There was hardly any walking space between and around the 2 queen beds.  And the bathroom was THE smallest Vegas bathroom I have ever been in.  I'm not even exaggerating.  And a cot set us back $30 per night. I don't reckon I'd stay here again.",,
1,"On our way out of Vegas, we stopped by Serendipity for a Frozen Hot Chocolate, which we'd had a couple years back. It was indeed a warm Friday afternoon so a nice cold drink would be a welcome treat, which it was; delicious even. That's what the 2 stars are for. Everything else about this place was no good. At 11 bucks for a cup of cold cocoa with whipped cream on top, you'd think they'd at least remember to actually GIVE you your drink. Others in our party were called up to pick up their drinks. We waited another five minutes and finally went to the window to ask. They'd forgotten to make it.  FAIL. Also, they charge a whole dollar for tap water. Seriously, we were paying customers, give us the darn tap water! Tasty, yes. Overhyped? You betcha.",,
4,"We love taking out of state guests to our neighborhood Cheers bar aka  CK's in Ahwatukee for the fabulous food and a nice outdoor seating area. The raspberry chicken is my husband's favorite and the burgers are excellent. For a nice family setting (no frills) with excellent food and service at a reasonable price, you can't go wrong.",,
3,What a charming location!  \nWent in the evening when the place was alit with glowing orange hued lights.  It is on a campus along with a couple of other restaurants Nobou and Rose & Crown making it a quiet place to dine outdoors.\nPizza was outstanding.  I had an organic greens salad and Margarita Pizza with olives.  \nThe services was extremely friendly as well.,,
1,Expensive and too much five spices in the broth. They even charged extra for a bowl of broth; all other pho restaurant would have given it away for free. Would not come back!,,
0,"AVOID THIS LOCATION AT ALL COSTS UNLESS YOU LIKE BEING DISRESPECTED AND TREATED LIKE COMPLETE GARBAGE BY THE G.M.\n\nMy rating for this store is a -20 stars!\n\nI have been a customer of Cobblestone for 7 years now and I typically go to the one on the 51 & Bell. Needless to say that is the only location I will be going to after my awful experience at the FLW store. I am a fast-pass member and happened to be in the area of FLW & Hayden so I stopped by to get my car wash ( it was convenient at the time) The exterior wash  I signed up for includes air freshener squares. I had my window rolled down to ask about getting a specific scent. The man at the front of the wash completely ignored me and actually ended up spraying me with the hose they use to get the junk of the hood of your car. Needless to say I was completely unhappy. As i went through the wash I parked my car in order to let the guy dry it and went up to somebody asking about why i did not receive what I paid for. The guy I spoke to about this is supposedly the General Manager of that store named Shawn, and never in my life have I been treated with such blatant disrespect. He raised his voice and started arguing with me in front of his employees as well as other customers ( I was so embarrassed) that the wash I had did not come with the air freshener squares. I explained to him that when I signed up I was informed that my wash included the squares and every single time I get my car washed at Greenway or Bell I have always received exactly what I paid for. Shawn kept arguing with me basically calling me a liar and told me that the other locations only did it because I requested them or they were just being nice which I stated that they \""were doing their job correctly.\"" I also informed him that I have been to this location (being FLW) and received them there too. Shawn continued to argue with me over and over about something as simple as an air freshener which I find absolutely ridiculous. Never have I had somebody treat me so poorly let alone a General Manager (who is supposed to be setting an example and be a leader) After a few minutes another man came up and said he would be right back with the air freshener for me ( he could hear Shawn yelling and arguing with me over all the back ground noise which was a lot considering it was about 4:00 PM. and it was pretty busy) I proceeded to specifically thank the gentleman for taking care of that for me and the next thing I know Shawn says \""Your Welcome\"" and tried taking all the credit for doing absolutely nothing and being a complete A**Hole. I let him know that clearly I was not speaking to him that he deserved no \""Thank you\"" or anything from me, and the next thing I know he is calling me a B**ch under his breath. In response I asked him to speak up louder which of course he had nothing to say at that point. I have never had such an awful experience at anywhere I have been a customer to. The fact that Shawn is supposed to be the General Manager is completely absurd and I find hard to believe with his horrible attitude and lack of respect. I will never return to this location and I advise all of you not to as well. Shawn is the absolute worst manager of any kind that I have spoken to and I can not believe he still has a job here. To paint a clearer picture I went to the corporate location (51 & Bell) and began telling their manager about my experience and before I could even inform him of Shawn's name the manager at Bell already knew who I was talking about. The fact that I didn't even have to share his name just goes to show what a horrible reputation Shawn has not only at his store but at other locations as well. WORST CUSTOMER SERVICE EXPERIENCE EVER!",,
3,Went with a large group of people on a Saturday night for dinner and drinks. I had the cheeseburger and fries special for $8. The burger was really good and was pretty big. The bad news was they did not have Harp or Bass on tap which is weird for a pub to not at least have one of those so you can do a Black and Tan or Half and Half. The drinks were a bit pricey for a local pub but it seems like everywhere now has upped the alcohol prices. All in all a very nice local place with a good vibe.,,
0,"I've been to cluck-n-cup southend three times now and every time was a bad experience. The first time I went in they were out of chicken! Not sure how a chicken restaurant can run out of chicken in the middle of lunch time. The second time I went in they were out of turkey! Today was strike three, and I will not be a patron in the future. When I went in for lunch today, I asked for a menu and they were out. Out of menus. I asked the cashier what my options were and he was just as helpful as the menus they didn't have. I asked if they had an online menu and he said he thought so. I pulled up their website on my phone, clicked on the menu and it lead to a dead page. I left and went across the street to noodles and company, where I received fantastic service, they had menus, and chicken! I will say that the food I was able to get the last couple of times was good, which is the only reason I'm giving them one star",,
0,"This location opened not too long ago. We've had sandwiches delivered a half a dozen times at least and were happy to see this location getting on their feet. The delivery was fast and we rewarded it with more than generous tips. Now I guess they have their customer base built and no longer need us because, even though they recognized our address from our phone number and acknowledged that they had delivered to us before, we are suddenly out of their delivery range and they refuse to deliver to us now. Great way to build customer loyalty and to stand by those that helped bring you up. Even if it's necessary to limit your delivery area, a little flexibility to grandfather in your existing loyal customers might have been a better approach.  I wont even stop there for take out now.",,
2,First off is that they went pretty cheap on the decor in this place. Figuring its in the SLS it would be really nice. We were seated and started to order immediately. Knowing Katsuya in LA we knew what we wanted. So we ordered some appetizers which were really good then all went downhill from there the entrees were mediocre at best we ordered an array off sushi rolls. Ended up being $100+ per person for that kind of money there are plenty of other restaurants to choose from. I won't be coming to the SLS nor this restaurant again!\n\nSorry but the new north is not the south!,,
3,"I used to come here all the time because I worked in an office right down the road. I loved the Rosemary Chicken Sandwich and comes with a simple but delicious side salad. I've tried the Kisra and Spicy Harissa Hummus and would recommend that as well - but as the name implies, you have to like hummus and you have to like spicy. I got the salmon once and was super annoyed I ventured to try something different because it was dry, tasteless, and close to $20. Don't get that!\nOverall, it's a quick and easy place for lunch and the staff is very friendly and eclectic.",,
1,"Stayed here on our first night, and thankfully it was only for that day.  The place is kind of old and out of date.  Of course it was free with the comps so I couldn't complain but this is probably one of the low places I have stayed at.  Since I didn't go up the tower the first time I came here, I decided to check out the top.  I can't believe they actually charge people to go up.  There's nothing really there but a high view with magnified view finders.  You still have to pay extra to ride the rides that they have.  They got this new controlled bungie jumping ride that looks pretty intense especially since it's 110 degrees outside right now.  Other than that I would say to save your money, and go somewhere else.  We probably spent like 10 minutes up there before going back down.  All in all, if you're only in Vegas for a couple of days, skip this place altogether and do something else.",,
2,"Honestly, it was OK.\n\nI wanted to like it, I really did.  Bacchanal is extremely hyped up and some of my friends even raved about it - I just couldn't get into it too much.  It's also one of the more pricey hotel/casino buffets.  A friend and I went around 7-8PM on a weeknight, and thankfully the line wasn't more than 15 minutes.\n\nThe selection felt like a normal buffet selection: seafood station, carving station, asian station with ramen & pho, pasta, cheese & charcuterie bar, etc. etc.  They did have a neat little area where they were making honey.  That contraption was cool looking.  \n\nThe only things I remember really sticking out were the taco station and dessert.  There were 3 different types of tacos available and a cook making them to order.  They were delicious and I actually broke unspoken buffet code and went back for seconds. :p For dessert, they have a crepe station where you can douse your crepe in toppings and drizzles galore.  I ended up with nutella with a side of crepe and fresh fruit. :) \n\nAll in all, it was a pretty forgettable experience and definitely overrated.  I'd much rather spend the money at Wicked Spoon.",,
1,"More like 2.5, but again, Yelp won't let you give half stars...and I can't round up on these guys.\n\nFirst and foremost, I'm just gonna be blunt here, do not call yourself a deli...you aren't a deli.  I'll be OK with sandwich shop, but you are most certainly not a deli.  Giving a pickle with your sandwich does not make you a deli.  \n\nAnd, while we're at it, take Brooklyn out of your name, too...there is absolutely nothing Brooklyn about you.\n\nAs for what killed this place for me...the excessive microwaving and re-heating of everything.  That's not called cooking, that's called preparing...and I can do that at home.\n\nHaving said all of that, the food was OK.  Nothing special...nothing inoffensive.  The meatballs (frozen) were tasty...the marinara (canned) was tasty...my daughter's Nathan's Hot Dog was as it should be, if not a bit too nuked, along with the microwaved bun.  The roastbeef on the beef dip was ok but the nuking was excessive.\n\nI won't be going back and will not recommend to anyone I know...not because it is awful...just unnecessary...and ill-named.",,
4,"Food is insanely good.  Fresh meats and very, very tasty.  When you order a sandwich (i recommend the godfather I or II), the owner goes to the fridge and begins slicing cuts for your sub.  Doesn't get much fresher than that.  They have a few tables, but I've never eaten there so I cannot comment on the service but they are always friendly when I order take out.  In addition to a plethora of sandwich options there are italian dishes as well.  I've had the lasagna which was a large, flavorful portion.  Desserts are great too.  Try a Cannoli.",,
1,"Great prices, especially during happy hour. But customer service needs A LOT of work! Either my order is skipped, i have to beg for a water refill because they never check on you, I get the wrong item, or I ask them for something and they just completely forget.",,
1,"I am a little late with reviewing.. but stayed at PH in mid May for a few days with girlfriends (late 20's). This hotel is just okay... The hotel didn't feel as busy as some of the others, so we felt we had the place to ourselves. We ate at Yolos when we arrived - the food was good and the margarita's great! We ate at Koi another night for their happy hour - great deal and as always, Koi was splendid! Peepshow was really fun! \n\nWe were in a Resort room - and it was perfect for three girls, we never felt crowded; plus the bathroom was a great size for the three of us - separate toilet and two sink stations. We ate breakfast daily at the Planet Dailes restaurant - was fine for breakfast. Also, ate at the Buffet before heading to the airport to leave - don't waste your time, not good and super crowded! Do yourself a favor and go eat at the Buffet at Aria...was awesome! We didn't spend much time at our hotel other than to sleep, attempt to sit by the pool by day, eat a few meals and see Peepshow. We partied by night at other hotels as the nightlife in this hotel is not that lively. \n\nPros: Location, Koi, Peepshow, despite other reviews, our room was a great size for 3 girls, large bathroom, MiracleMile mall \n\nCons: Pool (small) and has chairs places randomly around the area, nothing in the pool area was open, buffet not good, very young crowd (early 20 somethings), $25 for use of the fitness center \n\nOverall, I probably would not stay here again as I like a nice pool area and more of a nightlife.",,
3,Free OC with every order after 9pm tonight only.,,
1,"Klavon's was a miss for my son and me. We came on a Saturday afternoon after walking the strip district. When we entered there were lots of people and and no structure for procedure in ordering. We sat at the bar and waited 5 mins or more to be acknowledged by employees who were making ice cream 24 inches away from us. Literally they kept their heads down and refused to make eye contact. Just when I was about to get up and leave a lady said I'll be with you in a minute thanks for your patience. So I decided to stay and listen to her complain to another employee about a customer who changed her order from cake cone to waffle cone. Maybe that's a thing here in PGH or just the establishments I walk into where employees openly complain about customers in front of other customers.\nMy son only wanted a scoop of ice cream and I had a 1 scoop hot fudge sundae. Some how the total came to $7.38 for that. The ice cream was icy like the kind you would buy in those gallon buckets. \n\nToo bad. It's the kind of place that should be a treat not a 2 star review. Oh, the two stars were for the candy selection and old timey feel of the place.",,
2,"I had the Fuku Burger. The sauce was quite tasty,but a little too much salt on the burger.\nThe garlic fries were so-so; not much difference from regular fries",,
3,"So it was my niece's b-Day this last week and i invited her, my sis and my other local niece to Caesar's for some swimming, then brunch followed by a visit to Popcorn Girl and Rocket Fizz. \n\nMy sis was worried about the high winds at the pool might make her girls sick - not sure how exactly ; but the bottom line, first on the list is immediately checked off. I know my niece, Lizzie, Loves a good pancake or a good waffle - so ok, back to HHAGG ... please no wait...please good service ... please hot food ... well i'll be damned - 3 for 3 . \n\nSince we've seen a million reviews - i'll keep it short - the highlights: \n\nBacon Waffles ( pic added ) - i kept staring at Lizzie's plate - 4 large waffles ... please don't eat them all - 1st went down fast , 2nd one almost as quick ...oh-oh ...3rd ...she's starting to slow down ...she's gotta be full after that huge hot chocolate with all those marshmallow's ...whew ...she's done . \n\nBut wait, my sis had her eyes on them too ( she had a so-so stuffed burger, i had a so-so hash special - but the biscuit was awesome ! ) \n\nwe agree to share the last of the bacon waffles - fluffy, nice pieces of bacon in the mix, some whipped butter and syrup - exceptional !! \n\nHighlight #2 - Hamms Beer ( pic added ) - with my special i saw at the bottom of the description - add a Hamm's beer for $1.25 - really ? Hamm's, my beloved college beer of choice ?!? Oh yeah - i'll take that ! \n\nOverall, decent service, got seated quickly, and the food - above average - when they say twisted farm food, for me , this place gets me twisted - it's really getting to be a love-hate relationship, today, it was love.",,
0,"I have to say this was the biggest disappointment ever, I have traveled all over eating at sushi places and quite frankly this has to be the worst sushi I have ever had. They raved about Chef Masa,and how fresh the fish was ...sorry chef but the yellowtail risotto was bland,the yellowtail was skimpy and not cut right ,oh and chewy .(never had chewy yellowtail,but ok) the lobster tempura roll was an abysmal. There is a reason that at 8:30 on a Saturday night in Vegas,there isn't more than 20 parties in this huge restuarant ? And god forbid you say something and Michael the server treats you like a leper. WOW,is all I can say for a restaurant in Aria ....WOW !!!!",,
0,"I can't begin to explain how disappointing this experience was.  Let's start with the food.\n\nBased on other Yelp reviews, we ordered the fois gras as an appetizer.  It was interesting at best.  I thought the presentation of the fois gras was not very appetizing.  2.5 stars.\n\nFor the main course, we ordered the bone-in ribeye (we were at a steakhouse!) as well as a salmon dish for our daughter.  The salmon dish was worthy of 3 stars, not bad.  It came out lukewarm, which was okay for my daughter but now other diners would have liked it that way.\n\nThe rib-eye.  We ordered it medium.  The first one came out medium well plus (if you squinted you could see some pink).  It was the first night of our New Year's Eve vacation so we thought we should have it right.  We sent it back (in hindsight, a mistake).  The second one took a long time and when it came out it was rare (not medium rare...rare).  Just to make this wasn't our bias, we asked the manager to come to the table and asked him what he thought the meat temperature was and he said rare.  By this time, we had already eaten the sides, ate a lot of bread (which was actually very good), so didn't want to have the kitchen attempt #3.  The manager was very understanding and took the entree, as well as the other entree and sides off the bill.  All we ended up paying for was a bottle of wine and the appetizer.\n\nThe sides we ordered were brussel sprouts and onion rings.  I would give the brussel sprouts 4.5 stars and the onion rings 2 stars (about the level of a fast food restaurant in both appearance and taste).\n\nThe wine list was not very good.  Only moderate number of selections overall and very few good ones between $75-300.\n\nPretty sad that a upscale steakhouse can't get the meat temperature correct.",,
0,"I tried this location again. I really like the concept, but the execution is so bad. \n\nThere was no one ordering ahead of us and not too many people already seated when I got there early on a Sunday evening for four sandwiches to go. Given that I live less than 5 mins away, I went ahead and ordered the sandwiches hot. \n\nRookie mistake. If WW had a system where all sandwiches were ready at/near the same time, I could have made it home with four hot sandwiches. Place order, wait 7/10 mins and first order is called. Several minutes later two sandwiches go to a previously sat table. Several minutes later two more of my sandwiches. Long wait, two items to people who ordered after me. Then my last sandwich. So, 10 or more mins after my first sandwich, we received our last one. Of course, sandwich one is pretty much cold by then. \n\nI don't understand how their system is customer friendly. Even if you eat in, who wants to sit and stare at their food for 10 minutes while the rest of the table waits?  I have seen this all three visits. \n\nDone with Which Wich unless maybe I'm alone, starving and it's the only place around.",,
1,"Came here for dinner b/c we arrived at the hotel late and we were too lazy to go anywhere else. \n\nMushroom Swiss burger - This was actually pretty decent but a tad on the small side. \n\nFish Sandwich - Ugh. This was virtually inedible. The fish was fried waay past crispy, bordering on rock hard. Disgusting. \n\nOverall, don't come here unless you really have no other place to eat.",,
4,I have to give this place five stars coffee is great service is great and there always right on top of everything. Would I recommend it to friends and family of course next time your at the red rock stop by and experience the same.,,
2,"I need to give it another try because a lot of folks I know like this place. Everyone was super friendly, but it took a long time get our food and she. It arrived it was very average at best. If you look at my other ratings, I'm not a negative nelly but was pretty disappointed with the value/quality for the price ratio. I'll probably try it again at some point and based on what others have said, I'll probably have a better experience. Give it a go and see what you think for yourself!",,
4,"Talk about a diamond in the rough! This place is precariously situated just off of scottsdale road on 4th ave...across from Gilligans. Had I not really looked I may have missed it and I would have been sad because this place is great! My sister and our mutual friend went here last night for dinner and had a really good meal. \n\nThe food: I love that they have the ability to vary the spicy-ness of the dishes, and then they also bring out several condiments that can make it even MORE spicy if you like it that way. I tasted my sister's curry, which she ordered spicy. I typically hate spicy food but I thought I should at least give it a whirl. I was pleasantly surprised actually! It had so much flavor and just enough bite for me. I ordered the pad thai with tofu, mild, and it was perfect. I still have some left over :). I also ordered some jasmine tea that was delish and my sister and our friend said the plum sake was a great addition to the meal. \n\nAmbiance: the restaurant itself is small, but they make good use of the space. The bar is situated in the back, and I enjoy the fact that their bar is understated so as to really focus the attention on the food. The restaurant has some cool decorations that give it flair, without going over the top with asian accessories. Tasteful. \n\nService: there was only one server on the floor, and behind the bar, but given that its a small space he handled it just fine. Quiet, but attentive. \n\nFor all three of us to eat and drink our total came to around $50, so it was definitely worth the money spent! We will absolutely be back!",,
1,Way too efficient if you ask me... Lines move slow and people are just plain old grumpy\n\nIts Vegas after all,,
4,"I have been coming here for about 10 years. My aunt had found it on one of her visits to us and said we would try it. Thank goodness we are breakfast ppl! There are 39 omelettes alone! Not to mention regular breakfast offerings such as fluffy waffles with a hint of almond flavor. They also offer lunch, burgers, sandwiches and soup. The Fried Zucchini is amazing, light batter around thick cut spears of squash. I ordered the Lobster Fest omelette, baby sized for .89 cents less, its 3/4 the size of the reg omelette avail on any omelette, this was stuffed with chunks of sweet luscious lobster and slices of buttery avocado. Accompanied by homestyle spuds and choice of warm pumpkin nut bread, toast, or when available, banana bread. I always say I'm going to try lunch, but inevitably end up with a scrumptious omelette.",,
1,"If your room at the Flamingo is near the right elevator, this place deserves two stars because it's convenient.  If your room is not near the elevators, steer clear!\n\nThis place closes at 11pm, but they ran out of pizza at 10:50pm so they turned away the rest of the customers in line and shut down early.  After much confusion regarding the ordering process and where the line was, I managed to get a single slice of meat lover's pizza for $4.59.  \n\nPizza was so-so.",,
2,For some reason I have a thing for old run down casino's at times.. a guess you can say a little switch up from the new school full luxury casino's... plus winning at a dump like the Las Vegas Club will be a story you never forget and least expect!  One diamond in the ruff lives in this casino and if thing's haven't changed it's 50 cent beer's on the casino floor... just an experience you have to say you tried.. drinking cheep beer and hitting a win or too on the slot's at the Las Vegas Club.. I'll give it 3 stars for it's trashy class and cheap beer.,,
4,"My old neighborhood bar. The wings are the BEST in the world (Wednesday Wing Night!). Great selection of taps, the burgers are great, friendliest waitstaff in town, nice outdoor seating, and a sick jukebox.\nAgreed, it does look a little dodgy outside, but it is quite a classy place.",,
1,Cramped small pet shop. Ghetto pet shop.,,
3,"This cute little place has the yummiest macarons I've ever had. The texture is so...right? I'm no macaron connoisseur but this place seems to do it right. They have soooo many flavors to choose from. You can get 6 for $9 and there's balsamic, pistachio, maple, creme brulee, chocolate etc. One bite and you are in heaven. Rich in flavor, sweet but not too sweet, filling just oozes in your mouth, while the outer shell has a softish nice crunch cookie taste. Macarons....are...the best. I have yet to try their other desserts like yogurt and ice cream. But I would definitely come back for their macarons. It's worth every penny.",,
2,"Food was great, experience . . . not so much.\n\nThe 1.5 hour quoted wait time ballooned to nearly 2.5 hours. We had the cornmeal crusted fried chicken app and it was fantastic. Unfortunately, the kitchen or server lost our ticket so that was another 30 minute wait for the re-fire.\n\nBurgers were perfectly prepared and seasoned. Truffle fries were good. \n\nWe had to wait another 15 minutes for the server to return with the credit card after paying. \n\nSo . . . service would be 1 star, food . . . 4. It's worth trying out for sure.",,
3,"Just based on beer selection I give it a 4, they have a good variety but man is it expensive!",,
2,"The sushi is great (I've never had the food off the menu) I particularly like the Harry Potter roll. They go crazy with the garlic which I like, definitely worth checking out, and they have all you can eat which is great if you can put it away.",,
4,Railfair again I can't remember how many times I have attended. It is always fun to see the trains and people again. Both of mt sons are coming with me they are 23 and 29. The boys like trains just like I do. I heard many improvements were made during the summer at the park. If you are going I suggest you get their early because the City of Scottsdale says they don't have a parking problem.,,
0,"What we had was beautiful, sigh, but all good things must come to an end eventually.  I used to enjoy all of your thoughtful gestures that showed me that you appreciated me, the customer.  You were so charming, constantly surprising me with your great prices, coupons, loyalty program, and amazing specials.  And I was so devoted, rarely setting foot in any other grocery store, constantly telling my friends all of your wonderful attributes. \n\nBut that all ended abruptly when the new management company took over.  No more weekly coupons, prices were marked up,  sale prices became a joke, and no more clearance aisle.   I know that you have a business to run, but why did you have to totally ruin a good thing?  It seems like management brainstormed ways to irritate and inconvenience all of their previously devoted customers.  Shopping here is no longer affordable or convenient.\n\nYour new management stinks.  I'm officially breaking up with you.",,
2,First time being there food was really great... service on the other hand was not so great... but I'm going to assume that it was because its a bigger place so they had to hire new serves so I'm going to let that go... couple of things... if you serve someone coffee you should ask if they need cream and or sugar. and serve with a spoon... other then the service being a Lil lousy id say its a great place... and they did have a bar...but i will return there later to see if anything has changed,,
0,This review is based on my experience last year. I came across this and saw all the good reviews and I felt compelled to write this. The food here is disgusting and so is the way it is prepared. Maybe this is an east coast thing but shrimps pass waste (you know a #2). When this happens your not supposed to leave all the poop on the shrimp. Every piece of shrimp served was served in its' own poop and hard as a ROCK. I have never had any seafood dish that was nearly as bad as the one I had here. Its also nasty not to clean out the shrimp. I honestly can't understand how anyone could possibly give this place more than 2 stars. What are you people thinking? BTW I was also served the worst tasting noodles I have ever ordered at ANY Asian establishment. How in earth do any of you give this place good reviews???,,
2,"this place is mostly hype.its not like flay is in the kitchen.the food was good,i ordered halibut and it was cooked beautifully.the presentation was pretty and so were the colorful sauce.but the food wasn't that good because it lacked flavor.",,
3,The food was delicious and cooked to perfection. Unfortunately it took a while to place our order and get our food. They were completely understaffed and while the girl was trying her hardest it was too much fit her to keep up with.,,
1,"Not a very good buffet but I think this place is better that the POS one at TI.  You can actually move around to get your food here and the plates are normal size.  I went about 2:30 but they didn't tell us they close at 3pm to start getting ready for dinner.  Choices were limited and they were very resistant to putting new food out, since they were going to be closed for an hour.  I thought it was strange they still had breakfast food out at 2:30 in the afternoon, but who I am to judge when people wake up.  I liked the mongolian grill part, but they don't add noodles to your dish, and they had no pork.  My friends said the mushrooms didn't taste like they had been washed and the sushi was so hard you could chip a tooth on it.  Dessert was odd, I think I may have grabbed a display cake because my fork would not penetrated it on any side.  I had to go back and asked for one in the cooler.  I would eat here again if I was in the area, but the South Point has better choices, however; it's only like 15 bucks.",,
3,"Great food, great prices for the all you can eat! Service is on the good side, but it was very busy & they try to please all customers. If your on strip, walking and not driving, then Samba's is the place to eat! It's kinda of the best of everything but of coarse you can find just a little better but you got to drive out. but for the strip, this is it! Ate here for the first time with my friends on my bachlor party night and then a few months later, I took my wife here to try and she love's it.",,
2,"We usually eat breakfast at Egg & I but deciding to try this place.What lured us in were the pic of the beignets which we found out are actually no longer on the menu! WTF!..Talk about false advertising. ..Then what breakfast place worth its weight in gold doesn't serve freshly squeezed orange juice..Especially after a long night of dancing and drinking. THIS is essential. ..\nSmall yet quait with indoor/outside seating and decent decor and ambiance but who really cares about that at breakfast. ..Good food, Freshly squeezed juice options and great service is how we judge our Breakfast  spots. Whats saves this joint is The Food...fresh ingredients and righteous spicing are key..\nSo if you're ok with decent service, no freshly squeezed oj but good food (without the beignets)\nDefinitely give this place a try, at least once..",,
4,"I absolutely LOVE this place! Postino is my favorite wine bar in the East Valley. \n\nThe best nights to go are Monday and Tuesday nights to take advantage of their $20 house bottle of wine and board of bruschetta deal. The deal starts at 8pm but be prepared to wait about an hour for a table...it's definitely worth the wait! My favorite summer wine is the Biutiful Brut Rose which pairs well with the Brie & Apples with fig bruschetta. \n\nThe atmosphere is so classy, the staff is knowledgeable about the wines and the patio is inviting! I will definitely be a regular here!",,
4,"WHOOOOOOOOOWEEEEEEEEEEEEEEEEEEEE!! that's some damned good fried chicken!\n\nhahaha!! Forreally for real though... Ugh.... *Insert Homer Simpson-esque gargling sound here!* \n\nMy cousin and I were spent the weekend being hermits and I got tired of it and offered her some LoLo's, never one to turn down a free meal, she happily said yes. We brought my mom along and were Lo-Lo's bound.\n\nWhen we got there I saw the lil tent and mini bar of doom. I've read the many reviews warning me about Lo-Lo's 40+ minute wait... but seeing no one standing in the way of the misting fan, we decided to trudge on in... and we were SO lucky to find more empty tables than filled. We sat down in the nice cool mustered colored room, lined with Framed pictures depitcing the Jazz Era... \n\nWe were quickly brought menus and we ordered a round of tea... I had the Half sweet & Half unsweetened tea... my cousin chose the sweetened tea and my mom the chose the unsweetened tea. When the HUGE mason jars hit the table they were excited! I held my own taste test and concluded that Yelpers are always right and that the half & half rules. \n\nOur waitress was nice enough to explain some of the dishes to us. We ordered and waited a lil while... not as long as I did the first time I went. While we waited and talked the rest of the tables around us quickly filled and we considered ourself fortunate to have arrived when we did. I told them of the warnings about going to Lo-Lo's after church on Sunday... Expect an hour long wait! They whistled and said that it couldn't be that good... \n\nand then the food arrived...\n\nIt was better than I remember it! i chose the Soul-food platter which comes with 3 pieces of fried chicken and your choice of two sides... I chose a waffle and smothered potatos and a large muffin type hunk of cornbread. My mom ordered the same thing but chose potato salad & yams as her sides. My cousin got a pair of drumsticks with a waffle. \n\nWe were all silent for a good five minutes. When we finally went up for air. My mom couldn't believe how good her yams were. She looked like she wanted to cry! lol... and she said the potato salad was great and that the chicken was EXACTLY what she wanted!!  My cousin was inlove with the chrunchy-type crispness salty sweetness of the chicken & Waffle combination. and I, I was about to DRINK my smothered potatos, which are nothing but simply boiled potatos swimming in this basil-thyme(?) flavored chicken gravy that was sent here from heaven!! IT was the BEST gravy I EVER EVER tasted!! I was happily taking a bite of chicken with a bite of waffle and then followed it with a nice perfect smothered chunk of potato... when... when... it was GONE!! ARGGHHH!! When are they going to invent never empty bowls?!?! huh?! WHEN?!\n\nThere was nothing but small micro bits of potato swimming in the most amazing grazy... and all I had was a fork... but there... was still some left... and not a spoon in sight, but I could pick up the lil mini bowl.... \n\n\""DON'T EVEN think about it!\"" My mom scolded me while reading my thoughts\n\nDANG! \n\nI reached a happy medium when I got smart and skewerd a nice piece of chicken and dunked it in the gravy and I was SO back in business!! :D whoo hoo!! It was heaven. pure heaven. \n\nI know very few things about heaven... I know O'odham Cumbia in Heaven... and I know Lo-Lo's gravy is poured from FOUNTAINS in heaven!! haha.... \n\nMeanwhile - back on Earth, we devoured our food. I honestly thought I was going to have tons leftover for my lunch the next day... my mom thought the same... no such luck for any of us! My mom was in extacy over her yams that she asked for their recipe... the waitress said she'd ask and quickly came back with: brown sugar, cinnamon & vanilla - boiled and NOT baked... and that's it. And PLEASE let me tell ya'll - she has NEVER ever done that with me before... this woman doesn't like ANYTHING/BODY... and that day, she fell in love with those yams! (Where's my calender?!)\n\nWe were laughing and talking about how good the lemonade is (oh yeah - when I needed a refil, I just asked for some lemonade instead of more tea, she did it no problem... she also did the same for my cousin who tried the red kool-aid) and how great the food was when I got a call from a good friend of mine. I told him where I was when he made fun of me and told me to clog my artaries... I made a face and asked him in a rather rude tone if he's ever been to Lo-Lo's, he said no. And then I told him... he'll never get how little I care about my artieries when I'm here until he tries it for himself! Only until you try it do you get how amazing it is...\n\nSo simple, so devine. So yummy, so Lo-Lo's.",,
1,"This was my second visit to this location. The first visit was lunch with my daughter, we were seated quickly, upstairs, service was excellent, food hot & delivered to the table quickly. We shared a bowl of Spaghetti Marinara and it was good. \nThe second dinner was with family visiting in town, we were offered the table in the kitchen which we jumped at since there was a wait. The service was excellent, once she finally got to the table. The food however, was horrible. Every sauce was bland, no flavor what-so-ever. It took a while to get salad & bread, which is surprising because of our table location...in the kitchen. Given the countless Italian options between our home in Goodyear and this location in Arrowhead, we will not be returning again.",,
0,My brother also posted about our Mother's Day experience. These must be franchises because the Scottsdale and Chandler locations are like eating at a different restaurant entirely. This is the second and last time we will frequent this location. The pizza and calzones were awful.,,
1,Food wasn't bad. But the waitress was a disaster. We ordered appetizers and the dinner special which included soup and salad. The appetizer arrived and a minute so did our entree. We asked about our soup and salad and the waitress said she would bring it right out. When we reminded her that the soup and salad should come after the entree she was at a complete loss about what to do. So we told her to forget about the soup and salad and take it off our bill. They reduced the bill for $3.48! The poor kid had no training and failed to follow up or apologize for the screw up. Other than that the good here is decent. Just make sure you get a seasoned wait person!,,
2,"Food presentation is good but the Ma-Po Tofu leans too heavily on salt. The Garlic Noodles were more subtle. The Spring Rolls were crisp and fresh from the fryer  Lunch prices seem reasonable. Portions  are reasonably sized rather than super-sized with lesser ingredients  Good place to take people who aren't too fussy about the authenticity of the food but want a step up from the swill that passes for Chinese food in most of Madison  Decor is very good and a definite plus. Service is fast, friendly, and efficient. There are gluten free and vegetarian options.",,
4,"This was a nice hotel and great location.  We stayed in tower 1 and thought it was just fine.  Only had a shower, no tub, but not bad though.  Quieter than others we've stayed at.  Loved the show!  We would definitely stay here again!",,
3,"Ultimate Variety Show was great!! Wally Eastwood was hilarious and the rest of the performers were amazing. The whole fam enjoyed this show, even though there was a moment or two where things got a little PG-13 lol. Definitely glad we were able to see this funny & very entertaining event. Oh yeah & if you get bored waiting in line there's a HUGE stripper statue at the Stripper Bar next door, so take some fun pictures ;)",,
0,"Waiting in ER for over 2 hours with a son that has a severe migraine.  Watching people being brought back to see a doctor who have just walked in. When we questioned why we have not been seen yet,  was advised that those people were sicker than my son. The people that were brought back looked perfectly fine, none were in pain or looked injured. My opinion is the type of insurance they have, depends on the type of care you get here. People are leaving before being seen because people who came after are being seen before them.  This is pathetic way of treating people. The only reason we are here is because my son's doctor told him to come if his headache got worse.   So just remember if you get sick and can't get into your doctor till the next day. DONT come here,  you have a better chance waiting for your doctor.  You could drop dead in the waiting room.",,
4,"Go to here.\n\nSeriously, I haven't had a bad bite at this place.  I was with a large (8-10 people) group, and everyone ordered something a little different and there was forks flying all over as people were trying everyone elses food.  And it was all amazing.\n\nBeware the Leche Balls.  Just beware.",,
4,"This store has the most beautiful kitchen items and is jam-packed with artisan goodies to make our home cooking easier. You immediately start thinking of how you can justify buying something. I'll make spring form-tarts every weekend! I can use these red placemats for at least 3 holidays! I need a better mixer to handle all the produce from our garden! \nAlso, I had no idea that they offer free cooking demonstrations and will teach you how to hold a knife properly or how to chop an onion? On this trip they were demonstrating pizza making 101 using their artisan dough mix, along with fresh toppings, in their pizza maker! They also have a fantastic mini pie maker that utilized some of their pie dough and filling and made mini pies in 7 minutes!! Sure they are highlighting their products, but they also tell you variations of use with your own homemade ingredients as well. \nThe staff was wonderful! Upbeat and friendly, it makes shopping here even more fun!",,
3,"We ate here twice and loved it both times. I normally seek out unique foodie experiences and avoid chain restaurants like the plague, so naturally I assumed when the family wanted to go that I would have to settle for it. Boy was I wrong...\n\nThe first visit we went for brunch (Sunday am, seated right away). Two of the kids got Belgian waffles with strawberries and whip, the other, the Italian Market Sandwich. The waffles were good, but the sandwich was amazing. My son generously offered each of us a small bite and agreed it was the best sandwich ever!  \""Thinly Sliced Prosciutto, Pepperoni and Salami, Topped with Fontina Cheese and Arugula on Rustic Bread with Sun-Dried Tomato-Basil Aioli\"". My husband and I both ordered the egg breakfast which was prepared well and included Niman Ranch bacon. The orange juice was fresh squeezed (really, not like other restaurants advertise), and the fresh fruit actually ripe and flavorful. We were very impressed with the quality of the food, but also the inventiveness of the menu- not your standard chain restaurant fare. Everyone was very happy all around. \n\nAfter much debate about where to go for dinner  (we were there to go to Dos Caminos or Bouchon), we all decided to go here again. We ordered: a BLT (yummy bacon and bread), the Max Burger (has short ribs on it), Sunday Night Pasta (daughter said it was the best past she has ever had), Chop Salad (the only average meal we ordered), and a Top Sirloin steak w/fries ( I had my heart set  on steak frites, but every restaurant in Vegas starts steak at $40 + $9 fries- ridiculous!) The steak was tender, flavorful, and well cooked. At $28 for the 8oz steak and $4.95 for the fries I was very pleased). \n\nAgain, a great experience all around. Bravo to Grand Lux for bringing quality dining at a reasonable price. The atmosphere is fine, and simply elegant (but really, does every restaurant have florescent lights now?), but a bit noisy. Compared to fancier places with big names and higher checks, this exceeded our other experiences.",,
2,"Add me to the chorus of people who do not understand the effusive praise this place receives from the majority of Yelp reviewers.\n\nI've been here twice. Both times, the food was solid, but nothing special. I tried the flautas the first time, and a combo plate with chile relleno, cheese enchilada, and beef taco on the second visit. They do give you a lot of food absolutely smothered in cheese, and the prices are moderate. (Doubtful you're getting out of here for under $10/person after tax and tip.) The margaritas are $1.75, but of course very small and full of ice...I wouldn't expect anything different at that price. The horchata is delicious and made with real milk.\n\nSo the food is okay, maybe slightly above average. The service seems to be hit-or-miss. The first time I went, I sat at the bar and the service was great and friendly. The second time, however, I brought my girlfriend and we sat at a table. The server couldn't have been much more rude - he was extremely short with us. He basically acted like we were wasting his time and was not friendly at all. The younger guys did come around and keep our chips and salsa well-stocked, but it couldn't make up for the attitude we got from the server in my mind. Maybe he was just having a bad day, but you shouldn't take that out on your customers in any circumstance.\n\nAverage food and hit-or-miss service makes Mi Patio a 3-star locale...I really can't imagine rating them any higher.",,
1,"Service was very good; food not so much. My 6 oz Parmesan Encrusted steak was grey in the middle and the cheese was not put on until just before it was served, so it wasn't the same temp and didn't seem to be part of the steak. Broccoli was good, potatoes average. Steak was disappointing and tough, hard to cut. I like their burgers but wanted to try something different...wish I hadn't. \n\nOur server was very good; the skillet chocolate chip cookie was also VERY good. Next time a burger.",,
3,"Although this is an \""All YOU CAN EAT\"" sushi joint, the fish quality is actually pretty good.  The head sushi chef knows what he is doing.  The selection is crazy for AYCE and it is definilty a place to eat some rolls and nigiri for a great price.\n\nI ate a sashimi plate that had some of the highest quality fresh fish I have had in Las Vegas.  A for the quality. \n\nThe service was OK- not the nicest people in the world and I'm always put off a bit when not so nice people work at sushi places.  C for the service\n\nThe worst part about this place is the music.  Some of the worst I've heard in a while.  \n\nOverall, this palce is a nice find in Chinatown.",,
4,"Out of control.  This place is equal parts style, quality and quantity.  The menu is bold, creative and absolutely delicious, offering stylized versions of classic dishes as well as new ideas.  The portion sizes are ridiculous -  if you are not starving or on a diet, you might consider sharing.  I got a blueberry, pecan pancake that was probably 14-15 inches in diameter.  I tried my my best to finish the rich an tasty - with it's huge mutant blueberries and candied pecans - flapjack, but alas, it could not be done.  The prices are also very reasonable for food of this quality and quantity. If anyone from HH is reading this, you should build locations in Orange County and Los Angeles.  You'd be one of the most popular joints in town!  Perfect score.",,
0,THIS PLACE SUCKS!!!  \n\nnuff said.,,
1,"I really really wanted to like Luminarias the Desert Botanical Gardens. I thought it was going to get me in the holiday spirit. Unfortunately, that didn't completely happen. What I imagined it was going to be like was definitely not what I encountered.  \n\nYou couldn't see any of the plants because they weren't lit up.  The luminarias only gave off enough light so that you could make out the outline of trees and plants.  Also, only like four or five trees had lights on them and none of the cacti or other plants had lights on them. The only lights were the luminarias that lined the pathways. Boo.  Also, there was live music...I was expecting holiday music. You know, \""Walking in a Winter Wonderland\"" and stuff like that. Oh no, that wasn't the case. Instead, there was \""Just the Way You Look Tonight\"". We looked at each other and wondered if we were at a wedding.\n\nOverall, it was definitely not worth the $25 admission fee for the Luminarias event. There was really nothing special about the event that made it seem worth that price. Plus, if you wanted any drinks (beer, wine, cider, etc), you had to pay for it at normal bar-type prices. For $25, I would have expected free hot chocolate and cookies at the bare minimum.",,
1,"I love Applebee's Food but this place disappoints me.. Lack of staff, slow service.. /sigh",,
1,"Here's my gripe... they send you all these coupons for drastic savings and make you think you are really getting a good deal. That's their business strategy.\n\nOK, lets talk men's briefs. I received a 30% off mailer that I planned to buy a four pack of men's briefs with till I saw the regular price marked at $34. That's $23.80... still more than I thought four men's briefs were worth. I then went to Walmart, got the same brand in a five pack for $13.50. \n\nI'm not saying there are not some good deals at Kohls but be careful. It looks like they are making up the for the good deals on other merchandise.",,
3,"So far, I have stopped by The Market LV twice.  The first time ever, and I had no idea this place even existed, was as part of the Yelp-shops-local event; and the second time I took my parents on a Sunday afternoon.  They were in town over the holidays and since they are also local business owners, they did really appreciate it.  \n\nThis place definitely has a nice vibe to it.  Both times we ended up buying an assortment of candies from the candy store.  The little restaurant/market place downstairs was closed the first time, but open on the Sunday.  My mom loved the little bridal store in there, since she is in the bridal business herself.  I must say that the bulldog store is just a little too weird for me, but I'm sure they have their own customers who love them.  \n\nThere were some empty stores that will hopefully fill up soon.  I will make sure to check out The Market LV next time I'm visiting Tivoli.",,
1,"When it came to the actual dr, she was very quick and seemed very distracted, but that alone would not cause me to give 2 stars. The 2 stars is for everything else in the office. When I walked in and was waiting in line, the girls at the front desk were gossiping about patients in the waiting room. They were also speaking about bad and unintelligent other girls in the office were. They didn't even stop when I was standing staring at them. TOTALLY UNPROFESSIONAL. \n\nThen about a month and a half later, I received a bill from the office. I called to explain to them that they had incorrect insurance information and tried to give them the correct. The billing girl, Jenna, stated that she did nothing wrong and had the correct information and that she refused to resubmit the claim with the correct information. I decided to call my self to make sure the claim was taken care of, and was told by my insurance that they did it incorrectly. If I were looking for a dermatologist, I would look else were. Not worth the headache.",,
3,"Okay, so this is really what I call a hole-in-the-wall.  We were in the area (at Revive Salon) and pretty hungry.  The only restaurants available were Chinese food and The Sandwich Shop.  Well, that was an easy choice.  Here, you can only order food to go.  There is a small waiting room and there are no tables.  Service was friendly and pretty quick.  I ordered a grilled chicken club sandwich that was very good ($5.55 + tax).  However, the bread was really not thick enough to support the sandwich as it should have.  Mind you,  I was pleased with the sandwich but it seemed they used the thinnest of thin bread to make it.  The sandwich included the grilled chicken breast with bacon, cheese, lettuce, tomato, and mayo although you can omit what you don't want.  I am sure I will visit again when I am in the area and my stomach is calling.  I will choose this restaurant over Chinese food any day of the week.  Although the place is not visually friendly, the food is good to eat.\n\n4 stars for the food and the menu variety\n4 stars for service\n3 stars for the restaurant overall",,
1,"Some really outstanding flavors and experimental cuisine here. The menu changes frequently so don't bother trying to look at the one on their site. That part is a bit frustrating.\n\nKeep in mind entrees for dinner run $25-35 but the appetizers are all in the $12-15 range. We tend to just order the apps and get a few of them. They are usually quite excellent and they do great things with veggies and creams.\n\nThe only downside for us is the unnecessarily pretentious Tattoos man that waits on everyone. Every question you ask him, you will be made to feel like an idiot. He truly thinks you should just shut up and order. I believe his name was Pavle.\n\nI'd probably give this place more stars but the entire table agreed we just weren't liking the main persons attitude so they can take our 2 stars and our $200 and suck it. Suck it hard. Maybe if they get rid of Mr Knowitall we will be back.",,
2,"Great location near airport.  VERY nice fitness center facilities.  Very friendly staff, and clean room and facilities.  \n\nThese negatives are not a huge deal, but... the room space seems small, the eco-friendly shower head has disappointing water pressure, no room service (but there is a nice cafe area and bar in the lobby), no iPod dock, and an air conditioning unit that is either freezing or sweating.  Overall, I'd stay here again if I needed to, but I'd be wishing for a few upgrades on these items.",,
2,"The prime rib here is excellent- would definitely go back just for that. I liked how the food was organized by \""Latin\"", \""Chinese\"", \""Raw\"", \""Italian\"", etc, made it very easy to decide where to go. The sushi however looked terrible, and was confirmed by my friend to not be good at all. I would have loved to see more options in the raw section and also in the \""noodles\"" section there weren't any noodles, just rice? All in all, I don't know if I would come screaming back to eat here but it wasn't an unpleasant experience either.",,
0,I paid 125.00 to get my hair dyed. Well I went to get a blow out today at another salon. She told me she thought I had dyed my hair myself because there were pieces in the back that were just plain missed. This really upsets me as 125.00 was a lot to pay and now I find out it was not even throughout? I will not be going back to this salon as I feel really ripped off.,,
0,"Go figure that this place would close. I've been to the original one and that one was a million times better than the one here in Dallas. The fries were mushy and gross, the burger didn't taste half as good, and the entire place was simply dirty looking. I couldn't even finish my burger and fries when I was there. I kept thinking over and over on how much the original one was so much fun from the moment I entered, to walking up the fry station, to leaving stuffed.\n\nOh well... I guess everything is worth the try.",,
3,"The people here are ridiculously nice. I came in here at night after dinner once with a group of friends and among the 6 of us probably tried 20+ samples. (We all got many many scoops of gelato to make up for it though!) \n\nIt isn't Italy but it is still delicious. You can never go wrong with the coffee flavor and I swear one of their flavors tasted exactly like Ferrero Rocher. Their fruity flavors were wonderful as well. I really dont think you can go wrong with anything unless you order anything coconut (blegh, but that's just me because I dont eat anything with coconut)",,
0,"$200 after a 50% off sale for a plastic pair of glasses without nosepieces! How times have changed. \n\nI'm not trendy or fashionable, so I really had no clue what I was looking for when I walked in this store. That all changed when I found out I only had 5 choices under $110 for the frames alone (buried on the last display case facing away from the door). Nonetheless, I have a fat face. Let's be honest - most days it looks like an overgrown apple growing from my body. Apparently, there are frame shapes meant for fat faces (i.e., rectangular). I spent a good 15 minutes looking at all of the glasses and, of course, did not get a rectangular frame -- primarily because in that entire 15 minutes, not one of the ten employees in the room offered assistance or guidance or anything. I was then told to \""have a seat\"" on an ungodly uncomfortable backless bench to be fitted by a worker. This wait was 30 minutes - and there was only 1 person in front of me. Not a happy girl here. The chick worker (very nice) was not clear about their offers, prices, lens benefits, or frame choices/differences. In fact, I felt like I was forcing her to give secret information when I asked about scratch resistance, UV ray blockage, and price, etc.\n\nIf you know what you're looking for and you memorize their website, this would be a fine store to shop, but you will not find a decent frame for under $170, and the 4 lenses on the website are apparently not available with all frames, because I only had 2 choices ($120 featherwates or $180 featherwates plus). Employees are not helpful, but there is a receipt book that they give you at the end of the purchase that tells you about  frame choices (i.e., after you buy your non-rectangular frames for your fat face, they tell you not to do that). You could ask for this up-front because there's nothing but posters of pretty people with pro-youth slogans all over the store.\n\nWould not do again.",,
2,Nice little spot near frys.  I've tried it twice for breakfast. Nothing that special but then again it's nice and safe for a meeting or work breakfast.\n\nLast time I went for a meeting and our server was fine but she did not seem like a happy person.  Usually business will strive if they have employees who enjoy being around people.  Also one of my colleagues asked for a diet coke mid meal... And then she asked 2 other random people after a while and then those people sent our server back over to ask if she can get us anything.  Why did they not just tell her to bring a damn diet coke????  So my friend is like A DIET COKE please.  If the servers could work as a team and help each other out for the good of the customer it would benefit the customer and business for sure.  I felt bad for our server because she has no help!,,
1,"The first location on D.I. was my husband and my favorite Mexican Restaurant.  We would drive down from the Mount Charleston/Centennial Hills area.  We tried this location once and really missed the atmosphere of the other location.  However, in March while on a 14-day Caribbean Princess Cruise we met two of our neighbors on the ship.  When speaking of Mexican food, they highly suggested a new place closer to home called Leticia's.  And we've been hooked ever since. GREAT home cooked food, friendly warm staff, great atmosphere in a quaint location.",,
3,"\""TO GO\"" REVIEW ONLY\nThe food here is superb & very authentic.  The Pad Thai (beef), Pad See Ew (beef), Yellow Curry, and House fried rice were all excellent, all solid 7.5/10 easily.  Coming from LA where there are lots of Thai restaurants, this place is easily top 5 Thai restaurants I've experienced.  \n\nUnfortunately the prices are little expensive at $10 a plate.    Also the server declined our 10% discount when we showed him our check in (he said it doesn't work for to-go orders).  I felt like he was too lazy to process our order.",,
4,"This lovely little desert shop looks amazing and is located in the awesome new Aria city center. There are so many deserts to choose from, but I decided to try the yogurt mixed with fresh strawberries to counter the 100+ degree Vegas heat. OMFG best yogurt with fresh strawberries! The cashier even recommended the flavor, calling it the best Amore Patisserie had to offer, and he was so right. I did try a few other chocolate flavors, which were good, but I agree the yogurt is the best. It is on the pricey side, compared to that of Golden Spoon or Yogurtland, BUT they serve you enough yogurt/gelato to satisfy three people.",,
4,"Squaw is the easier of the two tough Phoenix city hikes.  I say this because parking has always been easier for me (I park in the little lot just before the gate to the park) and because you never have to use your hands, so you can just carry a bottle of water without worrying about it getting in the way later.  That said, you need strong legs for this or else you will feel the pain and burn.  Lots of people enjoy running up or down, but I'd watch out if you have bad knees or ankles.  I have bad ankles, so I hike down swiftly, but avoid the run.  Just like Camelback, there are incredible views from the top which make the toil worth it.",,
4,"Schaffer's is a stock store so if you're a small size, prepare to spend all your money on the alterations. I was so incredibly lucky and found a discontinued Maggie Sottero gown (originally $1700) on sale for $99. Add more luck when it was a size 8 and fit my body very well. It's $185 to hem and $185 to bustle which they admit can be high compared to other tailors, but for the quality and price of my dress, I went with them for the tailoring. The entire staff is so professional, from the reception desk to the sales staff to the seamstress. Excellent work.",,
3,"Gyro Express is a pretty decent hole-in-the-wall lunch place. Its always packed, which is easy to accomplish with only a total of 5-6 tables. The style is very much fast food-like: its made very quickly, kind of greasy and it has a small menu of all the classic Greek favorites which get ordered, paid and picked up from the counter. \n\nNow I can't say that everything tastes super fresh and made to order like some of the Valley favorites (Haji Baba). However, I doubt that's what Gyro Express is all about. For what they try to be (a fast, tasty and affordable Greek place), Gyro Express really hits the spot. Their classic gyro is decently sized, the meat is delicious and the sauce (and added hot sauce) make it the perfect combo. Their Greek fries (aka french fries with feta, lime juice and some parsley) are freaking phenomenal. The food wait time is minimal and the food comes out exactly the same every single time, which is great when you need some quick and tasty lunch food you can depend on.\n\nGet extra napkins. You'll need it unless you want to end up with sauce everywhere.",,
2,"Yeah, it's a Starbucks, but the staff are great.  Always ready with a pre-dawn smile.",,
4,"This is a long overdue review of my wife and I (well, more my wife than I....) using this hospital to deliver our son in June 2013.  The whole experience from the initial tour, to the pregnancy/newborn classes, to registration, to labor, to delivery, to checkout, was top notch.  Every one of the hospital's staff we came in contact with was professional, friendly, courteous, and experienced.  I would recommend this hospital to anyone having a baby.\n\nI do, however, have 2 negative comments:\n\n1 - the room service food is not very good and is ridiculously expensive.  I would give the food like 2 yelp stars.\n\n2 - They seriously need to reconsider the accommodations given husbands (or anybody else staying with a person during labor/delivery).  I have never been more uncomfortable in my life.  The people here can save lives but can't figure out how to procure a comfortable sleeping apparatus (cot, roll-away, etc.) to put in the rooms.  It is all a blur now and all I can remember was a recliner and some other small chair that somehow turned into an awful \""bed\""\n\nNormally I would take away a star because of #1 and #2 above, but since I have a happy and healthy baby and wife I won't.",,
3,"Steve's signature restaurant SW steakhouse is located downstairs next to Daniel Baloud and the Parasol bar.  \n\nWe were seated outside next to the Lake of Dreams with a perfect view of the waterfall and the visual spectacular that Las Vegas is known for was before us.  Every 30 mins or so they do a show where you get either a frog or another type of visual and a song.  Very cool...\n\nI got the filet with bearnaise split the wedge with my hubby.\n\nThe wedge was topped with tons of blue cheese and a slab of bacon.  I kid you not, a thick slab of bacon.  \n\nIt was tasty, but the chewy bacon was just meh.\n\nThe real delight was the perfectly charred filet mignon.  It had a nice salt and pepper crust and was cooked to perfection.  Probably one of the best steaks I've ever had.  \n\nThe creamed spinach was nothing special, but the creamed corn was fresh, tender and seasoned with a touch of black truffles.  It was fantastic.  \n\nThe service was top notch and every one worked over time to make sure that my husband had a great birthday dinner.  \n\nThe one thing I cant get used to is people smoking.  There's nothing worse than trying to enjoy a good meal and someone blowing their cigarette smoke in your face.",,
0,"Only one star for their customer service.  Employees deal with customers because they have to, not because they want to. The enthusiasm is long gone. Multiple times I have walked all the way through  this store passing employees along the way that are talking with each other and not saying a single word to customers walking past. Last week I counted; and I walked past eight employees not with any customers, none of them made eye contact, none of them said hello. All of them looked like they didn't want to be there. Today an employee bent over to adjust the angle of the lid of a MacBook Pro as I strolled past. He moved it a quarter of an inch. Three other employees let me walk past without a word.\nPeople hate going to the Apple Store now. They hate dealing with the Genius Bar even more. You're reading this right now shaking your head in agreement.",,
2,"Came here for Valentine's day dinner and it was somewhat disappointing. Although we had made reservations for 4, the table we received was ridiculously cramped for a party of 4 and the worst part was there were plenty of tables in their other \""rooms\"" and we were crammed into one that was already packed. Hm.. okay, not exactly the best start to a Valentine's day / Anniversary dinner but I didn't want to spoil the mood so I didn't say anything. \n\nTwo glasses of Educated Guess later, the seating didn't seem so bad. The service was friendly and somewhat attentive for a busy night. \n\nAs for the food:\n\nHot seafood platter - comes with calamari, crab cakes, jumbo shrimp (all fried btw) - 3 stars. The crab cakes were good, everything else meh.\n\nDry aged new york strip steak - cooked medium, was okay nothing too memorable, slightly tough so maybe medium rare is a better choice but I don't like seeing too much red in my meats \n\nPorterhouse steak - good, much better than the dry aged ny strip in my opinion, cooked medium as well but was much more tender \n\nOverall, yes it's a little pricier but what in Vegas isn't, the quality didn't wow me but it wasn't bad either just A-OK. Would I be back in the future? Probably not unless I'm watching Zumanity again.",,
4,This is the best place I have ever taken my car.  The mechanics are so knowledgable and fair.  I will be a customer here anytime I have car troubles.,,
3,"Last night I was craving something to eat and since it was 9pm on a Monday not too many options to choose from, but I was excited to see that Tacos Jalisco was open so I headed down for some late night grub.  \n\nI ordered the Chile Rellano plate which is two Chile Rellano's and rice and beans.  The food was great but very tough to eat with plastic silverware.  Next time i get these I'll just order to go.  \n\nThey have Coca Cola in the bottle which to me is always a plus cause it is so much better than American Coca Cola.  So ya check this place out if you are in the area",,
4,I have been to this Taco Bell couple of times with my family. The staff is very friendly. Lot of veg verity is available for vegetarians.,,
1,"Everyone admits the pizza sucks and that pokey sticks are just a drunk food. I never understood the U of I fascination with this place. Can't remember, but I don't ever think it's cheap! Want a great after-the-bars fill up? Go to Mary Ann's, get a stack. So good.",,
3,"I really liked Toast! The service was excellent and despite having a pretty packed house they were able to accommodate us without any wait.\n\nI went with the lobster rolls which were delicious though light but I will say the cucumber salad lacked quite a bit. This salad was simply vinegar on cucumbers with dill...but the odd thing is it was served with a pickle spear on the side. Next time I'd choose a different side. \n\nMy dad had the coconut pancakes which didn't taste very coco-nutty but they were nice and fluffy and served in a heaping stack. My mom had a pretty killer breakfast sandwich that she loved, and my boyfriend ate his meal ( I can't recall what it was).\n\nThe sandwiches next to us looked fabulous, I will try the club next time. \n\nI'd definitely give Toast another shot, especially for lunch!",,
4,"Last on my agenda for Restaurant Week was Fu at the Hard Rock Hotel.  Lovely to look at outside the red footbridge that leads inside, I also found this restaurant to serve colorful and very tasty Cantonese food in a relaxed setting.  Diane and I were seated on a comfortable banquette and a Chinese-themed chair behind a black lacquered table.\n\nThis was our best bargain of RW, because for $30.13 the first course for each person included an Asian Tapas Sampler that consisted of a Steamed Shrimp Dumpling with Chili Aioli, Pan Fried Pork Potsticker, and a Spicy Wonton; the second course a choice of Wok Seared Salmon with Ginger Basil Sauce, Grilled BBQ Korean Short Ribs, or Honey Walnut Shrimp with Lemon Aioli; and the third course a Dessert Trio of Chocolate Ganache, Lemongrass Gelee with Coconut Tapioca, and Lychee Mochi Ice Cream.  None of the appetizers or desserts could be ordered in such combinations off the regular menu except to pay for each item separately.\n\nThe potsticker was excellent with Ginger Sauce.  I didn't find the wonton to be spicy at all.  And, I quickly gobbled up the delicious steamed dumpling.  Since I was very hungry and wanted to thoroughly check this place out, plus present a more comprehensive review, I also ordered a bowl of Spicy Chicken Hot & Sour Soup, which was nicely hot and spicy as billed, with morsels of chicken, bamboo shoots, Wood Ear Mushrooms, Green Onions, and Black and Glass Noodles--a fairly mild but still spicy, good-sized serving for one diner.\n\nLucky for me, Diane had a Hard Rock Hotel BOGO coupon for Fu from the night before when we had become introduced to Culinary Dropout, so besides two entrees of Honey Walnut Shrimp, we were also presented with our ordered choice of Kung Pao Chicken.  Diane got her Walnut Shrimp devegetablized but I enjoyed the cool cucumber slices that served to offset the warm and large battered shrimps.  The Lemon Aioli on this dish was subtle, the shrimps were succulent, and the candied walnuts were neatly covered with sesame seeds.  This entree was quite large in size.\n\nIndeed, there is no noticeable portion control in operation here.  The Kung Pao Chicken that was plunked before me on a platter was easily enough to serve two (even though I ate two entrees by myself).  But I'm a big boy with a big appetite!  LOL!  This was dead-ahead Cantonese Kung Pao Chicken just mildly spicy with slices of Red and Green Bell Pepper, mostly whole peanuts, and no visible Chili Peppers.  The spice emanated from the Brown Sauce in which the large tender hunks of chicken and other ingredients were bathed.  No filler like celery was present, and no fat clung to the top-tier chicken.\n\nIn the assemblage of desserts, the tapioca tasted lemony, and the mochi resembled the flavor of vanilla.  The Chocolate Ganache with chocolate rabbit ears on top, and cake underneath, was fabulous.  Even the smooth and hot Jasmine Mist Organic Tea was great!  And, refilled ceramic pots just kept on coming for the extensive duration of our dinner.  The meal lasted long because I was barely able to finish all of the fine Cantonese food laid out before me.  But eventually I did!\n\nThumping music added to the otherwise serene ambiance.  And, service was friendly and excellent, and so accommodating that when I asked for Sweet & Low, although I found out that it is not normally served in the restaurant (Splenda and Equal are), a server on his own initiative left the restaurant to get some from Room Service, and quickly returned with a large supply of pink packets.\n\nThis was a great way for us to bid goodbye to Restaurant Week just before we left for California.  And, we will surely be back for more of the wonderful Cantonese food so graciously served at Fu.",,
1,"We didn't stay here thankfully but even walking through it to get the the Hash House a Go Go was enough. The entrance is scaffolded with jackhammering and full of dust. The inside is old school with low ceilings and lots of cigarette smoke reekage. A sad state of affairs but a makeover should turn it around, since it has a great locale.",,
0,"Just bad. It is now 2:30, my appointment was at 12:15. To have people waiting this long is just rude and bad business. The only reason I come here is because I already paid for the eyecare club. After this one is up, I will be taking my business elsewhere.",,
2,I would do anything for the ribs at this place.  Falling-off-the-bone flavorful and tender goodness.  \n\nBest ribs I've EVER tasted.,,
3,"We go to this IHOP on occassion an it has always been fairly good.\nWe had an Anniversary Coupon, and Lupe was our server. She was nice and friendly.\nFood was good.\n\nPS, not very happy they don't seem to have the NY cheesecake pancakes anymore. Hubby was unhappy, Daughter was devastated...",,
1,Food was decent but the service was horrible. I had to ask for my drink multiple times before it even showed up. Seemed like they only had 1 server working the place. \n\nI will only come back if my friends drag me here.,,
4,"Excellent service, perfect steak have to have aged bone in prime rib...not to mention appetizers sheared pork and crab cakes melt in your mouth",,
3,"Love these unique popcorns. I have had the other location bookmarked for quite some time, and finally this past Vegas trip, I went to try this place for myself.\n\nBling Bling Cookies and Cream : For you cookies and cream ice lover. Flavor is the same with some added purple glitter. Pretty and good.\n\nS'Mores : One of my favorite. Bits and piece of graham crackers and marshmallow inside. \n\nPinkadelic : Probably the most creative in my opinion. I'm saving this for last.\n\nDirty Vegas : Can't decide which one and don't plan on buying the whole store? This one  is a combination of all their flavors. \n\nMarilyn : Simple yet so much better than regular popcorn. Hint of coconut. \n\nCaramel Almond : If you love the flavor of almond, this is the one to get. And I love caramel popcorn, so this was twice the plus for me. \n\nWe went on black Friday so they had a 4 small box for $10 special. Normally it's 3 for $10. You also have the option to nitrogen freeze the popcorn for an additional $3. It's great as a stocking stuffer or small gift for those acquaintances this holiday. \n\nThey got samples and if you love it, ask them for a stamp card. $ 10 = 1 stamp. Get 10 stamps and you'll get a free small popcorn.",,
4,"Worth the drive if you're not in the area! I've been 3 times and each time is better than the last. I partial to the lamb, but my husband loves their fish. We both love their desserts!! the ambiance is great and the host and staff are attentive. Delicious food and great atmosphere!",,
0,"I can't rate the food - the people at the counter were so rude to me that I decided to leave before ordering.  \n\nIs this part of the \""Essence\"" of this place?",,
4,"I can't say that I would fight for a parking space at many places, but Postino makes the list. Will I ever steal a parking spot? Not at all, but I will look long and hard for one here. The wait is worth it yelp friends. Postino does a great job luring customers in and keeping them. With their incredible happy hour, I wish I could sneak away to dine on a glass of wine before 4:00 PM on a weekday and for those who can, I salute you. \n\nEvery time I wine and dine at Postino, I leave full, happy and satisfied. The original Postino location will also be my favorite based on it's location, ambiance, character, service and quality products. The wine is obviously top knotch here at Postino. Bottles line the walls and the staff knows their selections inside and out. They offer bottle specials all the time and you can enjoy a bottle at a reasonable price practically every day of the week. \n\nTheir food competes with the quality of their wine. I long for their bruschetta. You chose four different flavors and for a reasonable price under $15. My favorite bruschettas are the prosciutto and fig, and tomato paste with cheese. The tomato mozzarella is also a classic. But, it really just depends on your taste buds because any bruschetta you choose will be excellent. Many times, I got for the half sandwich/salad combo. I like to order the Market which isn't on the menu. It comes with pesto, tomato and mozzerela. I make sure to add chicken. The Mediterranean is my go-to salad but I vary between all of their salads. You really just can't go wrong with anything on the menu here. And it tastes even better with wine. Doesn't everything?",,
0,"Pros: \nrelatively clean in the gym area on weekdays (kudos to the cleaning staff), the early morning hours are not crowded at all, and there are some very good spin instructors...\n\nCons: \nEverything else. \n\nFor example...\n- two of the four Stairmasters have been broken for more than 6 weeks, another has been down for two weeks (many members, including me, have reported this weekly).  Last Friday I asked the front desk folks if they'd been fixed yet and was told that the repairman was there yesterday and they should be fine.  Nope... Still broken.  \nA week later (today), still broken.\n\n- members commonly fail to re-rack their weights and equipment, even in the early hours, and the staff does NOTHING about it (it should be noted that the personal trainers seem very conscientious about putting things back when they and their clients have finished).\n\n- the sales staff, or rather, the over-abundantly sale-oriented culture of the facility.  \nOne year ago, my friend moved to town and was looking for a gym to join; I spoke with M--e (sales) and asked if there were any membership promotions going on, coming up, or if there was any benefit in making a referral for a new member.\nIn short, I was told no, no, and no.  \nMy friend came in the next day, asked if she could try out the gym for a day, but was told it would cost $15 for a one-day pass (I'm not exaggerating... members already know that the club hands out guest passes like candy and there are little yellow guest passes stacked all over the front desk every day).  \nMy friend got a standard membership nonetheless and had to pay an initiation fee.  The very next day, posters were up all over the club about the Thanksgiving membership event -- NO INITIATION FEE!   \n(Message to my friend and new member: Welcome to LA Fitness, now F***-off).\n\n- bathrooms.  It seems to be quite difficult to keep the soap dispensers filled with soap at LA-F.  Worse, they're not cleaned before opening on weekend mornings... they're in the same shape they were in when closing the night before.\n\nIt seems that the problem isn't simply this club (others speak of the same issues at other LA-F locations), it's the corporate culture of the company itself.\n\nAnd so, despite having to drive a little further to get to a locally owned gym, I'll allow my membership to LA-F end this month.",,
3,This show is the complete opposite of everything the Venetian and Palazzo market themselves to be. It's a contradiction I'm grateful for but still very confused on.\n\nThe show is fantastic! It's a guaranteed great time. If you love the 80's be prepared to sing your heart out to the great classic rock that made that era!!!!\n\nThe cast members were amazing and did a superb job on the story delivery. The stage was built to near perfection. \n\nI haven't seen the movie but the show was a definite winner!!!,,
0,"I tried to order a dress with this store but never again. The sales lady, Kathy, was extremely rude and difficult with the entire process. I ended up canceling the stupid thing (hope they're commission based) and going to Dior. I will NEVER go through this store again. RIDICULOUS.",,
1,"This is my first to visit this place, though I've passed it several times. My friend and I just finished having days from HELL  at work and we needed some vino to soothe our frayed nerves. I suggested going here to give it a try and also for a change of scenery. Upon walking in, we were greeted warmly. We sat ourselves on two really squishy couches (not comfy). Well, we got our wine order and were left to chat. First thing I noticed, the music. I began to contemplate whether or not  \""It takes two\"" by Robb Base was a good music selection while trying to unwind and chill with a glass of sauvignon blanc..hmm I'm still thinking no. Second thing I noticed was that the really young servers and bartenders were talking about deep issues of the world, but it was the explicative shouted out by the bartender who was making a very serious point, that caught our attention. I believe my friend said \""Classsssy!\"" in response. So I guess that if you want to chill and have a mellow chat, My Wine Cellar is maybe not the place for it. Maybe it was an off day I don't know. On to the wine prices. I've never seen a wine bar that had all one price for all the wines on their list. It's silly. Really. And the happy hour prices aren't that wonderful. The glasses are 10 dollars, but at happy hour they're 8. Not that big of a price break considering 8 bucks is usually a regular priced glass of wine elsewhere. Just an observation. Food... not spectacular. We sent back the hummus platter we ordered because the bread was COLD, I mean out of the fridge, slap it on the plate cold. The hummus was just not tasty at all. And I LOVE hummus. We then got the bruscetta platter, we ordered the basil, tomato,mozzarella, and the sun dried tomato with goat cheese. Both were very tasty. Then we moved on to the chicken sticks with lemon grass. Not my favorite. YES you CAN have too much lemongrass. I don't know if we'll go back to visit My Wine Cellar. I doubt it. At least we gave it the good college try.",,
2,I had really high hopes for this place. The menu looked very good. However I must admit charging for chips and salsa is such a no-no. I have never been to a Mexican restaurant that charges for chips and salsa!!! This would be the first of many complaints for the meal. Bryan ordered a beer I ordered my standard water. For our app we ordered pazole to share and they were out on it so we went with the xochitl soup. It was ok. Nothing spectacular. Then we waited for food and drinks. I asked if they had horchata and they do!! It was ok. It had a weird aftertaste though.  I ordered the Chiles Tehuacan which was sweeter then I thought it was going to be but not to bad. The rice was a bit Under cooked as well.  Bryan got fajitas and he liked the fresh tortillas. The staff here just seamed like they had no idea what they were doing. It took forever for drinks and food and for empty plates to be taken away. It was just bad. For dessert we had fried ice cream which was actually the stand out for me. It was perfect. Also the prices were really high. When it was time to pay the check our waiter charged Bryans card to someone else's bill. We noticed it and he fixes it but service just seamed a mess. Alas I was let down. I won't be returning. The prices are to high the service was unorganized and the food was just average.,,
3,"I would give this place a 4.5.  The only drawback is that it can get crowded since it's one of the few Korean restaurants in Pittsburgh.  This restaurant isn't known for it's decor, but the food is great!  \n\nFOOD:  We always get the ja-jang myun which is very flavorful.  We also got the hot braised chicken, which is fried (not too greasy) and spicy enough to taste the flavor of the chicken.  We also got the seafood fried rice, which I like better than the Chinese version.  Overall, the food is great and the price is reasonable.\n\nTIP:  Parking is hard to find, so good luck in finding street parking!",,
1,"The Restaurant is interesting calling itself a California Style Wine Bistro.  Our Server was excellent in attention, speed and knowledge of the food, etc.  \n\nI ordered the Fisherman's Wharf Chowder (without the bread bowl) and received a large bowl of chowder that was very filling but had too much salt flavor.  I also had the Local Corned Beef Reuben Sandwich that seemed to be made of sliced roast beef and not corned beef, far from tasty to me.  I chose French Fries over the side of fresh fruit, which was a mistake.  They were seasoned but tasted like Salty fries only.  Another diner had the French Onion Soup which was reported as very good.\n\nAn interesting fact is that the restaurant does not have salt and pepper shakers on the tables.  Based on the taste of the food I had I'd say the chef does diners a great favor, since so many people add salt before tasting their dish.  The chef does not spare salt from what I could tell.\n\nThere were 20 of us dining here for lunch and most reported dissatisfaction with the food.  A typical comment was \""I've had better...\""",,
1,"Stale donut holes 14 for 2.49.  This Winchells is connected to a Subway. Got the breakfast $3.00 combo and they wouldn't even let me upgrade to a bottled water which I am most accustomed to back in California.  Really you couldn't charge me the extra .25 like other Subways, I'm willing to pay.  I figured since these two stores are connected there by the same ownership.  I give you 2 stars because I got my sandwich and donuts in one place but allow for upgrade please. It's ok if you don't I'm sure I won't be back.",,
4,"A few years ago, I made the decision to leave the school I had worked at for three years. I was a bit sad, but mostly I was sad that I would no longer get to go to the \""Bagel Shop\"" as many of us call it, every day. I loved the food here and went there maybe a bit too much but, hey when you find a place you love, you keep going. The staff is nice especially Mark and they treat everyone like a regular. I sometimes still make the 40+ minute drive to just go here.",,
4,"Ok, so lets update our review.......still the best Mexican Food in town.  If you love wings.....mild, medium or hot....they ROCK!  \nConsistant customer service and great place to meet up with friends.",,
0,"First of all i would never ever  travel with grey hound never again because the buses are never clean! There always trash on the bus its disgusting. I was on my to Perris CA to visit my dad, taking the bus on the way there was horrible the  diver was a jerk . Then on the way back to Phoenix AZ very bad experience so i pay for my daughter ticket for her own seat because she 6 years old this bus was pack some people had all there seats the diver did not said nothing but this one guy move his stuff out the way but it was only one seat so my daughter had to sit on my lap i was very mad i did not pay for my child to sit on my lap now we are all most there to Az thats when the bus diver finally did something there was a heelchiar on the bus diver he tough he can pull out some seat justva little bit ugh it was a very tight squeeze never never again then what make things worse their customers service is really ridiculous i told them i want my money back they told me they can only give me two options you can credit to your next trip or $25 cash back hell no like i said never again",,
3,"BF went here years ago, and ever since we moved back, he's mentioned it every time we go out for Thai. We finally made it in this evening for dinner.\n\nThough it's located in a strip mall, the interior d\u00e9cor is quite nice, and the service was on point throughout our visit: attentive, polite, and professional. I was impressed before we even got to the food.\n\nStarted with the Fishcakes app- $8. Good portion for the price, cakes weren't too greasy and seemed meatier than others we've had. Herbs and seasonings were mixed into the patties, making them quite flavorful. The cucumber salad was also fresh and flavorful, perfectly complement to the cakes.\nShared the hotpot of tom kha kai soup- $12. Large hot pot serving is good for us, since we love this soup. First impression of the dish was that it was incredibly well balanced. The broth was super flavorful, and there was a good amount of chicken, mushrooms, onions, and cilantro in the soup itself.\nLastly, we split the duck curry entr\u00e9e- $14. As my BF put it, \""This is possibly the best curry I've ever had.\"" The duck was perfectly cooked, the curry sauce was amazing, and the pineapple and peppers worked well to bring the dish together. Portion was a good size, and came with a small side of white rice. The only change I might make to this dish would possibly be to add more veggies to it.\n\nAll in all, dinner with tip was just over $40 for two on a Friday night. Service was impeccable, food was flavorful and well balanced, and this is definitely a place I'd go back to- Vegas has a lot of good Thai restaurants, but this one has all of the elements to make it stand out as great.",,
3,"Winning combination in traditional with peperoni, mushrooms and basil after cook. Then gently sprinkle some garlic powder and prepared to be satisfied. \n\nAs a child I could hardly eat two slices of pizza (weird kid, I know) and now I think about how Grimaldi's has changed me. Large...bring it on!\n\nI particularly like this location because of the great service. There is nothing worse than seeing a useless manager or supervisor when your crew is busy and this store is anything but that. I commend the managers here for being so engaged and ensuring the customers are having a good experience. Anh, one of the managers, is particularly the one I see when I come. He's diligent to customers' needs and mindful of his team. Will be back!",,
1,"In my previous review, I made the argument for Charcos in how they avoided the dreaded \""drama plate\"". I ordered something interesting and it managed to taste great without any sort of micro-management.\n\nAlas, I must step down a few paces from my previous praise, because the drama has creeped back in. What used to be gourmet chicken on a budget is now a roll of the dice.\n\nThe confidence from my first visit seems gone. Employees seem confused; not sure whether to charge up front or when the food is done. Or what goes on a particular sandwich. The wait time has doubled. The \""wraps\"" sometimes use burger buns instead of pitas. The fries sometimes come without that seasoning that worked so well. It's like a roll of the dice with your twenty dollar bill on the line.\n\nWhere is that Charcos we were first enthralled with? I hope it comes back soon, because I'm not sure it's worth being burned a third or fourth time by something on the production line.",,
3,"Just delivered my sweet bundle of joy here!  Overall, a very good experience.  A few glitches here and there...but pretty great experience in general.  \n\nI felt well taken care of at all times.  I thought the nurses, lactation consultant, kitchen staff, cleaning crew, and so on were all very nice and helpful.\n\nOne major problem....hubby went home and loaded up on snacks for us to have during our 5 day stay.  He brought apples, carrot sticks, cheese, pineapple, a couple of tupperwares of leftovers and so on.  He labeled it as instructed with our name and room number and put it in the pantry.  When we went to get it, someone threw it all away!  They threw away all or our tupperwares and everything!  What the heck?!?!? how rude!!!\n\nThe hospital is very quiet, stress free, and offers all the amenities you could ask for.  I would recommend it for a delivery for sure.",,
2,"Solid restaurant. A gringo wonderland. I have lost my license and needed a dinner spot close enough to my hotel that I wouldn't run the risk of getting pulled over (i'm a hysterical driver...watch out Phoenix) and Ajo Al's reviews were pretty decent so I headed down to get some fish tacos. \n\nI was scared about anything saying \""Del Mar\"" after my Frank & Lupe's experience but though the Hawaiian Ono in the Tacos del mar ($11.95) was previously frozen, it was an enjoyable experience. I've never had Ono and to me the texture was like that of swordfish, which is just fine for a tiny soft taco. It was a little chewy, but again that's because it's frozen. The beans and rice were okay, and there was some sauce for the tacos that was okay too...not exciting enough for me to remember what the sauce was though, or what it tasted like. \n\nWhen seated you will be presented with the world's largest basket of ultra thin tortilla chips you've ever seen, whether you are one person or 6. They were a little greasier than i prefer BUT they were warm and that makes them yummier. \n\nI don't think I would go back here but I don't regret trying it. It was a good meal and the servers are very friendly and welcoming.",,
3,"Relaxation cove - I came here for a Swedish massage to loosen the knots in my neck and shoulder area. I called just a few days in advance and was able to get in with no problem. I paid for the service before entering the spa out at the customer service desk. There is no shared co-ed space so I went to the women's facility and hubby went to the men's facility. \n\nUpon entering I was given a robe and some comfy sandals. The lockers are long and have enough space to hold all my stuff. I was offered tea, coffee or water. There's a comfortable seating area with couches and plenty of magazines to flip through. I was snacking on a banana and some trail mix. \n\nThe room where I got the massage was very cozy. I melted unto the table and the massage was a full body one - the knots in my neck, tightness in my lower back, and tension in my shoulders were gone. The pressure was good and I almost fell asleep it was so soothing. After the massage I soaked in the heated whirlpool for 30 minutes and the temperature wasn't too hot. I sat there with a cup of cucumber water to sip on. The shower area was nice - large and had full use of the Aveda shampoo and body wash. \n\nThe vanity area had everything you would need - hair dryer, combs, flat iron, etc. The common areas were kept very clean. The only thing was that they ran out of towels at the whirlpool area. Would come back if it was part of the spaweek deal.",,
0,TWO WORDS - inconsistent & indifferent,,
4,"This place is amazing and the staff are too. I highly recommend them! The store has all types of running equipment. From gait analysis to shoe suggestions, this is the place to go.",,
3,"Portions, portions, portions!\n\nCome with a empty stomach because you're going to need it! Everything about this place is big portioned. \n\nTheir speciality is in breakfasty type meals served in big skillets - hence the Hash House nomenclature.\n\nService has always been excellent. I've tried something completely different each time I've gone, and never been disappointed. (or needing to eat again for 24 hours it seems)\n\nA must go!",,
1,"Heute mal den neuen M\u00f6max in Hagsfeld angesehen und nach einer Lampe und einem Beistelltisch gesucht. Der Laden ist nicht sonderlich gro\u00df f\u00fcr ein Einrichtungshaus, aber man findet f\u00fcr alle Bereiche etwas. \nDas bleibende Gef\u00fchl nach meinem ersten Besuch ist allerdings eher negativ. Zum einen h\u00e4tte ich mir bei einer Er\u00f6ffnung ein wenig mehr Party erhofft und h\u00e4tte gerne eine Wurst gegessen und ein Bier getrunken, zum anderen fand ich mich als Familie nicht willkommen. \nDie Gr\u00fcnde hierf\u00fcr sind folgende:\n- es gibt keine Wagen f\u00fcr Babyschalen oder f\u00fcr Kleinkinder. Man muss also die Babyschale in einen gro\u00dfen Wagen stellen. Damit ist der Wagen dann aber auch voll und man kann nicht mehr einkaufen. Zwei Wagen zu nutzen geht alleine nicht. \n- Auf Grund der Tatsache, dass alle Eltern extra Wagen f\u00fcr die Kinder nutzen und mit diesen im 1.OG rumfahren sind die schmalen G\u00e4nge voll und es gibt kein Durchkommen. Die Gangbreite an sich ist schon nicht komfortabel in meinen Augen.\n- Um mit dem Wagen in das 1.OG zu kommen muss man den Lift benutzen. Hiervon gibt es in dem ganzen Einrichtungshaus exakt einen (!). Man wartet demnach mit seinem Kind in der Reihe und versucht sich nicht von dem Gequengel der anderen anstecken zu lassen. Irgendwie DDR Feeling \nAu\u00dferdem war ich von der Weihnachtsdeko und Baumschmuck entt\u00e4uscht. \nZuletzt w\u00e4re dann auch noch die Freundlichkeit des Sicherheitsdienstes zu bem\u00e4ngeln  dieser tr\u00e4gt auch nicht zum zweiten Besuchsversuch bei. \nAlles in allem eine Entt\u00e4uschung f\u00fcr mich, da einfach zu anstrengend. Dann doch lieber die 30km zu IKEA, da habe ich auch ein wenig mehr Vertrauen in Schadstoffpr\u00fcfung und Haltbarkeit, hierzu habe ich leider auch keine Informationen vom Service erhalten (\u00d6kotest wird(s) richten). Echt seltsam, dass der Service auf Fragen zu Schadstoffen bei Babym\u00f6beln nicht vorbereitet ist. \nEs handelt sich hier um meine eigene, pers\u00f6nliche Meinung.",,
1,"An interesting experience to say the least. Went there with a buddy from out of town and we couldn't stop chuckling at the service. Now, it more or less entertained us while waiting for the food to arrive so fine by me. Chips were good not great. Once the food did arrive, my friends beans weren't the least bit warm, other than that, enchiladas  were up-to-par.  I'll go back when I want to be semi-entertained.",,
3,"A very special place with great coffee, fabulous baked goodies and an ambiance that is second to none.",,
4,"We were out walking in the area and decided it was time for dinner. There weren't a lot of options in the area so we found this place on yelp and gave it a try. \n\nI'm glad we did!\n\nWe \""Checked-in\"" here to get the drink special which was a good deal! But I was not expecting the food to be so good. The menu is regular bar food but they excecute it really well. I had a med-rare burger with cottage cheese as a side (by the way I'm happy they had more options than just fries :-)) they sprinkled it with a bit of paprika and it was a very nice touch. I would have taken a picture but it was gone before I found my camera.\n\nThe atmosphere was very much like a rough and tumble bar. A lot of the partons seemed to know the bartender pretty well. She was really nice and chatty with everyone. she also offered to move us when the folks behind us got a bit rowdy but really, you don't go to a bar and expect peace and quiet :-P so we didn't mind at all.",,
2,"I give this place a solid 3 stars. \nTheir food here isn't, the absolute BEST, but their desserts are AHHHMAAAAAZINGGGG. \nThis place used to be my favorite buffet because of my sweet tooth. ;) They have donuts, cotton candy, chocolate covered strawberries, which I might, say are DELICIOUS. They also have a decent selection of ice cream and a whole bunch of other delectable goodies to choose from! They also have a pasta station which isn't too bad either. Another really good thing about this place is that their salad is really good. The service isn't too bad from what I can remember. XD",,
4,This place was sooooo good! The food was delish and fresh. Ther service is super friendly too! We are thrilled to finally have an awesome Mongolian Grill in Vegas!,,
1,"For the love of pete and moss don't waste your time standing around waiting for this burlesque type show. My husband said he and my son had watched it and wanted to take my dad over to see it. We got down there early to get up front, stood around talking, and had been there about 30 minutes and it was five minutes before show time and suddenly looking around you realize you are packed in like sardines with tons of people. \n\nThey announce they may cancel the show due to high winds. But, no, they go about five minutes late. It is not even cheesy, it is just plain stupid. The girls are pretty the guys are nice looking, it is just really a sad attempt at something, I am not sure what, raunchy rumor? That doesn't bug me, I can roll with the best and some of it was funny, but it was hard to get past because for some reason, it was just so stupid in general. It is harsh, but if it saves you from running all the way down there, it is worth it. I would have never went back if I had saw it once. \n\nMy dad liked it though, of course, girls barely dressed dancing on a stage with some special effects thrown in. That is why I threw an extra star at it, because some people do enjoy whatever that was.",,
1,"Margaritas are served quickly and are pretty tasty. I thought the service at the bar was pretty decent too. However, the food...not so good. I got the chicken enchiladas and the chicken was rubbery. I would stop by again but would only indulge in the margaritas and grab lunch somewhere else.",,
4,The owners were incredibly nice and so was the rest of the staff. They took the time to walk me through all the steps and even let me taste the sauces before I picked one so I knew I made the right choice. I went with the 50/50 regular and spicy sauce. I put all the cheeses on it and all the meats. I added a few veggies and called it a day. For 9 dollars I was pretty darn happy with it. I thought the ingredients were fresh and delicious. I thought the cheeses packed quite a bit of punch and the dough was nice and chewy. I went to Grimaldis yesterday so I was hoping for a bit more bite out of the crunch towards the center but regardless I was still very impressed by it all. I really love the service here and that's what makes it a 5 star review. I can't wait for them to expand into the rest of Vegas. They are looking at a spot over off Eastern near Richmar so that's right by me. Definitely worth the drive though. Owners couldn't have been more hospitable.,,
2,"Just about the cheapest hotel you can get to on the Strip.  It's not horrible,  and you pay for what you get.  The food options within the hotel, however, are terrible.  Choose here if you really don't care about your accommodations, and plan on spending very little time in your room.  Also, if you can get it for under $99/night through a special, that's probably your best bet.",,
1,"For the price we paid and what we got? 2.5 stars the most. \n\nWe chose Royal British Hotel for its location - right across from the train station that we were arriving in the late afternoon via train and didn't wanted to walk far dragging our luggage behind. We needed to stay just one night as we had reservation with other hotel from the next night. \n\nOur room was on the 4th floor. Got into an elevator and it only went to the 3rd floor. Then there was really small awkward stairs leading up to the 4th floor. It was like the 4th floor was just an add on to the hotel.... Our room was an attic. Very tightly designed room with 2 shades that were half broken and a view from the window was roof top of our hotel and there were old furniture and trash shoved on the corner and cigarette butts. Great...\n\nThank goodness we had a better hotel booked from the next day but if I had to stay here for a week, I'd be checking out after 2 nights the most. Maybe it is a good hotel to stay for a short time for its convenient location, but there are tons other hotels that makes you feel like you are in Edinburgh not your grandma's old attic, so go look for those ones.",,
2,"Sorry but very disappointed about this buffet , it's the freaking Bellagio ! \nCons:\n- No visual appeal , sorry but you eat with your eyes first and this buffet look nothing spectacular . No cute presentation, regular dishes used for dessert, old school ice cream machine . The last buffet we did was The Wicked Spoon and we loved the presentation . \n- NO OYSTERS!!!!! Seriously at $43 , you would think they had a bigger seafood selection\n- Side dishes was like at a Hometown Buffet\n- Desserts nothing special, no macaroons, no gelato \n- The sushis selection was also very limited\n\nPros:\n- We had good service, plates were always removed pretty fast.\n- They do offer  3 kind of caviars, I love ikura, they also had steak tartare and very yummi ahi poke and salmon poke .",,
2,Last night my husband and I went here for date night. I don't like this one is much is the one in Peoria but we were able to get right in to a Teppanyaki table which was a nice surprise. \n\nI ordered the steak chicken and shrimp and my husband ordered The fillet and chicken. Everything was as you would expect for a Teppanyaki grill except that I never got the chicken that I ordered. I find that weird at a fairly expensive restaurant. Towards the end of the meal when the waitress came over I just discreetly told her I didn't get the chicken and they took it off the bill.\n\nSo overall it was a nice meal but I prefer Sapporo in Scottsdale for Teppanyaki.,,
2,Cool back in the day.\nDay has become tomorrow.\nTime for an upgrade.,,
0,"I wish I had read the reviews ahead of time about being upsold insurance you didn't want, because that's exactly what happened to us.  I complained when we returned the car and of course, they refused to take it off.  In 30 years of renting cars, I have always DECLINED the insurance, and that's exactly what I thought I had done on Monday, Jan. 2, 2012, but Dollar is apparently making too much money on the insurance to hear you when you say, \""Decline.\""  I will NEVER do business with them again.",,
0,We live in Baxter and normally drive to Audrey Kell to get our Sunday bagels.  We were happy to see that Big Apple opened close to us.  My husband ordered take out - an everything bagel for me and a salt bagel for him.  Got home and mine was very doughy and undercooked. I could let that slide; maybe there's someone new in the kitchen. His?  They used TABLE SALT! His entire bagel was encrusted with TABLE SALT. Have the owners ever eaten a bagel besides the dough sent to them to start their franchise?  Both went into the garbage and we won't be back. I'll stick to the mom and pop real bagel places in S Charlotte.,,
1,"This was my first time here. I was looking for a french dip sandwich and this was one of the few places in Gilbert that had one on the menu. When i entered i was not greeted, i made my way back to the patio area and still was not greeted. I had to find a waiter to ask if it was open seating. I sat in the patio area which was filthy, the patio really needs to be power washed because its gross. I ordered the french dip and fries. When it arrived it was plated ok and was of decent size. However the flavor was bland and so was the au jus. The steak fries had an odd after taste like the frier oil needed to be changed. I was never asked once how my meal was which is sad. The waitress was tentative however in refreshing my beverage. you figure for a 14 dollar tab for a sandwich and a drink you would get better quality. If your looking for a good sandwich go else where. Too expensive for what you get. I really dont mind paying 15 for a sandwich if its really good. Basically it was a very expensive Arbys. Wont be back.",,
0,My wife and her family went there for lunch.  Found a bug crawling out of  one of their salads!  Never going back to this place and telling everyone I know to avoid it.,,
1,"This place used to be good, but that was years ago.\n\nToday it's very dirty with food that just doesn't cut it.\n\nThe salsa is still good so that gave it a star.",,
4,"This is one of my favorite places to eat in the valley! Delicious food, comfortable atmosphere and late hours (serve food until midnight except for Sundays) is the reason my girlfriend and I frequent Cornish Pasty Co. The different kinds of pasties they offer are VERY diverse (anything from exotic flavors like the \""red curry chicken\"" and \""lamb and mint\"" to traditional flavors like \""italian\"" and \""reuben\""). Of the 38+ flavors they offer, I have probably tried about 10 of them and haven't found one I didn't LOVE! I live 40 miles away form this location but never do I mind the drive, it's always worth it! I recommend the Carne Adovada and the Hibiscus tea is my favorite!",,
3,"Le Petit Moulinsart is a little place located in Vieux Montreal along Rue St Paul. In truth, we probably wouldn't have stopped here except we were looking for a late dinner spot and this was one of the few places that looked promising. The name is derived from a Belgian comic strip, which features a chateau called Moulinsart. As you might guess, the restaurant specializes in Belgian fare, though me and my companions really couldn't discern Belgian food from French food if our lives depended on it.\n\nLPM is really known for their mussels, which are served steamed in a large variety of different broths. We tried 4 different mussel dishes and all were good, but two were excellent. However, because there are so many different flavors, I would recommend just trying anything that sounds good to you. If the flavors sound appealing, you will probably like the mussels.\n\nThey cook enough mussels here that they definitely know what they are doing.  All of the mussels came out plump, tender, and juicy. Complimentary baguettes can be used to sop up the broth. Round off the meal with a nice salad, and you have healthy, delicious meal.\n\nIn my opinion, this place serves the second best mussels I ever had. The top prize still goes to Bertha's in Fells Point, Baltimore.",,
1,"Awful, yes I said it Awful.  I mean this is Vegas and I wanted to go out to clubs at least one or two nights but getting here at 11PM  was the worst crowd I have ever seen anywhere.  Only thing cool was seeing the old school pictures on the wall of the real STUDIO 54.  This was a very old, old crowd here and no they were not part of my group.  I think this was a worse experience than getting inside a club being 13 years old and partying with my parents.  I guess on a saturday it is a little better because they open up more floors and stuff. I saw only maybe two old MILFS that could get it for the one hour that I was here, thank goodness I did not get here earlier at 10 PM...\n\nMusic here was pretty awful too. Mostly Top 40, but not anything particularly good.  Anything they played sounded worse when seeing the crowd again i state.\n Go-go dancers were cool, but there was only really one bad chick that caught everyone's attention.  Entrance fee was $20 down the drain and I needed a drink because it was so bad, $10 more wasted on  a vodka soda with Smirnoff ( I hate Smirnoff).",,
4,"Cutting edge Italian food presented beautifully in the perfect contemporary setting of the Cosmo.  \n\nScarpetta's food is about building and layering flavors from a few ingredients to produce a harmonious dish.\n\nFor starters, raw is best.  The tuna \""scusci\"" is excellent.  The tartness of the marinated veg pairs perfectly with the fish.  The raw yellowtail dish, with its pure simplicity brings out all the subtle sweetness of the fish.  Finally the wagyu tartare.  Wow, the use of the hazelnuts and Parmigianino cheese creates a totally unexpected flavor!  \n\nFor pasta, its gotta be the duck and foie gras ravioli.  Other yelpers said they loved it.  It really is good.  The pasta is perfectly cooked and works well with the sweetness of the marsala reduction.\n\nTop mains include the branzino with pine nuts and green garlic gremolata that totally brings out the naturally nutty flavor of the fish and the pancetta wrapped veal loin, served with sweetbreads.  The flavors are very subtle and absolutely delicious.\n\nThe wine list is very good with a nice balance of Italian wines (not just super Tuscans).  Vintage depth is OK.  Prices are in line with Vegas resorts.\n\nService is very efficient.\n\nOverall prices are very good for a restaurant of this caliber.\n\nRecommended.",,
2,"Considering this Mickey D's is one of very few choices to stop for food and restrooms on the way to/from Rocky Point, we ended up stopping here twice over the long weekend.\n\nI'm not a fast food fan, and I'm especially not a huge fan of McDonald's but I do have to say that they make a mean ice cream cone!  I had a coffee on our first stop, which was just fine (although they didn't have my preferred sweetener - the pink one).  On the way back, I went with a classic crispy chicken sandwich and had a few of Jared's fries; both were pretty gross.  For 55 cents though, I had a bag of apple slices, which was a not only a great deal but a healthy option too.  \n\nDecent bathrooms and a changing station to boot, I was thankful for that (as was baby M).  This is definitely not a destination but a decent road trip stop.  Be prepared though, it gets very busy on holiday weekends!",,
3,"Really Great Place!  I discovered this place one day after walking out of AJ's across the where I bought a sandwich moments prior, when I saw this place with a big banner that read \""delicatessen\"" I was immediately pissed that I didn't know it was there and bought a sandwich at AJ's, not that AJ's sandwiches are bad, but I crave a more authentic deli style sandwich.  Well they are very good, would give four stars but in Oakland at Genova delicatessen you get sandwiches so good that you are spoiled for life.  These, however, may be best in phoenix.  Owners are great, family run, very very kind people, authentic deli environment, awesome quality, good bread, who can ask for more?",,
4,"Love this new breakfast spot in town and such a great location. They are a friendly bunch with fast service and good food. And holy moley-ridiculously large portions! Nobody at our table could even put a dent in the plates they were served. My husband and I agreed that we could've shared a plate and still been stuffed. They have a big menu with plenty of options (think Cheesecake Factory). Prices are moderate, but really affordable when you consider the amount of food.  The dining area is a large open cafeteria style with open kitchen-so loud, loud, loud.  For reference, a crying toddler could not penetrate the wall of noise. May not be an issue for some, but worth mentioning.",,
3,I loved this place! Ive stayed here twice and both times were pretty great! I read some of the other reviews and not like my experience at all! Both times my rooms were very clean. I did have a plumbing issue first time but they were nice and fixed it. Also my boyfriend did hear the airplanes but didn't bother me at all. To me it's a hidden gem! Great prices and I didn't see any homeless people or ants! I mean the crowd isn't super high end but for the price it's a great stay! I highly recommend!,,
0,"There was a homeless man collecting the trays on the outside tables, didn't think much of it and continued in. Took a few minutes to figure out what I wanted. We proceeded to walk up to order and the homeless man was blocking my way. He smelled like alchohol and tried talking to us. He stood there staring blocking our way until I finally said excuse me and went around him. The workers could see the whole thing!! I tell the worker the man was bothering us and pointed him out. By then the homeless man was at somebody's else table bothering them. The worker did nothing so I told him to get the manager. The manager didn't want to do anything either and tried to laugh it off. Finally she went and told him to leave a good 5 minutes later. \nThen I got charged for 3 tacos instead of 2! The charge is almost $1 for extra cheese! They put the cheese on the bottom of the taco, I want cheese on top but not for an extra dollar per taco and a song that is sung when you order extra cheese. \nOn to the food.... The pork was dry and flavorless.. The barbacoa was sweet and I really don't want my tacos to taste sweet like candy.\nOverall I will not return or reccomend. If I want those types of tacos I will stick to chipotle.",,
0,"Gave 4 stars on first visit.  Came back about a year later and was surprised at the drop in quality.  The prices were just as high as before but the food and service were not nearly as impressive.  There was even an ant walking on the plate!  Although it was a little ant and just one, it has been a long time since I found a bug in a restaurant.  Had this been a $ place rather than a $$$$ place I would have given it 3 stars.",,
4,"I tried a few places before this, but Wink quickly became my go-to for a Brazilian wax in Charlotte.  She always does such a great job - very thorough, extremely professional, quick, and reasonably priced.  The salon is clean and comfortable.  Appointments are easily made via text message.  Can't ask for much more than that!",,
0,"They were out of dim sum to start...and believe me that was not the worst of our problems. \nIssues we had:\n-They had NO appetizers, completely out apparently\n-Nothing came at the same time, but apparently that's the Chinese way, that's what the manager argued\n-We kept asking for soy sauce, 3 times, and we never received it\n-We had to ask multiple times for rice that we ordered\n-The worst part was when we asked for the manager he argued with us on every complaint we had.\nYes I know the customer may not always be right, but arguing is not okay.\n\nI would not recommend this place is you are looking for good service.\n\nThe food was so so, I was hoping to get dim sum and was highly disappointed. God awful.",,
2,I gave 3 stars because Masako was very nice and friendly. She did a good job however the place needs a facelift and a big cleaning in order to give a higher rating.,,
3,"Fabulous lunch today! I've heard quite a bit about this place, so I was excited to experience it for myself. \n\nI had to get a milkshake. The caramel pretzel, yes please. It was soooo deliciously sweet and salty. Who doesn't love that combo?! \n\nI chose the \""meet your maker\"" burger. I wasn't looking at the prices, this just appealed to me the most.  I mean, as soon as I saw truffled aioli, that was my obvious choice. I was so happy with this decision. The burger was juicy and tender, and you could taste the freshness of the toppings. I'm not one to be wowed by tomatoes, but whatever tomatoes ended up on this burger were flippin GREAT! \n\n5 stars for service. Everyone was overly friendly and we got a run down of the menu since it was our first time.",,
1,"This was our second visit and first time with our kiddos. It will be our last!  Definitely not up to par with other FRC eateries we've been to. \n\nPizza took forever to arrive (nearly 30 minutes) with nothing but our drinks to hold us thru. Our kids were excited to order chicken noodle soup, which arrived after about 15 minutes but very disappointed with the quantity of vegetables and lack of noodles and chicken. They picked thru it, with their forks and fingers (first place I've been where soup arrived without a spoon) and they were not happy. \n\nThe two star rating is being generous given the service we received during our $42 lunch tab. During our wait I noticed how slowly the tables were bussed and was amazed at how the wait staff was so disengaged, like they would all rather be somewhere else. We noticed the manager talked with several tables, it didn't look to be a good day for him. \n\nWhen our pizza did arrive it was delicious but we were not given any plates, napkins, etc so we grabbed some from another nearby table. Very odd. \n\nMy husband asked one of the wait staff about the soup and the manager came over to tell us how delicious it was. Not to our kids! We asked for a kids order of mac and cheese, split onto two plates. He promised it would be right over. It never made it!\n\nWe quickly ate our pizza; our kids wanted nothing to do with that! For some reason mine had green pepper instead of artichokes but I wasn't about to send it back. The kids had ordered chocolate chip cookies which came eventually and that was pretty much their meal. Really sad!\n\nWe didn't stay and wait for the mac and cheese. My son spilled his drink and we tried to clean it up by ourselves with the scant napkins we had. There were no napkins available at the drink station and no staff wanting to help so we left. \n\nTotal bust for my Mother's Day lunch. Never going back!!!!",,
2,Last two times I went to Vegas I came here. Both times it took forever to get our food. The waiter kept on disappearing on us. The Chicken fried eggs Benedict is worth the wait and a huge plate too. Both times I had to share with someone or I would have been in a food coma. It has a good crunch and spice mixture.,,
1,"C'est vraiment un beau restaurant, ya une belle ambiance, le service est bon mais le rapport qualit\u00e9 prix n'est simplement pas l\u00e0. \n\nC'est plate quand tu fini ton assiste en te disant tu aurais pu avoir mieux pour beaucoup moins cher. \n\nVraiment d\u00e9\u00e7u.",,
4,"The Biltmore is superbly impressive from the moment you drive up and keeps your eyes dancing throughout your stay.  So much history and so much charm, this place is part Playboy Mansion, part Neverland Ranch and part Palace of Versailles.  Life size chess sets on the perfectly manicured lawn, fountains at every turn, an undeveloped mountain range as its backdrop, and poolside cabanas fit for Marilyn Monroe (she called the Biltmore her favorite pool).  Indeed, the halls are lined with photographic history of famous guests spanning the resort's opening in 1929 to present day.  (I didn't take a star off for the picture of our current prez who's a repeat guest, but I was tempted).  It makes you feel like royalty to just be there, even if you're an average Joe like me.\n\nI give an enthusiastic A+ to the SERVICE, landscaping, feather-topped bed, and aesthetic appeal/charm of the grounds.  I was most impressed with the service.  With rooms running $600 a night, you don't want to find out that only half of the staff got the five star customer service training.  Biltmore has it down from the front desk to groundskeepers.  A special mention of the 24/7 town cars waiting to pick you up any time you're ready  to step out.\n\nI give an A to the spa which could use a face lift, but nonetheless awarded me the best massage and facial that I've had this millennium.  Also to the in-room dining which was kinda yummy, but lickety-split, the fastest room service I ever had.\n\nI give an A- to the room decor.  They are going for that Mission-style rustic chic, but it looked a little too Hilton and could use less of the \""standardized theme\"" decor.  But, the rooms were very well kept and sparkling clean.  I stayed in, and highly recommend, a \""resort deluxe\"" room and think it's worth every extra penny to wake up to coffee on your private balcony with a view of the mountains.  \n\nIf I hadn't stayed there in the middle of winter I could have played at one of their eight pools. (I'd def hang at the one with the waterslide AND the swim up bar.)  On the flip side, it was nice to have the resort virtually to myself; I had no problem getting room service in less than 1/2 an hour or a couple same-day reservations at the spa.\n\n*psst* It's Frank Lloyd Wright \""inspired.\""  The actual architect was a student of his, but the big guy didn't actual design the hotel.  Darn good knock-off though!",,
0,"I must be getting too old because I've had enough of this place and I'm officially drawing the line. Never again mmmmmk thx! Been here many times come to think of it too many times. Yes dont go in here carrying anything but your ID and cash!! Wear flip flops if there wont be any moshing and as long as you dont mind a little drink spillage on your piggies you can bypass the shoe police.  After the \""search\"" the 18 year old will take your ID take a photo and put you into some weird data bass you can see everyone who's drinking with you. Then the girl will look at your ID after for a few minutes maybe she is adding years in her head. \""Yes I'm wayyyy older than you and yes thats my real ID trust me.\"" Like I'd want to lie and be this old lol. Is that really necessary?!?!  Yes I have seen good shows here and it may be well worth the \""closeness\"" you can get but I think I'm good. I am boycotting this place the employees are mind numbing and treat people like cattle. The only nice ones you will encounter are the ones manning the FULL parking lot, its always full guys ALWAYS. Boooo Marquee boooo Lucky Man it seems the only lucky person is you being able to book these shows.  I wonder if Rialto is any better it could be worth the drive.",,
4,"I never heard about this place, but I am so glad that my family knew about it.\n\nI had the Chicken and waffles, and let me tell you, these portions freaking huge! 2 fat pieces of fried chicken sitting on top of 4 tasty waffles. So, so good. \n\nIf you have a chance, go here now.\n\nso moist,... so tender.",,
3,"I have been to Dexter's several times for drinks, food and football.  I love that on Badger saturdays they have a shuttle that will take you down to the stadium for the football game and pick you back up.  Their breakfast is FANTASTIC and very large portions, 2 of us usually share something.  They have a great selection of beer and pour a great drink too!  The wait staff is fantastic as well, extremely friendly and hard working.  They seem short staffed often but they all run their butts off and there is hardly a wait for anything!  Last night I had the Rueben w/ waffle fries and it was delicious!  I would suggest getting a big screen TV for watching the games but what they have works well too!  I love this place, a definitely must go to!  They also have trivia on tuesday which is a blast!  The food is great, prices are cheap, staff is fantastic...what more could you ask for?",,
3,Sooo fresh and yummy. A little on the expensive side for the price of one donut ($1). I'm used to them being 50 cents each at certain places but its the closest to me so I put up with it.,,
0,The worst Hilton we have ever stayed at. Do not stay here thinking that there breakfast is like any other Hilton's. We went to breakfast at 9:15 on a Sunday morning and they were out of food plates and silverware. And never brought out anything. They tables were all dirty. They didn't wipe any down. The staff was rude. When i and other guests asked at 9:30 if they were going to bring out more food they said they said no because they get done at 10:00. I had toast and coffee.,,
0,"My experience is probably not normal, but should be stated.  I walked in and then a masked man walked in behind me a held me hostage.  When he said I'll shoot if you don't open the regester, this fat redneck chick said go ahead and shoot.  He shot twice, neither hit me, then he beat the crap out of me and stole my wallet.  I had 500 cash in there, found out later there was less than 100 in the register.  I tried to call the owner and ask to be compensated and he said he was the victim, because of all the bad publicity.  SCREW THESE GUYS!!!!!!!!!!  If you want hippie clothing/glass/whatever.  Go to a show and buy it on lot.",,
4,Best mexican food in phoenix! I recommend this place to anyone who wants an excellent  meal!,,
3,"Fire is all I can say. Huge tacos, great ingredients, I feel like I'm back in Chicago",,
3,"There is enough reviews of this place, that what I say obviously doesn't really matter, so I will keep it short!  :-)\n\nGreat waitstaff, excellent happy hour, and delish drinks!\n\nBest bang for your buck on the happy hour is deff the pizza, and possibly the mac and cheese. \n\nEnjoy!",,
3,"I have only ever eaten at this location, but we have ordered from them about 10 times in the last 5 months. NEVER fails. I suggest you have 2 bottles of red wine and some great movies on hand and plan for a yummy night in.\n\nWe ordered last night and the man on the phone said that it may take about 45 minutes. He warned me of this before I ordered, and I find this respectable. I'll be damned if dude wasn't there in 42 minutes :)\n\nSesame and Orange Chicken are great. We get one of the 2 each time. Do the Egg Rolls, Spring Rolls are lame. The Chow Mien is perfect. You know how some places let the fat noddles stick together?? Not here, nope...\n\nAlso, they do not line the bottom of the containers with veggies, a deceptive trick many Asian delivery places pull.\n\nTheir bulk specials and family combos are excellent. Also, they include coupons with every delivery.\n\nWe will continue to order from here because they are reliable, consistent and very friendly.",,
2,Best place for breakfast all day and night.,,
4,I was fortunate to stay there for an evening and found good food great accommodations friendly helpful people. Met a pit boss named Steve and a clerk named Grace. Really enjoyed this. A must place to see play and stay.,,
0,"This place has a really nice atmosphere, several good Italian beers on tap and a wonderful wine selection.   \n\nThe problem is I have eaten here four times in two years. The two times I had seafood with the pasta I got sick. Like almost food poisoning sick. \n\nNormally I would not have gone back after the first time but my wife loves the atmosphere here. So after 6 months or so I would give in and give La Stalla another try. The seafood appetizer did not sit well with her this last time so we won't be going back again for another try in 6 months. \n\nThis place is busy when the resort is full and not so busy other times so maybe we were just unlucky and got some old seafood.  The problem I had with the non-seafood dishes I tried is that they were just OK and you can get just OK Italian food in Chandler at several other places for 1/2 what this place charges.\n\nWe had excellent service 3 times and rude service once.",,
1,"Came by for dinner with our 24-hour Buffet of Buffets wristbands.\n\nThere was no line entering the buffet and once you reach the front of the line, photographers take photos of your group while you hold a giant fork and spoon. The photographers come by your table later to try and sell you the photos prints for $20.\n\nThe food was left much to be desired. The crab legs were small, and unlike Le Village Buffet, they weren't sliced in half, making it a challenge to eat. The highlight of the meal was probably the meatballs or sausages, which weren't even that great.\n\nAnd what's up with the lack of restrooms in the buffet? I had to walk out to the casino during my meal to use the loo...",,
2,"Been here twice but still don't know why people were raving about this place. Burgers here taste like any other burgers. Maybe there's a special sauce there that I don't know about? Overall, can't differentiate this burger from Burger King. Waste of money.",,
0,Yuck.,,
1,"I had an ok experience, it was during lunch on the weekend... not a lot of people inside and they had the games on but the TVs were blasting loud... couldnt enjoy conversation. I ordered the french dip, it was very greasy... the au ju appeared to be some form of a gravy. The tots were good.. nice and crunchy and not too salty. Its a ride from my house and not a place I would go out of the way to go to again.",,
0,I'm changing my review to zero stars so far this was our worst dining experience since we've arrived in Las Vegas I was trying to give this place the benefit of the doubt because it seemed to me that this place was mostly a bar not only was the service terrible as I stated in my prior review The food was not so great either The reason why I'm going back for a second review is because my wife actually became sick shortly after we ate there and it lasted for a couple of days coincidence maybe but I don't know I really hope this place straightens up their act it seems like it would be a decent place to hang out and it's literally minutes from my house,,
4,A bit pricey for a full meal but the chicken bruschetta is the best!,,
4,"I've spent a total of about 9 weeks in France over 3 trips, and this is the best place I've ever found in the United States that serves cr\u00eapes.  I was pleasantly surprised to discover this little gem.  The savory cr\u00eapes are easily big enough to split with another person, so bring a friend or bring an appetite!\n Also, their coffee is absolutely delicious.  Feel free to ask for something creative!! \n The owner is just as sweet as the dessert cr\u00eapes as well.  :)  I hope everyone tries this place -- it's great!!",,
0,My complaint is with the policies of Budget Truck Rental Corporate. They only guarantee their rates when you make reservations. They do not guarantee that there will be a truck available at time of pickup. \n\nHowever if you don't pick up your truck on time they charge you $50.\n\nAs a result I wasted the entire Saturday waiting for them to get me a truck. That was 2 days ago they still haven't found me a truck. I called them today and they're sorry they can't help me other than reserving the rate again.\n\nThey would not reimburse me for my manpower expenses because they didn't have a truck ready because they only guarantee the rate. There is no guarantee that a truck will be ready at time of pick up.,,
2,"Nettes kleines Restaurant in der n\u00e4he der Schauburg. Preise sind ganz ok, Portionen gut. Geschmackm\u00e4\u00dfig w\u00fcrde ich sagen oberes Mittelfeld. Der Service k\u00f6nnte etwas aufmerksamer sein, war aber im grossen und ganzen OK. H\u00e4tte eigentlich 4 Sterne gegeben, aber der Salatteller meiner Freundin war sehr schlecht gesp\u00fclt und am Rand mit Fingerabdr\u00fccken \u00fcbers\u00e4t... deshalb nur 3 Sterne.",,
0,Absolutely the worst customer service from the geek squad.  My computer was there a week.  Did not receive ONE Call regarding the status of my computer I had to make contact in person myself  The only call received was it was ready for pickup and when i showed up it wasnt even fixed not even the decency to call me and say they gave up  nice job lazy geek squad  do yourself a favor folks go elsewhere i sure as hell will,,
0,"I officially hate this place. First and last time staying here. Bedding smells like chlorine, parking structure is a cluster-f**k, elevators are broken/slow, escalators out of order everywhere, VIP line is longer than regular line?!, valet is closed half the time, just overall nonsense. Only reason why we stayed here was becasuse of the Michael Buble concert... otherwise I would have to get crazy on this POS hotel!!",,
3,Cuisine Malaya offers a great lunch menu.  My first experience was very good.  The Roti with curry sauce was very flavorful.   The Malaysian fried rice with chicken was very good.   It was prepared with a little spice...but I added some wonderful roasted chili pepper sauce to bring it up a little.  simply wonderful.  The service was good and delivery was quick.  No waiting!  Parking was very adequate on both sides of the restaurant.  I will be returning to try other Indo-Asian dishes!!!!,,
2,I got what you expect from Chili's. Never great food but always good food. Its consistent. When you are traveling you can go to Chili's and always know what to expect. I realy like the chips and salsa though. \n\nMy daughter always gets the kids cheese pizza. It looks disgusting but she loves it. I talked to the waiter and he said its the best seller on the kids menu. I guess they know their market. \n\nHad chicken fajitas on the two for 20 menu. It was good but the chicken was a little bland. I guess what you would expect from a chain trying to satisfy all tastes all over the US.,,
4,Just had Taylor come by for rockstar party for my 6-year-old. They absolutely loved her. Second time using Celebrate Kids. Would definitely use them again.,,
0,"Let me first preface this review by saying A-this was our first visit to Las Vegas and #2 we are not picky people at all, so that being said, I need to first apologize to the all the yelpers that posted a negative review of this place...I wrote you off as being super  picky complainers...for that I am sorry...I went, I saw..now I believe...everyone that posted a negative review was 100% right!!!\n\nSo on to my experinces...\n\n1) Check in was a nightmare, there was a super long line, a couple of flustered peope behind the check out desk...but as I waited I drank...then drank some more...thank GOD for booze and I was feeling no pain after the almost 1.5 hours it took to get through the line and check in.\n\n2) Got to our room, seemed nice enough although not too clean...oh well..I'm not picky..I'll deal with it.  Wanted to take a shower after the flight and long check in prior to our dinner reservations, did not check for towels first, never had too before in any other hotel I stayed at, got into the shower and waited for hot water...waited for warm water, gave up and waited for luke warm water...semi tepid water...anything....water continued to be freezing cold after 25 mins of running it.\n\nI got out of the cold shower and noticed that there were no towels...like not even one...just a wash cloth.  Now I'm not a small girl...no way that wa going to cut it.  Had to get dressed while still totally wet.\n\nDripping wet and cold I was still in a fairly jovial mood..I was in Vegas after all! nothing was going to get me down!!  Unfortunately that all changed when I attempted to speak to someone about the cold water.\nI spoke with Teresa who was supposed to be a manager, she was snippy and overtly rude and decidely uncaring about the situation.  Took me three more phone calls to get them to deal with the problem.\n\nWaited 20 mins, housekeeping finally arrived with towels-they seemed surprised that we would think that towels came with the room (?)\nWaited for the maintenance person who ran the water for another 20mins and then declared that no hot water was to be had in this room.\n\nWe called the front desk again, they were very rude, told us that we would either need to move to the smoking room on the top floor or the wheelchair accessible room.  We choose that top floor as they said that it was an upgrade.\n\nI was mad that we would have to give up the King room we booked for a double queen....but beyond that they made the whole prcess of changing rooms such a pain, my good mood was gone at this point!!\n\nWe were escorted by security to get our things, then back down to the front desk to collect our new room key...it was nuts and totally unessessary.  They were unapologietic about the whole matter...we just wanted our room!!\n\n3) We got to the new room and immediately I noticed that it had not been cleaned in some time, the light switches were flithy, the hair dryer did not work, there was a panty liner behind the bed (gross) along with an assortment of water bottle caps and huge dust bunnies.  The view was good as it was of the wheel, however there was not much else about the room that was positive.\n\nAnd once again there were no towels!!!!\n\nI set off on a mission to find a cleaner and more importantly a cleaning cart with supplies.  I spoke to the maid on the floor and explained what I found in our room, shesimply shrugged her shoulders and said that I could call the front desk.  Noting my terrible experience with them already, I decided to not call and take matters into my own hands.  I proceeded to help myslef to the fresh towels on the cart, and some cleaning supplies....YES ladies and gentlemen...I cleaned our friggin' room!!!!!  And let me say that I do take some pride in saying that I did a phemonimal job of it!!!!  They should hire me to train their housekeeping staff.\n\n4) We got up early the next day and did not return to our room until almost 6:30pm to shower and change for our evening out.....I could not believe it...no housekeeping staff had bothered to turn up!!!  no clean towels for our showers (we left the days previous towles in the bathtub as is customary to request fresh towels) Needless to say I set out on a mission again to find a cleaning cart.  Thankfully I found someone at teh end of the hall, I advised them that our room had not been cleaned...no fresh towels...and you guessed it...she didn't care.\nI took some towels off her cart, enough for the next two days...and stomped off.\n\n5) told the manager later at the front desk-someone named Josh-he apologized and comped us a free breakfast-thanks but doesnt make up for all the work cleaning I did...lol\n\n6) Be ready to be totally harrassed by a ton of people posing to be Flamigo hotel staff wanting to give you a \""free gift\"" they are trying to sell time shares and sign you up for a 2+ hour presentation-THEY WILL NOT LEAVE YOU ALONE THE ENTIRE TIME AND ARE VERY AGGRESSIVE EVEN WHEN TOLD NO!",,
3,I have only ever had their smoothies. They are amazing! My favorite part is watching the barista make fresh-squeezed apple juice that then goes into my smoothie. It makes it taste so much better! I am also a big fan of the fact that their smoothies are all natural with no sugar and still delicious!,,
3,"I've eaten here about once a month for the past 2 years, since my office is close by. The service is fast and friendly, and in two years, they've only screwed up my order once, which is pretty decent. It's a nice little family-owned establishment that caters to the downtown lunch crowd.\n\nThe food can be described as Americanized Greek, with a nice selection of salads and sandwiches. My recommendations: The hummus, the steak and mushroom sub w/fries or the chicken salad-stuffed avocados.  The food is fresh, fast and you can get lunch and a drink for under $10. Also decent: The Stacy Salad and the Chicken Souvlaki. When you order, be aware that they pile on the onions and the feta cheese unless you tell them otherwise.\n\nAthenian Express is located right along the light rail and within walking distance of ASU's Walter Cronkite School of Journalism. The building is plain, but clean, decorated with Chicago Cubs banners and usually CNN is playing on one of the three TVs. \n\nParking is limited and is available behind the restaurant. They do have outdoor seating and a clean restroom. Athenian Express also has a loyalty card program, but you have to ask for a card...Every 10th lunch is free!\n\nOverall, a positive experience for those who enjoy the simple things in life.",,
0,"I recently used their self parking service for a trip to the airport. The rate was the cheapest at the time so I foolishly made a reservation. The place was easy enough to find, but everything else was horrible. The shuttle leaked and was dripping directly on my head. The person at the desk didn't have any of my information ready, and didn't even know what questions to ask. I had to volunteer information so that I felt they wouldn't tow my car. The leaky ride to the airport took much to long because they transported one of their workers (who was filthy and smelled like a mix of urine, alcohol, and smoke) to their other location before dropping us off at the airport. They gave me a business card and told me to call when my plane landed and they would pick me up. I did but it took them OVER AN HOUR to pick me up. Meanwhile I saw shuttles from each of the other parking places pull up multiple times. One place sent at least 17 shuttles in that same time it sent them to send one. Pay the extra dollar or two a day and park elsewhere!",,
4,"My sister and I scored a room here via Hotwire for our annual shopping trip; located in a business park on Madison's west side, this is a nice property.  Fast check in and told that if you are a Priority Club member, which my sis is, we would be able to partake of the free appetizers and drinks in the lobby bar area.  There was a great selection of goodies, including dessert.  Our room on the second floor was clean, roomy and quiet. The fitness room was great as well.   I would recommend this to anyone traveling to Madison's west side.",,
2,"tapas?  I guess that means we need to order a lot of dishes?  is 20 dishes enough for 6 people?  we ordered so much food that the waiter asked if we would be able to finish it.  it helps that the meal was comped.  \n\nbefore heading to the restaurant I did a little \""yelp\"" research to see what's good and a definite must try.  jaleo has a HUGE menu.  honestly I don't really remember too much about this meal except for a few items that stood out.  the cold almond lobster soup with grapes was a hit at the table.  cold soup?  who would've thought?  their hot soup, don't remember what it was, was memorable also.  I remember it was too salty!  another hit was the kusshi oysters with gin and tonic.  again, how do they know that was a good combo?  did someone spill some gin and tonic on some oysters?  I really really loved it.  other than that, everything else was either average or just plain forgettable.  I do remember eating some kind of beef and the paella.  \n\noverall, it was just an average dinner, nothing special.  the service was great, very attentive but it's vegas.  it's all about the service.  I guess I shouldn't really complain since the dinner was free.  if it was free I would come back.  if I had to pay I'd probably just hit the buffet.",,
3,"i am a major, major fan. \n\ni had the chicken jungle curry. it wasn't spicy enough for me but it was very tasty. they are very accomodating with their menu and everything is super fresh. i hate going places when they tell me everything is already pre-made. this place is FRESH. \n\nmy chicken came with the most delicious eggplant, like so delicious i will order just eggplant and chicken next time i go. insane. it was like a little crispy on the outside and fluffy on the inside. lurve it. \n\nthe view was kinda cute and the place was small and trendy but still soft in a way. they did a good job. \n\nthe owner was awesome and spent quite a bit of time having conversations with people dining. i love when that happens :) \n\nwe will definitely be back. i didn't think it was expensive at all- each of our meals were right around $12. I would say for the quality that is a reasonable price for sure.",,
1,"Were they out of their minds when they gave this place more than two stars?  Have they never had sushi before?  Have they nothing to compare it to?  Is this what desert dwellers consider good sushi?  Gag me!\n\nWhose brilliant idea was it to place the sushi bar in the middle of the restaurant, and to seat every sushi bar patron with a loud greeting in Japanese as they were led to the bar as if they were royalty?  It was cute once or twice, but all of us sitting at our table by the entrance did not appreciate the fake sentiment by the end of our evening.  It was downright annoying.\n\nWhile ordering, our server asked if we had ever been to Sushi Roku before in such a manner as to suggest that it was going to be a once-in-a-lifetime dining experience.  When he indicated that their food is served \""family style\"" we initially thought that it meant that we would share dishes, which wouldn't work too well when five out of seven of us were vegetarians.  When he explained that it simply meant that the food is brought out as it is completed by the kitchen, I pointed out the fact that what he really meant is that the kitchen is not organized enough to assure that we will all eat at the same time.  This is unacceptable at a so-called high end restaurant.\n\nI had to laugh at my vegetarian dinnermates.  They all ordered a tofu dish with what they called brown rice risotto.  After tasting the dish, which tasted like fried water, I understood why they thought the edamame was so good.  It's the only thing, other than the overpriced wine, that they actually tasted that night.\n\nAs for myself, I went for the sushi assortment, or should I say, the rice cakes with slivers of raw fish placed atop them.  I guess not enough raw fish survived the trek across the desert.  The fish was carefully rationed. I actually took one of the rice cakes and put all of my sushi on it to make a rainbow roll.\n\nIn the end, the server was right.  It was a once-in-a-lifetime dining experience for me.  Meaning, I'll never go back there.",,
4,"So apparently, some of the staff that was at the Mill store moved to the Hardy store. This happened at the same time that the Hardy store was on my way to work, as opposed to the Mill store. \n\nI am not sure if it was the staff move or this store has always been this way. This place is better than the Mill store though. My breakfast wrap is tastier, larger, and  better put together than what I have had at the Mill store since the staff change. \n\nBoth stores are excellent, not to disparage the Mill store. They still have excellent ingredients and make amazing sandwiches. \n\nI just feel that the Hardy store makes a breakfast wrap that is closer to what I want than any other place I have been.\n\nThis is still one of the best hangover cures you can have!",,
0,"if i could give this \""company\"" (and i use that term loosely) negative stars i would!!! where do i start? fist it's been almost a month since my order and gee...nothing yet! try calling the number on website....\""voice mailbox is full\"".....try emailing james, no response!! try calling back 4 more times \""voice mailbox is full.........so i wait a couple days hoping for a return email.....nothing!!! try calling back again......now it says \"" the number you are trying to reach has a voice mail that has not been set up yet\""........wtf is wrong with this guy? he (james) claims to be in business for over 10 years now, well guess what, people that are in business for that length of time usually have a secretary that is capable of handling emails and telephone calls.......i only write a bad review on here, because it seems to be the only way to get a response from you james.....question is, is this even going to work? probably not!!!! and by the way.....keep the clubs i ordered, i do not want them!!!! they will be sent back before they even leave the truck!!!!!! not to mention, that now the website has an \""invalid certifcate\"" at this point!!!",,
4,"Tati started it all, with a big smiling welcome. I got the double double, protein style with onions off the secret online menu.  That means no bun, just wrapped up in fresh iceberg lettuce leafs with tomatoes and loads of flavor but no Gluten.  Wow.  When are we going to have In and Out Burgers in the Seattle area,  when???",,
1,"I visit different smash burger restaurants in the city, but this one seems mismanaged.  The person that was in \""charge\"" stayed in the kitchen, and left the nice lady Tori out front to take orders and deliver food, and it was obviously too busy for that.  She came out briefly just to talk to some friends.  Everything took too long, and the restaurant was pretty messy.  It didn't seem to be getting any better throughout my time eating there.  Nice cashier, but I'll probably pass on this place for a while for normal meal times, and check back here to see if they manage it any better.  The food was still good...when I got it.",,
1,"Nice apartments, however the apartment had a problem with Roaches and the complex didn't believe me and it took 4 treatments before they were completely gone. I haven't had a problem in months, but they should have taken care of this when I told them which is before I moved in.  Pool is nice but too many kids. The clubhouse is nice.",,
3,"I like this hotel. It is old school and a bit upscale. They of course update things as required to stay up with the times. I like the Roman theme quite a bit, it still does not get old to me. The rooms are nice, especially if you get a suite. It was good sized, comfy and quiet when we wanted to sleep. The in house dining is quite good, as are the attached Forum Shops. The nightclub is great, other than the waiting to get in. You really can't go wrong here.",,
1,"Madison is in dire need of a some good Korean food. There is only one Korean restaurant in all of Madison (two if you count the one in Middleton) and that is not enough. \n\nAt New Seoul, you'll find the simple staple items such as mandu, bibimbap, and bulgolgi. I think the most exquisite food you'll find is probably the kalbi tang and oxtail soup. Hence, it's a pretty unoriginal menu with no bbq dishes or soondooboo (tofu stone bowl) specialties. \n\nGrowing up close to NYC and spending my college years near Chicago has really helped broaden my horizons regarding Korean food. There's a lot of better options elsewhere and the New Seoul dishes are sub par. Nonetheless, if you're craving for some Korean food and you don't want to take a two hour car drive or purchase a plane ticket, you'll find the basic Korean items served at New Seoul. Who knows? If you're craving it enough, you might even think the food here is decent.",,
2,"This Is one of the nicest PT''s I've seen yet, a bit bigger than the other ones. The staff are always friendly and the food Is delish!!! you can sometimes find \""Eye Candy\"" on the weekends ;-)",,
2,"Freundliche Bedienung, leckeres Essen, allerdings eher f\u00fcr Take-Away zu empfehlen. Auch k\u00f6nnten die Preise etwas niedriger sein. \nTrotzdem anst\u00e4ndiger Laden!",,
0,"Drinks are a bit over priced. The food is above average bar food. My problem is with the doorstaff; it seems like everytime we are there the doorstaff is hustling me/one of my friends about dumb stuff [IDs, expiration dates, footwear, etc.]  They also seem to have a proclivity towards abuses of power. I've seen the doorstaff get into altercations, where they clearly had the upper hand/control of the situation and still continued to use violence [for fun]. Most recently, they had a guy on the ground on Ash in a headlock and still continued to kick him. Sorry, but I need a de-stressing waterhole.",,
1,"Nice staff, food was ok very salty and everything was greasy. Nice concept needs work though. Garlic parmesan fries were good.  we had 5 in our group nobody was highly impressed.",,
4,Our favorite Thai place in the east valley.  Wish we lived closer so we could visit more often. Great place to eat family style. It gets busy during dinner time and not many seats but worth the wait.,,
1,"For the uptown worker, there is always the quest for noon time sustinence.  a chance to escape the cubicle and enjoy an oasis of food until you have to punch back in.\nLocated in the Overstreet Mall across from McDonald's, Brad's isn't that oasis.  Carrying all the weight of the Fuel Pizza corporation behind it and supposedly having a heritage of success in the Syracuse, NY area, Brad's is a bland sandwich in a brown paper bag... literally.\nMy first experience was a turkey on wheat.  Basic.  And that was all it was.  Basic.\nA month or so later, I returned to give the chicken salad sandwich a try.  With a good chicken salad, you shouldn't need more than just cheese on it.  Brad's chicken salad came off to me as more of a chicken flavored relish.  There were no discernible chunks of chicken and the texture was dominated by pickles and celery.  \nToday, I decided for one last attempt.  The meatball marinara with provolone.  I mean, they are run by a pizza company, shouldn't be too hard.\nQuick tangent: a six inch sandwich is $5.95. A LARGE eight inch sandwich is $6.50.  And you have the choice of white or wheat.  That is all.  No italian. Nothing with honey or oats.  Nothing the least bit flashy as far as flashy bread goes.\nI digress.  \nSince, in my mind, the various Doritos and kettle chips they have to accompany the sandwich don't really go with my decided italian theme, I opted for the LARGE.\nIt was very \""eh\"" inducing.  And with an eight inch meatball sub and a medium drink ringing in at $9.05, I not only feel disatisfied, but also stupid.\nI shan't return...  Oasis?  Mirage....",,
4,"Wonderful little place, a true gem hidden in the neighbourhood, wish we had more of these here in NDG... An authentic, delicious and very affordable  Japanese treat! A must try!!!",,
1,"I must not have great luck with Holiday Inns, especially in Pennsylvania. This hotel is decent enough in terms of looks and rooms, and pricing. However, one really annoying thing about it is their vending machine situation. They are not very well-stocked, and I was sent to multiple floors by their lobby staff, all in the search of a bottle of water",,
4,Great outdoor patio.... Food and service was fantastic... Decent lunch prices... The open face sandwich and fries was incredible.,,
2,"Decent selection of designer stuff though some of it still seems overpriced, you need to have some time to go through some of the clothing racks.  Parking access is alright but sometimes limited since it is in the corner of the shopping plaza.  They offer paperless receipts which I love, eliminates some of the millions that float around in my purse.  Also if you need to return stuff they can look it up w the credit card you used.  Only once had slight resistance and attitude from a cashier for doing a return this way but mostly the staff is friendly.  Expect to wait a while in the checkout line on the weekends.",,
2,"This review is for Friday night dinner. $41/person. I was super excited for this buffet prior to going - I've eaten at Caesar's and Cosmo both multiple times and many other buffets and some people say this is the best!  I was really disappointed.\n\nFirst - we had skipped lunch, so my boyfriend and I were unbelievably hungry which should have put the ball in wynns court. Still didn't do it.\n\nThe salads were great - the best part of the buffet. Loved the Greek salad and the roasted chickpeas.\nThe sushi was average - nothing exciting. The Chinese was really quite poor. The duck dumpling station was closed and the other concoctions were chewy and tasteless.\nThe prime rib was great. Best anywhere. The rest of the meat was only average and the pastas were dry. The thing that put me over the edge was that the seafood was absolutely terrible. I'm a huge seafood fan - salmon, sea bass I love it all. The salmon was sweet and horribly dry and the choice to put olives over the sea bass.. totally questionable. This was the first time I had ever spat out sea bass. Poor little guy. Makes me want to give them 2 stars.\nFinally the desserts were honestly just average. There was one fancy peanut butter chocolate thing that was delicious but everything else tasted like it had been frozen or left out all day.\nSo minus one star for sea food and another for lack of creativity. 3 stars for the salad and veggie options (great Brussel sprouts!), beautiful decor and having such a variety. I didn't even eat half of the stuff there.\nAll in all, I won't be returning.",,
3,"I am a Vietnamese so I like Vietnamese food. I have visited some Vietnamese restaurants around Glendale, AZ so I can make a comparison among them. IMO this is the best one in term of Pho and Bun Bo Hue (I only ate these two in Pho Avina).",,
0,"Holy Mother Of God, I just got a case of food poisoning from this place that was so bad I was surprised I didn't retch up my shoes. \n\nI ate carnitas here at two o'clock. By five o'clock I was flat on my back. And by nine o' clock I was driving the porcelain bus. I became Mr. Creosote from \""The Meaning Of Life,\"" unleashing like a firehose until six hours later, at three in the morning when I passed out into a fitful semi-stupor. Eating here basically ruined the last day and a half of our vacation. \n\nSo, to sum up... \n\nI DO NOT recommend eating here. \n\nI DO recommend a kitchen fire and salting the earth where it once stood.",,
4,"I'm an easy grader, I know.\nBut I loved the place, remined me of being in Mexico.\n\nPouring rain, ambient lighting inside, great food and nice people.\n\nI had a plate of 3 little tacos: Barbacoa, Carne Asada and Pastor.\nVery tasty, and the double corn torilla ensures they behave as they should.\n\nRice and beans on the side - properly seasoned.\nREAL beans - not lard beans.  Actual beans, made by hand I am sure.\n\nGood ice tea.\nClean, well lit and a nice clean bathroom.",,
4,Started work today on the west side of town and the first thing I did was look for the nearest Chipotle. This location had a nice lunch crowd and the staff kept the line moving quickly. They had nice seating both indoors and out. As always the food was the bomb! I will be here on a regular basis!,,
1,"We wanted to love this place but couldn't. We were so looking forward to lunch here on a recent visit to Tempe. Although we didn't have reservations, we were seated very quickly on the back patio (or we could have chosen to sit inside).  The problem is that it took what felt like forever to get our food.  We were hungry when we arrived, and were never even given a bread basket.  We waited at our table for our meals while four other tables near us received their food, finished their meal, and paid and left the restaurant. And I have to be honest, our food when it did arrive wasn't spectacular.  I ordered the Sugar Cane Shrimp Salad - about 5 medium pieces of shrimp, tasty but overcooked, on a bed of mixed greens with a fairly flavorless dressing.  That's it.  My daughter ordered a Salmon Salad that came with a hefty fried risotto cake, so I ate half of that.",,
1,"It makes me so sad that I have to give the Palazzo location of Grand Lux 2 stars.  I love Grand Lux, even though I end up leaving the restaurant overfull from all their delicious food.\n\nWhy 2 stars?  The service sucks here.  I came here like 5 to 10 times this summer as I was playing poker tournaments at the Palazzo.  With a 60 minute dinner break, I barely had enough time to eat my dinner, even though I ran from the tournament to the restaurant to put in my order.  Consistently, my food didn't show up until 40 minutes after I had ordered, leaving me 20 minutes to scarf down my food and pay.  Consistently they couldn't even get a basket of fucking bread to me in the first half hour of my arrival.  That's just ridiculous.\n\nI came back once after the poker tournament series was over, thinking it would be better since it wasn't so slammed.  I ordered a salad and a main course.  I sat there forever, asking twice for a basket of bread.  First thing to arrive?  My main course.  WHAT THE FUCK I HATE THAT!  I told the waiter to cancel my salad, who wanted to argue with me that he tried to warn me that the salad would take forever.  No, I asked which appetizer comes out the quickest since I'm starving, and he said they all take the same amount of time.  So I got the salad instead, which does not take the same amount of time to make as the cedar planked salmon.\n\nOh, and the bread finally came after I had started my dinner.\n\nDo yourself a favor and take a walk down to the Venetian Grand Lux so you won't be twiddling your thumbs with a grumbling stomach for a half hour.",,
0,Very disappointed in this place both times we went. I don't mind paying a decent price for good food but I have to say $18 for fish & chips that are less than mediocre is a bit much. 1st time we thought they must just be off their game. 2nd time proved they are not worth our time and money.,,
2,"Stopped by last weekend with my family while we were in town on vacation. Can't say it's the best Kilt we've ever visited, being from San Diego they are much better there. It was just ok, probably won't visit again.",,
2,"The service was great...the food was ok. I have nothing more to say. I wasn't extremely impressed. \n\nThis silly thing won't post. I dont like having to add more words to my reviews to get them to post. I believe that some of best messages are brief and to the point. If the business was better, they would've given me more to document.  There was nothing special.....very Vanilla.",,
3,"Unlike my boyfriend Darren W, I'm not much of a burger fanatic, so when we came here last night, I tried their bbq chicken, and thought it was very good. Very moist and sweet. Also, as a side, I had the broccoli which was perfectly steamed. The service was awesome, and the place has an old-time charm to it. It worked for me. They have no desserts, but I guess that's what Oh! Yogurt's for. :)",,
2,"Ok so, there are definitely pros and cons about this place. We reserved a room but had to wait 3 hours after checking in to get there. The shower floor was sticky and the peep hole in the door had dirty toilet paper stuffed in it, which was gross. After complaining about it, they upgraded us. The upgrade was nice. We had a clean room with a mini fridge (not in the old room) and a couch ( also not in the old room). \n     Here are the major things I liked about it: the staff were really friendly, the habitat animals were cool, the location was awesome, the pizza/ice cream place by the habitat elevators was delicious as well as the cafe right next to it. \n      Things I didn't like: Carlos and Charley's had the WORST service I've ever experienced at a restaurant. Margaritaville was cheesy to me; just not my style. The slots were super tight. The elevators were terrible. I was bringing food for my whole party up to the 27th floor, and my hands were full. When somebody would get off the elevator, the selection of floors would be erased. And it happened at every floor. When I was I the elevator by myself, I had my hands full and couldn't hit a floor button. I got dropped off at the 12th, 20th and then back to the 14th floor before I could get up to the 27th...the shampoo/conditioner was lame but oh well! \n   Other than that, not too bad if a time! Still enjoyed my stay in Las Vegas!",,
1,"Over recent years,  I've had good luck with the Longhorn chain. Not so, of late. When traveling frequently, it's a comfort to know some restaurants will be, day in and day out, a place to get a good meal. Longhorn is becoming more and more hit and miss. This was a miss. I had only 45 minutes for a mid-afternoon lunch. Although service was attentive and friendly, the steak was 50% tough or just plain gristle. The waitress offered a replacement, but I'd run out of time. Fortunately, I'd eaten enough of the excellent rolls and iceberg lettuce salad to hold me until supper.",,
1,"I wanted to like this place but there are several issues.  First of all, they need to heat the buns and melt the cheese as mentioned in some other reviews.  Second, I really did dislike the fact they don't have a soda fountain.  Overall, the hot dogs were pretty good and there were interesting combinations but the hot dogs were kind of overpriced for what you got.  I will likely pass on this place in the future- I'd rather go to Yardhouse or something in terms of food.",,
4,I love being at the 16th hole. Was a great place to watch some golf. It has to one of those famous holes in all of professional golf. It was my favorite part of the day,,
2,"It's yardhouse, i mean i don't really prefer this type of bar. I love DIVES!! so this is a new thing for me to frequent. \n\nMy friends love it and they aren't bad at all. The food meets requirements of a bar and actually exceeds at times. \n\nOptions on tap are awesome but it breaks the bank..\n\nMy advice. Happy hour.",,
1,"I very rarely give a place less than three stars. I ordered online. I decided to get a medium pizza and an order of the poppers. The delivery guy was really nice and my food came quickly. The food quality was the issue. \n\nThe poppers looked freezer burnt... Like a whiteish grey popper that was fried, not the golden brown most people would expect and they tasted old and soggy. Ick. \n\nThe pizza was probably the smallest Ive ever seen and not cooked all the way in the center. After tasting it, I decided I could only tolerate a few bites and I tossed it out. I was hoping to find a local pizza business that could win my heart over to take me away from the big chains, but this surely wont be happening at Sicily's. \n\nThe service was great... Easy to order and fast delivery but the food wasn't to my liking.",,
0,Very bad experience here room was hot dirty sheets the staff had a bad attitude. I got home as I was unpacking I find a roach in there stay away if you can.,,
1,It was just okay \nstair wells were dirty and the same plates were there the whole time I  was there.\n\nyuk,,
4,"Eaten high-end sushi in San Fran, NYC, Vegas..the Sanchez roll at Sushi Brokers in Scottsdale is the best roll I have EVER had... Great atmosphere, great wait staff... Highly recommend!",,
1,"Their food is delicious. I order take out as well as dinning in from time to time. I always order scallop hibachi which comes with soup, rice, sweet carrots, salad, and of course scallop. On this occasion the sweet carrots were missing once I get home, so I called just to let management know. The manager was unsympathetic and said sweet carrots are not guarantee and come with hibachi to \""make look pretty.\"" Unbelievable! The food is excellent just make sure everything is in your to go orders. And if your missing anything don't call....nobody will care.",,
3,Food is always fresh & hot. The wait staff is very attentive and friendly. Can't really say anything bad about this Golden Corral. It sure beats the one on South Blvd. in Pineville.,,
2,Love the bigs decor on the wall. Good hamburgers.\nFries are great!,,
0,If your looking for real authentic Mexican food this is not the place to go. This is out the box from your local food store (frozen food section) I was very disappointed due to advertising flyers having mouth watering pictures. I ordered the deluxe nachos and the cheese was not even melted. Never will eat here again. False advertising!!,,
0,"Customer Service was lacking! Although the line seemed long, you moved along quickly. At no part of the line do they mention you can't have your phone on the ride. Ended up waiting in line for 20+min then being told (not asked) to get off the ride and get a locker to put my cell phone in. Lockers are only $.50 but NO ONE has change. I ended up in the gift shop asking for change and the rude employee said she couldn't open the drawer. I said ok I'll buy the cheapest thing in here. I proceeded to the register and she didn't come over so I asked another gentlemen if he could ring me up. The lady from 15+ feet away says SHE WANTS CHANGE WE CANT DO THAT. I then said yes I'm going to buy something and you're going to give me the change I need. She was incredibly rude as well as the young employees working the ride on their power trips. All that hassle over a shot -3min ride. NOT WORTH IT",,
1,Slow service. Mediocre food.,,
2,"I love margaritas and they are pretty generous with the tequila here. I've tried a few different flavors (frozen and on the rocks) and they've all been tasty. I stay in the bar area so I can't recall what the rest of the restaurant looks like, but the service in the bar area has always been great. Only things I can remember trying here are the chicken flautas and one of their quesos (sorry can't remember which one). And both were pretty good.",,
2,This place alright. I understand it known for bbq items but it wasnt that good. I ordered the beef brisket and it was dry. And I only got 3 pieces. They put more of my side items than the brisket itself. So it was alright for me. Not bad/not too good.,,
3,"I'm biased when it comes to the Y since I've been a member off and on since 2000. I've been lucky whenever I've signed up with the YMCA that I've been able to get good deals such as having the sign up fee waived and so forth. The Chandler/Gilbert YMCA in particular has grown quite abit. At one time the facility was quite small and limited with the amount of free weight facilities as well as their machine weight selection but now it has been expanded to fit two large rooms with a good selection of stationary bikes, treadmills, and elliptical machines. This location is smaller than other YMCAs in the valley because of this you get to know the trainers and the front desk staff a little more to the point that they know when you usually come in and greet you on a first name basis. It's a little weird at first but after a while being greeted with a smile, a hello, and them saying your name is a comforting exchange. The facility hours are not that great on weekends since on Saturdays, they close at 6PM and on Sundays at 4PM but that's the advantage of a YMCA gym membership and that you're not limited to the facility you signed up with, you're able to use your membership at other Y locations, for me that is the Tempe Y or the Ahwatukee Y. So if you'd like that community feel gym where you're not treated just as a customer but as an actual member worth remembering, the Chandler YMCA or the YMCA in general is good for you!",,
0,"The service at Luckys 24/7 was terrible, though the burger was good.  I've been to this Casino four times and still can't figure out the value of my Rock Star card.  Taxi fare to the property was $11 one way, so you start $22 down before you hit the casino floor.  The music is so loud it's difficult to follow your bets.  Good for the casino, but bad for the customer.  This is a bad experience.  Take your money somewhere slse.",,
2,"They got my takeout order wrong & the chicken strombolli was undercooked.\nThe spinach strombolli was tasty, and I can't review the pepperoni because they gave me chicken instead. After sending my comments on-line, a company rep called me to apologize. \nI'm grateful for the excellent service, and I would return to Villa Pizza, but will try to check the takeout order before I leave!",,
2,"Red Squirrel is fine.  It serves food (which I've not tried) and beer (which I have), but finds itself somewhat lacking in atmosphere.\n\nI came here last night (Thursday) after Napier's graduation ceremony at Usher Hall (which is like half a block from here).  I thoroughly expected it to be packed full of celebrating grads but found it pleasantly dead.  Minus the children.  What was with the children?  Is it legal to have children in bars at 7pm?  It's not like this is a restaurant that happens to serve booze, it's a bar,and shouldn't your kids be in bed by now anyway?  Weird.  \n\nAs an enjoyer of the 9a, I expected a lot more from Red Squirrel than it delivered.  The place felt pretty meh and the bar staff seemed bored/tired/uninterested/something like that.  \n\nIn short, glad I tried it and though I wouldn't argue if a friend wanted to go there, I certainly won't be planning a repeat visit.",,
2,HOB located right smack dab in the middle of Mandalay Bay had a great atmosphere and the food was pretty good. We ate breakfast there and we left pretty full and happy. Our server was very sweet.\n\nMy friends and I had a really good time shopping in the little gift shop-really cool items!,,
0,"Oh.  The Jade Bar.\n\nYears ago, I was a regular here.  I spent many hours sitting at the bar, or out on the patio.  I grew up in Paradise Valley.  Most of my friends still live there or near to there.  I found the Jade Bar in 2002 or 2003 and it quickly became my meeting place for friends, out of town guests and business associates.  Back then, we would go there with out a moments notice.  The bar was always fully stocked with great Vodkas, Great wines and one hell of a beer selection.  The bartenders knew how to take care of you.  They were quick to make you a drink, and had a meaningful conversation while they did it.\n\nThen it all changed.  \n\nOne day, we came in as a group of 8.  It was humiliating to say the least.  My friends and business associates waited 10  20 minutes for a drink.  One of my friends ordered one of their most popular drinks and it came out the wrong color.  It wasn't even the right drink! - Since that experience, we rarely go back. \n\nA good friend of mine lives at the base of the mountain, he frequents the Jade Bar regularly.  But even he will admit, \""it is only because its the best choice for a nearby drink.\""  I have gone there with him on a few occasions and I am disgusted by the attitude you receive by the staff.  I am disgraced by the lack of concern for their customers.  It literally took them at least 10 minutes to get me a beer. \n\nHonestly, I do not know what happened!  And it makes me mad.  Because I loved that bar.\n\nSo fast forward to end of 2012.\n\nI struggled with the idea of even going back there. But my girl friend insisted that we go.  I have to admit, that I had a preconceived notion of how it would go.  Well, I was right.  We showed up and found a table sat down and waited.  We waited long enough for me to ask my GF twice to leave.  The waitress showed up and was quick to ask us what we wanted but then was just as quick to walk away when we didn't know.  I eventually got drinks from the bar.  Wow!!  What a mess.  One bartender wouldn't even look at me, he was knee deep in bottles and other crap.  I got a drink for my GF and I had a beer.  This cost me about $23.  They push this idea that they are so great with their MIXOLOGY but honestly, they look like fools.  I work from time to time in San Fransisco and I have seen real MIXOLOGY bars.  This is not one of them.\n\nBig deal $23.  Not really, considering the lack of attention, lack of concern, and lack of customer service.  Back in 2003, I would of had $100 dollar tabs and not cared.  I would spend the money and Tip big!!!  I have never written a Yelp Review.  As a matter of fact, most places I just don't care enough.  But this place went from best bar to the worst bar.\n\nMy friend just told me they are renovating the bar to make it bigger!  This humors me because the last few times I have been there it was pretty apparent their clientele is slowing down.  It used to be packed now it is pretty vacant because they can not make drinks fast enough.  \n\nSo, I guess my final thought is this, you can have the best location in the world and the best looking bar but a structure is just a structure, without good people, you are nothing but an illusion.",,
4,"Let me start by saying, I didn't have much to eat here only an app., but the service and wine was amazing. \nFrom the Hostess, to the Manager to the Server, everyone was great! Everyone had a smile on their face and seemed to actually enjoy their job. It was a nice change from the norm in Scottsdale. The main person that stood out to me was the manager Art, he was so accommodating and went ABOVE and BEYOND to take care of me and my friend, even checked in on us from time to time. \nWe went at dinner time and even tho the patio was closed, they let us sit out there for some privacy. The patio was totally covered with small openings thru the slats. GREAT PATIO! \nArt brought out some wine that rarely was opened by the glass and gave us the rest of the bottle to sample, it wasn't for me, but he was very accommodating and very helpful.  I selected some white (lighter) wine that he recommended, which was about $14 a glass, I think MoMo was the name. The server was really nice as well and when we got rained out from the patio, he brought our stuff into the bar area for us. \nI will definitely be back to have dinner, because if the food, which from the other reviews looks like it, is anything like the service. I cant wait! \nThank you Roka Akor and Art for showing me what customer service is ALL about!!!  You have a customer in me for life!",,
4,The staff here is amazing and Dr. Peifer is extremely hands on and personal with your file. I can tell he is passionate about his work and his patients happiness is very important to him. The girls that work here are so friendly and genuine. I would highly recommend this office and Dentist. Good ones are very hard to come by!,,
1,"My fiance and I ate here while vacationing in the Phoenix area. It is in the \""hood\"" but the inside is really nice. There were multiple tvs showing football games on this busy Sunday afternoon.  It was very crowded and the wait was about 40 minutes.  When our name was called, the hostess (speaking a mile a minute) said we had to sit at a \""two-fer\"" or outside.  Mind you it was about 90 degrees.  I had to ask several times what a \""two-fer\"" was before she finally responded and said a table for two. We took that table and it was TINY! I would have liked to have been asked from the beginning if we were ok with sitting outside rather than almost being threatened (which is what it sounded \nand felt like). Her tone was totally unprofessional. \n\nOk so the food....I had chicken and waffles.  The good: the chicken wasn't by Banquet.  You could tell it was the kind your mother chopped up and fried fresh. The bad: The chicken lacked flavor. The waffle was small and just blah. Not bad...not good. My fiance had chicken, catfish, fries and mac n cheese. His fries were undercooked and it was visible. He said the fish was good but also a tad undercooked. He said the mac n cheese tasted like it was missing something.  Overall, I'd give the food a C. I think it is very overrated or maybe there just aren't many options in Phoenix. \n\nThe service...two different ladies served us but once our food came, they forgot about us. A man I'm assuming is the manager walked by and offered us drink refills after our glasses sat empty for 10-15 minutes.\n\nOverall...a so-so experience. I wouldn't go out of my way to eat here again but I wouldn't throw a tantrum if this is where a friend wanted  to dine.",,
0,"I've been here dozens of times since they opened and while most visits are frustrating and exhausting, this one takes the cake. The cashier (Tonya), seemed friendly enough until I noticed that she never added the discount on the phone coupon that I had placed in front of her. Before I even had a chance to say anything, she was extremely snappy in saying \""You never gave me a coupon\"". When I calmly responded \""Yes I did, I placed my phone in front of you for the code\"" she snapped, \""I don't look down\"". Wow, that must make life difficult. She then told said \""Well, you have to go over there then\"" after I had waited in not one but two lines for assistance. Rather than own up to her own mistake or at least be semi polite about the situation, I get referred elsewhere for a possible third line. Thankfully the girl here was very nice and even fixed the incorrect discount that Tonya had put in (in addition to not bothering with my coupon); therefore, helping me save a little extra. I'm not a cheapskate brat but seriously, service like this makes me want to take my business elsewhere. If I'm going to get reprimanded and yelled at for no reason, I can do that somewhere that I'm not spending money.",,
4,always come here late at night to do homework and everyone is so nice! service is always fast and friendly. beats starbucks wifi!,,
3,"Let me start by saying the ice cream is 5 stars.  The ONLY reason I'm giving them 4 stars is because of the sorbet.  When I noticed they had watermelon sorbet I was extremely excited.  I asked for a sample before ordering and I'm glad I did.  It was way too sweet!  You could barely taste the watermelon, it literally just tasted like frozen sugar water.  So, if you're going to order sorbet, please ask for a sample first to make sure it isn't too sweet for you!\nOn to the good stuff!  Their ice cream is to die for.  I usually get almond buttercrunch during the winter and sweet corn during the summer when it's available.  My husband is a fan of the real mint chip (when they say REAL mint they mean it!) and the espresso ice creams.  I've never had a bad experience at Sweet Republic, and the staff is always nice and helpful.  I saw another review complaining about the serving size.  I think the serving size is perfect.  Yes, it's a small scoop, BUT it is super rich and I could never eat more than a single scoop.  \nIf you're going there for the first time or want to try some of their more exotic flavors I suggest trying them first.  They will literally let you try every flavor they have if you please.",,
3,"What a wonderful place to have lunch. Our server, Nick, was polite, attentive, fun and enthusiastically knowledgeable. The steakhouse salad was superb, the green goddess juice was delightful, and the drinks were well made and quick to land. The atmosphere was light and airy, and it was not noisy in spite of being a large room full of patrons. I look forward to returning.",,
1,"Icky poo. \n\nI've been here twice, once for dinner and once for dim sum. \n\nIt has a griminess that I dislike. Food is overly sweet. Dim sum is overly greasy. No carts with women yelling at you in Cantonese. I suppose the sweetness of the food is probably to appeal to American tastes? \n\nDim sum is marginally better than dinner, though I felt as though the servers resented us ordering it. \n\nThere are far better Chinese food options in the Squill.",,
0,I can't tell you how the food was because we went almost 10 mins ( or the duration of 2 songs) without someone checking if we even wanted something to drink.  The people next to us looked like they didn't have anything on their table either and they were there before us.,,
3,"Oh Dads. Quick breakfast/lunch, great to have nearby to grab some quick or ready to eat food on the go. I know them as being open 24/7 but apparently that has changed recently. It was always the same gentleman behind the counter, smiling and grinning at the drunks that walked through his door. I remember one night he asked my friend and I if we had been drinking (we most certainly had) and whipped out a bottle of Jameson from beneath the counter and said \""ME TOO!\"". We ended up leaving with a dozen bagels, 10 beef patties, a big bag of wings, and half a bag full of things we didn't even order. We left having paid only $12 and he gave us each a styrofoam cup with 2-3 ounces of Jameson. Classic drunk nights.",,
0,"Please kill whoever staffed this place. \n\nI've lived in Scottsdale, so I'm no stranger to the scrutinizing of kicks by chubby short dudes in cheap suits. However, that doesn't mean I'm not tired of it. \n\nMy shoes were fine to get into the club actually - I was wearing worn out Monkey Boots from 1990. I was handsome and dressed pretty sharp and stylish. My presence could only improve the ambiance of this joint. One of the guys I was with had some nice plain white leather tennis shoes on that probably cost 3x as much as mine did when I bought them. He was denied entry. This means we were all denied entry.\n\nAlso, the fact that they allow people in who wear bedazzled t-shirts and who have never heard of toothpaste or deodorant makes my head spin. \n\nThe main problem I had with this place was with the bouncers who wouldn't let us in to look around... We were guests of the hotel and we couldn't get in. The first time we tried, one of us had the wrong shoes on... we went on with our night and had a good time and spent our money elsewhere. \n\nLater that evening, two of us wearing the right type of shoe tried to get in... it was the end of their night and there was no line and people were filing out, but things were still going on and they were still letting people in. We wandered up to the rope/fence that had no obvious entry point and got ignored. Nobody was manning the station either. It was just a few poorly dressed bouncers standing around a podium chatting and ignoring us.\n\nMy friend waved at them and then stepped over a spot where the rope was touching the ground to go talk to them and ask if we could get in to check the place out. We even identified ourselves as hotel guests and flashed our keys. At that point, one of the bouncers got all serious about his job/status and threatened to get physically violent with the both of us if we didn't leave the area. \n\nSeriously? That's how you treat guests of the hotel? We left without an eyeful of nightclub - we left with only an interesting topic of conversation for our elevator ride up to the room. \n\nIn the morning, after checkout, we wandered up to the front of the nightclub and asked a nice woman if we could take a peek inside. She gave us a quickie 2 minute tour of the first floor - the club looked like a weathered old cargo ship. Shit was held together with duct tape. To be fair, they were reupholstering parts of it - and to their credit, the layout of the place seemed somewhat interesting.\n\nOn an off-night, I'm sure a good time could be had here - in spite of the staff trying their best to thwart such a thing. I won't be visiting this club on any of my future visits, and I will be sure to let everyone know to avoid it. For a good time, head to the Chandelier bar just down the street.",,
1,"We recently saw Tom Papa at Stand Up Live and while he was hilarious, I was less than impressed with the venue. This experience was overall much better than our tickets for Pablo Francisco over the summer. We chose the earlier show this time  which started right on time and didn't have nearly as many openers. \n\nMy husband and I both opted for the 'bottomless' fountain drink to cover our two drink minimum. Our server was nowhere to be found after our initial drink service and she reappeared 15 minutes before the end of the show with our first refill and the check. She was all over the place, never said thanks for coming in (or anything of the sort) and refused to smile. It's a comedy club! It is definitely tight quarters without much wiggle room. I am sure we'll be back because they really do have the best headliners in the Valley. However, I would expect better service as this is not a cheap night out. After tickets, the drink minimum and gratuity included in the tab (for just two people?) we easily dropped $100. Hoping for a happier server next time around.",,
4,"My Akashic Record reading with Josefa is exactly what I needed. Some spiritual themes were familiar to me in my life and were woven together in a totally new way. Other new concepts gave me big insights into what I'm moving forward with now and in my future. This gave me a grander perspective of my life, spiritual purpose and true self that is sooo uniquely special and valuable to me. Amazing!",,
0,"Well, my first impression on this place was TOTALLY off. We drove up and could smell the bbq. We were seated and our waitress came over to take the drink order.  We also gave her an appetizer order (We ordered the TK Platter, a little bit of everything).\n\nThe drinks arrived -- mine was blehhh weak and my husband's, which was only supposed to have had just a bit of creme de menthe, tasted ONLY of creme de menthe.\n\nFive minutes later, she came back to take our food order.  We ordered a full rack of babybacks to share, with sides of mac n'chz and baked beans. \n\nThe appetizer came out within 5 min. after we ordered our food.  We still had no plates or silverware, and all the sauces for the appetizers were missing.  We asked for sauces, napkins, plates and silverware and the waitress kept coming back, forgetting one or two things. \n\nWe finally got all the items we had requested and our MEAL arrived!!!  We hadn't even had time to eat the appetizer!  The appetizer was okay, not great.  The wings were large, but they were dry, with hardly any sauce on them.  The nachos just had cheese -- no pulled pork, chicken or beef, just plain cheese (I could have gotten that at Taco Bell!).  The fried pickles were so overfried that they had \""opened.\""  The mozzarella sticks were tasteless, even with the marinara -- however, the jalapeno poppers were fabulous!\n\nThe mac n'chz was totally mediocre, but the beans were delicious.  Although the ribs were tender on the inside, they were completely overcooked on the outside, and the top and bottom were stringy and impossible to eat.  To top it off, the BBQ sauce that was served with the ribs was COLD!  Really?!\n\nWe were mostly ignored throughout the experience.  The waitress was thoroughly stressed out, cute as she was, but cute doesn't get tips from me. The appetizer platter (which was large) stayed on our table (a 2-top, no less!) throughout the meal, even though trash and bones had piled up on it.  Servers and bussers worked around us and never once stopped to see if they could take some of the plates off our table. I was amazed at the tunnel vision of these employees.\n\nOur server finally took our plates, but did not offer to bring the check.  We waited another 15 minutes until finally my husband ASKED for the check.  In that 15 minutes, she passed our table at least 10 times.\n\nOh, and while we were eating, one of the waitresses kept coming to the table beside ours to talk to the man who was seated there, and to hold the baby that was at the table.  After seeing her every few minutes or so, I realized it was HER bf/hubby and the baby was HERS!  She spent so much time at this table and I kept thinking to myself -- if she were serving me, I would be thoroughly p.o.'d that she wasn't taking care of her customers!  I guess I'm a little old fashioned.\n\nThat amazing smell when we drove up?  Must have been \""piped out.\""  To say I was unimpressed is putting it mildly,  We won't return.  End of rant.",,
0,"Poor service, bad food and cheap setup. By the way price is no cheap. I wish I'd gone to Waynn and paid 10 dollars more for the dinner. I should have taken pic of the deserts to show what I mean... Filthiest desert I've ever seen, didn't even bother to try.",,
3,"Can't believe I've lived in the Valley almost 10 years before my 1st visit to Filiberto's.  I've tried several things on the menu, but this is the bottom line - the places are SPOTLESS.  The food is cheap and real and good.  I'm partial to a tostada when I'm in a hurry.  I'll get an enchilada plate if I'm in the mood to sit down.  Both fill me up.  The salsa bar is always a nice touch, although I don't think their salsa is the best.  Quality fast food and a good price.",,
1,"I had heard that it had live music, and by looking at the pics of the lounge, that's where I wanted to take a date. I went on a friday night, at it was so-so busy. As i sat there, i was appalled at what I heard. I might as well have been at a dueling piano bar. Don't get me wrong, the musicians are good, but that room screams for classy jazz type entertainment, not people taking requests for zepplin. In my opinion, they're trying to use \""young-type\"" music to attract crowds like blue martini does so well up in City North. If anyone from their management reads these, please don't try to be what you're not. Emphasize what's unique about yourself",,
3,"I lived here for 10 years and never visited the botanical gardens before today. And I have no idea why, because it was a beautiful experience.\n\nDefinitely leave some time for your visit. We didn't dawdle and it took us at least 3 hours to explore everything (including the gift shop, which is like a garden lover's dream). Every kind of plant was clearly marked and we often found ourselves exclaiming, \""I didn't know there were so many different kinds of cactus!\"" several times.\n\nThe paths are wide and very well maintained and the trails are clearly marked and often lead to interesting places to rest or learn about the plants that inhabit the desert areas. We went during the holiday season and the luminaria bags were set out all over the place, awaiting lighting at twilight. During this time of the year, the gardens close at 4 to prepare for this night time event, so remember to consider that when visiting. Visiting Las Noches de las Luminarias is an extra charge (and quite expensive at $30+ a ticket, but some say it's more than worth it. We skipped that part of the experience this time) and popular nights must sell out in advance because we saw several signs letting people know that the event was sold out. Something to remember. Even without being lit, the luminaria bags along the pathways were cool anyway and added to the festive scene. On a side note, who lights the over 8,000 luminaria bags anyway? Yikes!\n\nOverall, the gardens are beautiful and the views of the mountains that surround Phoenix are top-notch. Parking is abundant and free and there are several garden employees that were milling about, waiting to answer questions or to direct our attention to something particularly interesting.\n\nThumbs up and worth a visit!",,
2,"With a desire to get out of the 100+ degree heat, we headed up to Cave creek for a bit cooler weather, some chicken tacos and a couple brews.  El Encanto has a neat little pond in the middle of the restaurant, and pretty darn good food.  The service was great, draft beer was ice cold.  I wouldn't necessarily make the drive solely to eat here, but when in the area it is a very solid dining optoin.",,
1,"Came here for a fun date night because I received a dining credit from work for $50. We didn't come very dressed up (jeans and a nice top), so right away our waiter was cold towards us. We ordered a few drinks but they tasted like there wasn't any alcohol in it, so I asked the waiter if he could bring me a new drink because this one taste too sweet, he took the drink back without an apology and brought me a smaller glass with the drink...and charged me for TWO drinks even thought i had only taken 2 sips of my first drink. Our food was fantastic but when we went to pay for the check and handed him the dining credit he gave us a dirty look and walked away. When we got our check back he had already added on his tip, assuming we wouldn't tip him well...he gave himself a nice tip of $25 for a $150 meal. Even though the food was good, the service and snooty looks were enough to never have me come back! Also, it was hard finding this place! Had to walk around for 30 minutes to find out you have to take secret elevators to get here. No thanks! Just because I live in Vegas and can't drop $300 on a nice meal doesn't mean I deserved to be treated like that.",,
1,"The wife and I have our usual sushi place that we frequent often, but we decided to try an new place on a Saturday night after a long day of driving around Charlotte for new adventures.  We got to the restaurant around 8pm and I was a little surprised by the amount of people there. The bar area was pretty much full, but there were only two other tables occupied. Anyway, the hostess greeted us and gave us the option of bar or table, but as I said above there really was not any place at the bar. Needless to say that we opted for the table. Our waiter was quick to fill water glasses and get our order going, but he was a little iffy on menu and special knowledge. He may have been a new hire, but I don't know for sure.  \n\nAppetizer came out pretty quickly, followed by sushi. Out of everything, I really only enjoyed the nigiri, because all of the rolls that we ordered tasted off to me. The fish in the rolls was not bad, but the flavors were just not right and there may have been a level of freshness. I can't say for sure. The waiter omitted an item from our sushi order, but he quickly rectified that and overall the service was fine.\n\nI am hesitant to return to this place, at least as a sushi option, but I may return to try some of their other food options.",,
4,"I had an absolutely lovely dining experience at Indaba and really felt that the service was really top notch - the staff totally made the night for me.\n\nFirst of all I'm probably a bit biased when it comes to anything tapas related. I love tapas. If I could go into any restaurant and order things tapas style, I would. A small plate of food to share is my idea of perfection, so I was so delighted to read good reviews about the tapas place a five minute walk from my office.\n\nWe ordered four tapas and one dessert for two people, plus a couple of extra servings of bread to mop up the delicious sauces, which with a healthy glass of wine and bottle of beer came to about \u00a340. This was more than enough food for us, we left feeling totally satisfied. We ordered one of the daily specials and the garlic prawns, but the two winners were the fallen tower of aubergine, beef tomato and mozzarella, and the pork ribs baked in chilli, tomato and honey. I totally recommend trying these two dishes, they were sublime. Upon reading so many reviews online, we finished off the course with the 'crying cake' which was so delicious. A warm chocolate pudding that when prodded, 'cries' rich chocolate sauce. Despite not being much of a dessert person, this totally blew my mind.\n\nAs I mentioned earlier though, it really was the staff that did it for me. They brought the daily specials board over to us which was actually a really nice touch, it wasn't hard to catch their attention if we needed extra bread or drinks despite being quite busy, they brought the dishes out one at a time in perfect succession so nothing went cold and they even gave us a complimentary shot of lychee and vodka at the end of our meal with the bill. Winner! I can definitely see myself becoming a regular here.",,
3,"Came here as a third wheel with my best friend and her date. I didn't mind since I am a social butterfly, I had a great time on my own for majority of the time with cool strangers. At first we ordered our drinks and sat down on the outdoor patio before heading inside for some dancing. Decor was lovely, stayed on the patio a lot for the scenic views,met people from all over the world here. Drinks were great, music as well. I'm totally going back when I am back in town.",,
1,"This is my third trip to Vegas and have stayed at Aria each time. \n\nMy wife and I where here in October 2012 and we visited the buffet one night for dinner. The price was about the $35 mark and we also brought the drinks package for the $12. \n\nWe found the food was a great selection and the waitress was always filling our wine glass up each 5 minutes. \n \nSo under $100 we had a great value dinner with drinks and found the food was fresh and lots of flavours\n\nThe waitress also told us that in a few months that the buffet was going to be upgraded. \n\nOn the 4/4/2013 we returned back to Vegas and booked back in with Aria, we had a long flight from Miami and we're starving. So we made our way back to the Buffet for dinner. \n\nTo our shock the price that night just to eat was $43 each, with taxes our and NO drinks our cost wad $97. But with a new seafood bar we thought it should be worth it. \n\nWe started at the Chinese section and found the food well below par. \n\nWe moved onto the \""Fresh Seafood bar\"", I had the prawns, crab legs. I took one bite of the prawns and they had no taste, I then started on the Crab legs and they too had no taste. The taste was like they had been defrosted and left in cold water for hours before been placed in the bar. \n\nI left a entire plate of seafood on my table that I was unable to eat. \n\nThe only saving grace at the buffet is the Red meat section, the beef was full of flavour and had a great pink centre to it. \n\nFor a price of $100, we were left with a huge disappointment not only from the buffet, but also from the waitress that because we decided not to buy the drinks package we had to ask for water at each time. \n\nI doubt that I will every return to the buffet on our next return to Aria.",,
2,"Great food, but this location is always busy so it's not a good place to go if you don't have a couple hours to eat your meal. If they are busy, it could be difficult if you need extra accomodations. Not that they aren't willing to help, just a lack of space.",,
1,"If you mind waiting 30 minutes for water and more than 45 minutes for a soda, then you probably shouldn't go here.\n\nWe had a table of 10 here for Father's Day - and they weren't even that busy - and that's how long we waited for drinks. Oh and we sat down and were never given menus, we got those for ourselves.\n\nHowever, the food is decent. The salsa is good. And the food and drinks are cheap. Though I wouldn't come here again since it's irritating to wait so long for a drink in 110 degree heat, some may not mind and then maybe this place is worth trying. But if you're like me and love Mexican food and a great experience, I wouldn't recommend spending your money here.",,
4,"Yum!! I love the Italian sandwich,it is the best Italian Sammy I have had out west, since leaving the east coast. The Philly cheese steak is awesome as well. I usually get my Sammie's to go,but they have plenty of seating. It's clean and staff is very friendly. This should be everybody's go to sandwich shop in Chandler. Don't forget your Tastey Cake.",,
4,"Very good southern fried chicken and waffles.  Wait staff was amazing and the sweet tea is out of this world good. The waffles remind me of Waffle House waffles, and that's a good thing!  \n\nI had the chicken tenders and you could tell they were breaded in the kitchen and no pre-frozen. My wife had the chicken and waffles and she really enjoyed it!  \n\n\nOverall, I highly recommend this place!",,
1,"Our hungry party of 6, looking to be wined and dined Vegas style, were thrilled at being able to get a late night reservation via our bartender at Parasol Down in the Wynn.  What started out well, ended with two words....very disappointing. \n\nThe single biggest problem was that it took way too long to get everyone's food. Two of us opted to splurge and go for the ultimate dining experience ordering the special Top Chef menu selections.  You would expect the Bravo Top Chef Menu @ $175 per person to blow us away right?  I wanted so badly for each dish to reach the Top Chef mark and be better than anything I've had the pleasure of savoring before, but it just never took me there.  \n\nAs each course was brought out, I could see the anticipation of the rest of our party, but because it was portioned for 2 we could not share the wealth so to speak.  Instead everyone else got filled up on bread and drinks by the time their entrees were served. We'd been promised \""gifts of the Mediterranean\"", but at the end of the night it turned out to be the longest, most expensive journey on our quest for food perfection. It did not live up to the Vegas hype.  \n\nI don't know who to blame for a lackluster and well below par Las Vegas dining experience.  Initially, there wasn't going to be any compensation for having our group of 6 wait for two plus hours for the main courses, but after speaking to the manager they comped 4 meals and only charged us for the 2 Top Chef menus.  \n\nThere were too many courses to mention and only a couple of stand out dishes.  Was the food fresh? Yes. Were the dishes authentic? Yes.  However, far too few pluses and several irking moments make it highly unlikely that we would return or recommend this restaurant when there are so many other great options to choose from.",,
2,"Luckily, I was staying at Harrah's so I didn't have far to go to get my ice cream fix. \n\nI was able to find Ice Pan pretty easily. It did take me a while to figure out what I wanted though. I ended up with pistachio flavoring and soy milk as my milk base. I also added in cheesecake bites and strawberries. I loved that I got to taste bits of REAL pistachio. I wish my cheesecake bites were just put on top of my ice cream instead of mixed in...but my fault for not specifying. Otherwise, pretty good ice cream. Not worth the price though, in my opinion. I might come back again just to try out different flavors/combinations. A plus though for having soy milk for those lactose intolerant!",,
2,"I love my Salvation Armys... sorting clothes by color and size, what a novel concept! This one used to be stellar but lately they don't have nearly as many clothes (at least not guys' clothes, anyway), so I don't go here as often. But the prices are fantastic. I can't tell you the joy of buying a rocking tshirt for 99 cents, only to have it be the \""color of the day\"" and end up getting it for 49 cents!",,
3,"Their chocolate is quite tasty, but their truffles were not for me. For example, the chai truffle has a very strong kick of ginger, but I prefer chais that are smoother. I also like a thicker coating of chocolate on my treats. Don't let my personal preference stop you from trying some, though. I tend to be picky. \n\nThe shop is family owned and operated and everything is made fresh. We've been in a few times since they opened and the family has always been very pleasant to chat with. If you're looking for a savory bite or something a little different to treat someone you love, definitely pop in and check out the variety of chocolate treats.",,
0,"You can't be bothered to bring us water or ask for our order or even stop by at all for 15 minutes? Seriously? Then you seat other people and offer them drinks? Um yeah, no. The service was intolerable, and I'm writing this as we walk back to our car. Off to find local Italian!",,
1,"I had the steak and lobster tail - had to send the steak back because it was not the temperature I requested. It was hold when it came back, too much sugar in the sauce too, I gad an empty most of the lunch so service was pretty bad too",,
0,"Honestly, their food is good but their service just ruins everything.",,
2,"For being one of the most aesthetically pleasing and warm feeling coffee shops I've been to in Vegas; I found it a bit counteracted by a busy upscale location being Boca Park. Which if that's your cup of tea that's fine and I appreciate what it has to offer but as for the Coffee shop at hand it seems like a place you'd find in a nice chill Pacific Northwest town(which is what I like about Sambalatte's atmosphere).\n\nAs for the Menu it's all done out fashionably in chalk and looked very well balanced with choices of Coffee, Tea's, Espresso, Iced Coffee, etc.  The thing that stood out to me about the Menu was the fun choices it had the I don't normally see at places such as Coffee Bean & Starbucks. Of course I went with the fun choice off the seasonal menu and was not disappointed. I ordered the Nutcracker (Vanilla, Hazlenut, & Chocolate) and it hit the spot. I'll be the first to admit that I'm not a coffee pro but this was the perfect blend of flavors. Unfortunately my girlfriends Latte' did not live up and was very watery.  \n\nOn another note the if you order in you get served in quaint coffee cups that remind me of coffee shops I would pass through in Europe and adds to the overall environment. It's also very accommodating with outlets & sweet furniture galore for you \""Lap Top Coffee Shop Folk\"" and whatever it is that you do ; )\n\nBut seriously if you don't mind the Hipsters that roam about the area I really recommend you give it a shot. It's a very nice shop with a menu I know I'll be back to further dive into. Try the Nutcracker while they have it!",,
1,"Tired and hungover? Want to have breakfast in a jiffy so that you can go back to bed? This is the place for you!\n\nI've only ever been here for breakfast and in varying degrees of alertness, and the staff at Omega give me a little boost on my way to feeling normal again in under an hour. There are various omelettes, pancakes, and melts, but when you need a quick fix and value for your money, the bronze, silver, gold and platinum breakfasts are the way to go. They are iterations of the same theme: two eggs, increasing amounts of breakfast meats, toast and potatoes. Although I would love to go for gold, silver is my go-to. I suggest forgoing the usual breakfast meats and order the polish sausage. The whole table had meal envy when my silver platter came with delicious garlicky slices of polish sausage. That's always a good sign that you picked the perfect dish. \n\nThe staff is warm and friendly. The service is quick. And the coffee was free flowing. When it's the morning after a super fun night, what more do you need?",,
2,"Cheap, filling, and way better then the Strip's offerings\n\nPick up a small dish here and grab some poki next door and you have a jammin lunch.\n\nIt's simple people you grab the pad thai and get the tuna\n(And then the Batman! =)",,
3,"Why wouldn't I be a fan of my own known world? ;) \n\nM&M's!! how could you go wrong with a variety of M&M's, accessories, etc.? This tops off the fact that they have 4 floors of goodness. They include a show that you can catch watching for a good few minutes. Can't complain about the prices, it's Vegas. The only, only, ONLY reason why this is NOT a 5 star is because...\n\nTHEY NEED TO BRING BACK THE CRISPY M&M'S PLEASE?!?!\n\nC'mon, why advertise the ORANGE M&M when you guys don't even sell crispy M&M's anymore. Sure, pretzel M&M's are good, but it was my ultimate favorite. I think it was everyone's favorite.",,
3,"Awesome lunch, with true value.  Amazing sea bass deftly filleted, head included (cheek meat!), served with perfect fries.  Beautiful walnut cake with the best Greek ice cream (hints of honey and herbs).",,
0,"I was thinking of places to review, and though 'ah sin'... i need to warn people!  Apparently the 77 yelpers before me all tried to warn me; wish I had used Yelp prior to this trip to Ah Sin.\n\nMy friends and I got suckered into the \""deals\"" that you see on the banners walking along the Strip, $20 for all you can eat!  On the strip?  We're in a rush to hit up the clubs later that evening and we want sushi?  We wanted to go to Makino's off the strip, but didn't have time, so we forego there and decide to try out Ah Sin thinking \""it can't be THAT bad if it's on the Strip in the Paris, Paris hotel!\""\n\nBottom line, this should be \""Ah Shit\"" because that's how my ENTIRE group of 8 people felt.  The sushi is small, anti-delicious, and they put on sooooooo much rice!  The tuna I had tasted horrible and not fishy at all, and overall, the quality of food was horrible.  \n\nThe $20 AYCE is for a shorter list of menu items you can choose, and there's a more expensive $30 AYCE menu which is more extensive, and I believe it also includes AYCD Soju which is nice.\n\nSound good? Don't fall for it.  When it came to the bill, handing over that $50ish to cover me and my girl was so upsetting and frustrating that it literally and metaphorically left a bad taste in my mouth...\n\nParis, why???",,
1,"The best thing I can say about this place was that it was cheap. After that there was nothing nice about it.  We had a \""fab\"" room which they gave us begrudgingly after the first \""Jr. suite\"" they gave us was totally unacceptable. The jr. Suite had a \""bedroom\""  with only a bed-no TV-no dresser-nothing (and that was the nice part)-so after they moved us they gave us this \""fab room\"" which was anything but.  It was small, had a gross old bathroom, didn't have a mini bar or refrigerator, nor any upgrade that I saw.   On top of that this casino lacked the air filter system that other newer casinos had and was full of smoke that practically choked us and was impossible to spend any time in.   Also, their employees seemed totally unaware of where they worked.  We constantly asked people where things were in the hotel and not a single employee could answer our questions.   For example we saw on the hotel map a burger/sports bar located somewhere in the hotel.  We asked several people who worked there (dealers, security guards, etc) where it was and not a single person could tell us. We later found out it was closed for remodeling and no one knew...do yourself a favor and spend a couple of more bucks at a nicer hotel.  It will make your trip so much better....",,
2,"Just had Pearl Wok delivered and I can't say it was as good as some of the others say it is.  I'm somewhat disappointed by Chinese food here in Vegas, and Pearl Wok is more of the same... average Chinese food.  I had the kung pao chicken and thought it was pretty bad, but the hot and sour soup was good.  I will say that the ordering process was very smooth -- they didn't mess up my order -- and the delivery was very expedient.",,
3,"Being that I was staying at the Monte Carlo hotel, I thought it was convenient that the hotel has this awesome lounge. Not only does it have plenty of space for you to sit with your significant other or a few friends, it is also open 24 hours a day so your party self can get some drinks in throughout the day. I don't judge!! The place isn't poppin but it def has a nice vibe to it. It's not overly crowded and it has great music playing. I made a quick stop here for just a quick drink and my bartender was fun and outgoing. The lounge is clean and prices are also really decent so I would recommend you stop by here especially if your home for the weekend is the Monte Carlo hotel.",,
1,Disappointed with food service at pool. Took 2 hours and food was cold. Also very slow service at The Grotto. Wait staff didn't check back. I think the hotel is seriously understaffed. Also coffee in the room was $10 for 4 k cups!,,
0,"Great food, but terrible service! They screw up but are unwilling to back it up. Terrible business practice! I won't be going back, And I was a long standing loyal customer!",,
2,"Got a Groupon for 25 dollars that was good for archery practice for two. The gf and I went, we had tons of fun. The employees were informative and gave everyone pointers when they saw we needed them and I needed a lot! We will definitely be back.",,
4,"Overall, Vdara was great -- thats why it gets 5 stars from me. We stayed here this past weekend with a group of 8, two rooms. When we checked in we slipped a $20 with the ID (A good Vegas upgrade practice) and got upgraded to two Bellagio Fountain rooms right next to each other which was great.\n\nAs many people have mentioned, the hotel smells fantastic when you walk in. It is such a breath of fresh air (did someone make that pun already, too?) from every other hotel on the strip. The thing I really disliked about vegas was the smoking EVERYWHERE, so coming home to this hotel was so refreshing as it is a non-smoking property as well.\n\nThe rooms were modern, the service was for the most part speedy, and the views we had of the strip/Paris/Bellagio fountains were AMAZING. Really a great place to stay if you are looking for something modern, classy, and different in Vegas.\n\nStill 5 stars, however  it wouldn't be Yelp if there weren't a few nit-pickey things to say. Just to point out in case any of these things hit your buttons:\n\n-- The $25 resort fee. Thats $25 a day, and supposedly covers the pool, gym, Wifi, and bottled water in your room. The Pool was closed for renovation during our stay (We were  given use of the Aria pool next door by showing our room keys, which was actually a plus for me since their pool was amazing!). Also, the Wifi barely worked and we had to ask for the bottled water to be replaced daily (not usually a water snob, but the tap water there tasted very odd). $25 still seems way too much for all that, but it is Vegas.\n\n-- No Pool (for now at least). Like I mentioned, if you are booking around the date this review was posted note in advance that their pool area is currently closed for renovation. You are given access to Aria's pool next door, just show your room key when you walk in. Aria's pool deck is fantastic: three pools, three spas, and a bar. Watch out for those $25 Mojitos...\n\n-- It's a short walk from the strip. This didn't really bother me as after the first day we pretty much had our bearings and could figure out the fastest ways to the strip. Vdara is connected to Bellagio via a bridge so walking through Bellagio, to their casino, to the shops was one way out to that end of the strip (or) taking the tram to Crystals or Monte Carlo was another. Just know that everything will be a walk, and everything looks closer than it is!\n\n-- Be ready to ask for everything. Although the rooms have kitchenettes, none of the cupboards are stocked. We called Housekeeping countless times to request things like silverware, glasses, plates, a can opener, bottle opener, hair dryer, more towels, blah, blah. There a little signs around the room that say things like \""For your convenience, you can request kitchenware from Housekeeping.\"" Not sure how this is more convenient this is for the guest... or even the hotel for that matter. Just making more work for housekeeping! We received most items we requested within 20 minutes.\n\n\nBottom-line, I would stay here again. Everything was high-end, modern, and such a nice break from the strip. However, I'd probably choose Aria or a different hotel on the strip next time just the same, to try something new!",,
1,"The place was dead, but the dining area was a mess.  The few staff members I saw were clearly not interested in their jobs.",,
1,"I have seriously mixed feelings about this place. But after reading the review by James L., I realized that I wasn't the only one who felt this way.\n\nFirst, Dr. Steelman did help my sick cat come out of a very serious respiratory infection. I will always be appreciative of that. The fees are also very reasonable. They are probably some of the cheapest in town. I would give her treatment of my cat 20 stars if I could. But everything else outweighed the good. \n\nIt's almost impossible to get an appointment. And when you do get in you still have to wait upwards of an hour in the waiting room. This is where the problems really begin. The waiting room is filled with cats. I love cats more than most people, so you'd think this wouldn't be a problem for me. However, many of the cats were sick with god knows what. They cough, have drippy eyes and noses, and wander around jumping onto your lap and peering into your cat carrier.\n\nPlus, the entire place reeked of cat urine. The smell actually made my eyes water. I understand that they have a lot of cats there and that they are doing their best to take care of them, but when you can't keep up with basics like litter maintenance, it's time to reconsider and make a decision. Her fees are so low, they could probably raise them up by about 10% to hire more part-time staff and still be the cheapest in town.\n\nThis place is probably ok if you're cat isn't particularly ill or vulnerable. But even if you are desperate for a cat-only specialist, I believe that that this is NOT the place to bring a cat who is immuno suppressed.",,
3,"my wife needed some comfort food, and restaurant saigon delivered.  yes, we were in need of some pho, which in montreal is called \""soupe tonkinoise\"".  since we live in denver (CO), we are accustomed to the usual mound of lime wedges, basil, and culantro, which accompanies this delicious vietnamese dish.  none arrived.  we figured this was a canada/montreal thing.\n\nhowever, we were pleased by the very hot and delicious broth.  the difference seems to be thicker noodles and a heavier/fattier broth.  my wife loved it.\n\nthe meal was delivered quickly, and it was cheap for montreal standards.",,
2,"As a fan of Tom Colicchio from Top Chef I really wanted to love this place.  Today's rating reflects the disappointment I felt. The rating is also based upon a comparison with comprable restaurants as Craftsteak would get five stars if I compared it to Sizzler. (sorry all you sizzler fans)\n\nI expected an overpriced steak house so the three rating is not a reflection of price so much as it is of value.  For instance, I have had 5 star experiences at Hank's and Delmonicos.\n\nFrom the moment I walked in, I was disappointed.  While I expected a somewhat less glitzy environment, I felt like I was in the Hofbrauhaus as the place was jam packed with tables, noisy and the decor seemed uninspired (cow paintings, really? And not very good ones either).  \n\nI have to give a shout out to the 5 star service we received.  The waitstaff was amazing.  Yet I found it disconcerting that the dining manager was out in the dining area discussing issues and business within four feet of the diners.\n\nWe started with the diver sea scallop appetizer which was exactly as advertised and well prepared so I began to feel at ease.  The waiter suggests the scallops or the lobster bisque but we knew we could never finish two appetizers and our meal. The drinks, although pricy were creative and excellent as well.\n\nI ordered the rib eye and my dining partner ordered the surf and turf.  We ordered sides of mixed exotic mushrooms and grits with bacon.  The sides were excellent and the grits may well have been the best dish of the meal even if grits aren't your thing.\n\nThe main course arrived and well I can only say I was overwhelmed by the size and underwhelmed by the taste.  The large 18 OZ ribeye looked so good in the metal pan that I couldn't wait to dig in.  But first I have to rewind.  I like my steak medium rare most of the time but I find good steakhouses tend to think rare = raw, medium rare = rare etc.  So I asked the waiter what the chef's medium rare was.  The waiter told me medium rare was red center, pink surrounding and medium rare was pink all the way through.  So I went with medium rare.  Unfortunately it came out red all the way through.  Im ok with that but I would have gone with medium had I known.   The steak was well seasoned but the meat was much tougher than I have had at other steak houses and the marbling was not rendered down enough causing a rough cut.\n\nThe Lobster was nearly flavorless and chewy.  The filet was cooked medium but was actually medium rare so we enjoyed it but it too did not pack a punch.\n\nWe looked at the desert menu but I was already disenchanted so I refrained.  My dining partner had the souffle which was not in the top 5 souffle's we have had, even at less distinguished establishments.\n\nSo while the meal was above a chain and probably above most off strip places, it earns a 3 which according to Yelp means A-OK which satisfies my review standards.  4 would mean I was a fan which I am not and will not go back short of someone offering to pay for the meal which was pricey (2 people, 4 drinks, 1 app, 2 steaks and 2 sides nearly $400.00.  \n\nThey do offer fixed price meals with choices which would have given us more food for only a little more money but we didn't finish what we had and were glad we didn't opt for the extra side and dessert.\n\nBottom line, while this is a premium steak house there are many equal or better choices for the same price or less within 15 miles.  I could list about 10 off the top of my head if anyone wants to know.  I'll make a list if some of you readers ask.",,
4,I don't know where to start. From the time I walked in I was speechless. This resort is gorgeous! The staff was very friendly and they truly made us feel like VIP. We live here in town and staying here for a staycation was so relaxing and peaceful without the chaotic loud mess the strip resorts can bring. The Westin has just gained two big fans!!,,
3,"So an American walks into an Irish Pub in a French-Canadian city... talk about your cultural cocktails. Despite 90% of the customers speaking French, you could mistake Grumpy's for a classic pub in New York, or Dublin for that matter.\n\nUnderground, dark, chill... one TV off to the side just in case you want to watch something on TV... that's the way an Irish pub should be; heck, even the TV is optional.\n\nBartender was great. Really nice, attentive, and quick.",,
2,"Liquor World is in kind of a sketch spot.  I found this place while staying at the MGM not too long ago.  In the efforts of trying to save time, my wife was checking us into our room and I decided to cross the street to get some booze.\n\nLiquor World is on the South East side of the strip east of Hooters and Coco's breakfast joint, it's about a 10 minute walk from the MGM lobby.  The store appears to be ran down a bit, but it's certainly a better option for buying beer and liquor than anywhere else on the strip.  Walgreens has a good liquor selection with similar pricing, however this place was closer and more conveniant. \n\nWhen you enter, there's a case on the left loaded with glass wear for smoking, the middle of the floor is normally filled with ice and cheap cans of Bud, Coors, Mikes etc.  The left wall is where you'll find the liquor.  They have 1/5ths and 1/2 gallons available for purhcase.  There wasn't a specific liquore I wasn't able to find.\n\nThe mixers get spendy, they wanted about $10 for a gallon of Cranberry juice, where as Walgreens had a half gallon of cranberry juice for $5.  A half gallon was a lot more reasonable than a full gallon.\n\nService was helpful, but the place is ran down as mentioned.  I was in Vegas 1 week ago and Walgreens had just about everything Liquor World had, except it was cleaner and easier accessed via those on the strip.",,
0,"I am in the area for a few days and was excited to check out this shop when I saw it.  I was only browsing and am not a collector by any means.  Who knows though, it could be something I could get into.  I looked around a little and tried to be pleasant with the shopkeeper.  I didn't speak much at all but the more I said or asked the more irritated he appeared.  I was only in the shop for about 5 minutes, how much can a guy say in five minutes (a lot less than I am typing here).  He even responded with, \""I don't care.\"" to start one of his responses.  Everybody is entitled to an opinion but what kind of PR is that?  I then asked what part of his collection he enjoyed the most.  He responded with, \""I don't get in to that.......that's like asking what your favorite color is.\""  I said something else and used the term collection and was called on that too.  \""This isn't a museum and it is not a collection, it is all inventory and it is all for sale.\""  Well, they say if you can't say something nice, don't say anything at all.  I was so frustrated by his lack of people skills that I couldn't even say thank you as I left the store.  This guy should do Scottsdale Old Town a favor and hang up his hat and either hire someone to run his business or close up shop.  Don't go to this shop unless you are serious about buying or selling something.  If you are going in to possibly spark your interest in a new hobby, you this guy will just pop your bubble and turn you off from the idea of collecting coins.",,
1,"I will never for the life of me understand the attraction to these places. These \""clubs\"" that aren't really clubs but are clinical elitist bars with the music jacked up over the bad speakers.\n\nEverything is terrible; decor, door attitude, prices, clientele, music, everything. Basically, really wealthy guys with little taste come to these places (trusties, wealthy college kids, Arabs - some of whom were my friends and dragged my ass here), and in response, comes the trashy gold digger girls, leading to the shitty decor and fat angry doormen.\n\nThen what happens, is the staff realizes if they do nothing, coked up dumbasses will still pay and tip the same; cuz these people are just so excited to be drinking alcohol away from their strict parents, even though they're in their twenties. This results in a hierarchy of tipping/clientele, which results in a disastrously shitty bar that is maintained by tastelessness and rich kids throwing Dad's money in the trash, unknowing that entire worlds exist less than 1km away in any direction where you can get value for your money. There is nothing of value in Le Confessional; not one thing, not one lightbulb, or color, or song, or anything. It's like a cultural virus, made of all things unnatural, superficial and wrong with society.\n\nThese places I feel should be illegal (others in Montreal are Buona Notte or Joverse), but hey, there's a damn market, so fair play to the owners for milking these transient idiots who justify going to these places because its \""next to their house\"" and they \""have the servers under their thumb\"" and can \""buy dumb chicks.\"" But anyone \""normal\"" who actually knows how to read, or make decisions, or enjoy art or music, should never come close to this kind of place lest you want to get socially disturbed and end up in introspective therapy sessions trying to figure out what the hell happened.",,
2,"I was there about a week ago for a function with the school I volunteered with. The location and the room we were in were great! They even provided all the students with a small tour of the mansion. Everything was great, but I can't say the same about the service.\n\nSome of the servers (not all) were really rude to the students. When I asked if our table could get some more bread, the sever coughed up an attitude and dropped ONE piece of bread just on my plate. Our food was cold by the time it reached our table and it looked like it was thrown on a plate. One person kept asking if he could get an iced tea and he never received it.\n\n I know we're just a school function but the organization spent a lot of money for this event and there was a lot of very important people there. The location was really nice and the space was great, but the service needs some serious work.",,
1,"We are on the hunt for a new Mexican restaurant after the Laredo's down the street closed. After a visit to La Hacienda, we will keep looking. \n\nThe salsa was bland - the margaritas tasted like they came from a premixed bucket - and the food was just flavorless. \n\nNext time we'll trek a little further south on Park and go to Taqueria Guadalajara.",,
3,"After nearly 5 years away from Vegas, I was back. And as you can imagine, I had a handful of restaurants I had been dying to check out. Out of the five, only one lived up to the hype and will continue to see me whenever I'm in town. Can you guess which restaurant that was?\n\nMy wife and I made reservations a month out because we knew it would be difficult to get one if we had waited any longer. So that would be my first recommendation if you plan on coming here... reserve your spot as early as possible. During dinner, I saw a couple come in without a reservation and they were regrettably turned away. Don't let that happen to you.\n\nMy second recommendation would be to order the $100 Omakase option. Apparently the difference between this and the $75 option is the quality of the food; my opinion is, if you're going to eat a dinner of this caliber, why not spend $25 more to get the best?\n\nAs far as the food was concerned, I don't know what to tell you except: be prepared to be wowed. Granted, not all of the dishes were mind-blowing, but plenty of them were. Some of my favorites:\n\nHairy crab: I had never heard of this prior to my visit to Raku, and apparently they only exist in parts of Japan, but the meat was flavorful, and they pre-cut the shell so it's easy for you to scoop out the meat. And the vinegar-based dipping sauce that comes with it is absolutely perfect with the crab.\n\nSashimi: The tuna, paired with marinated seaweed, was awesome. And the uni was by far the best I've ever had. So rich, so creamy, so buttery... SO GOOD. My wife never had uni and refused to try it because of the way it looked and because she's a texture-eater, but I convinced her to try some, and she ended up liking it. Some day, she will love uni; I'm sure of it.\n\nBacon-wrapped mushrooms: So simple, yet so delicious. I love the texture of these mushrooms, and when combined with the bacon and a soy sauce-like sauce, it's seriously fantastic. I could pop these in my mouth all day long.\n\nSalmon belly: The salmon was cooked so well (meaning not overcooked and dry), and the skin was perfectly crunchy and salty. Combine that with salmon roe in each bite, and you've got a magical blend of flavors and texture. Popping the roe in your mouth completed the dish so perfectly. Awesome.\n\nWagyu beef: This was served on a skewer, cooked to a perfect medium-rare, and topped lightly with wasabi. When I took my first bite, I was shocked at how tender it was... it melts in your mouth like butter. And the seasoning was just right. \n\nEach dish came out in a timely manner (although we got a little jammed w/ the crab since it took some time to scoop out all the meat), and the chef did a great job going from the lighter dishes to the richer, more filling ones. And our server, Kazue, was extremely friendly and did a great job explaining each dish to us.\n\nKeep in mind the Omakase menu does change. There were a few items that my friends had told me about, but we didn't get them. I guess we'll just have to keep going back.",,
0,"I don't think I would stay here again unless it is absolutely necessary.  The staff at check-in were very nice, although it took awhile to locate my reservation which I made online on their website(a little odd). The bed is very uncomfortable and the shower temperature kept switching from hot to cold to hotter and then colder. When I told the front desk they just said \""ok\"". The faucet on the sink was not working properly either and when you went to use it, it splashed everywhere including things that were plugged in right next to the sink bc there was no other place to put it. It was a bit scary... \nThere were also a lot of other hazards in the room like housekeeping looking in your window(for a reason most likely unexplainable) at your naked husband, oh and all the plugs almost completely detached from the wall! I would most likely not stay here again. It needs an upgrade and the rooms need to be cleaned alot better!",,
2,"I am giving this place three stars because I understand that it is no small feat to open a raw vegan restaurant. Overall, though, I was not very impressed. Very loud interior. We were initially led to a dirty table. We got the hummus appetizer and I ordered the fire and brimstone burger on collard greens. While the food was tasty, it was under-seasoned and I needed an entire ramekin of hot sauce to get my burger anywhere near \""brimstone\"" level. For dessert we split the Yin-Yang macaroons. Although they were pretty tasty, I think both flavors tasted of almonds (presumably both were made with almond flour) and were one-note.",,
1,"I am a long time customer of Sur La Table and I love this new, remodeled location. The store is still cluttered and the aisles are cramped and small, making it difficult to move around the shop, but the items for sale are still top notch. This is a foodie's dream when it comes to browsing for kitchen wares.\n\nNote that the physical location in the mall has changed -- this store is now located by the new Macy's men's shop and is tucked away in a corner of the Fashion Show Mall. \n\nI was shopping here earlier in the week and I'm writing this 2 star review because of the lack of service. I walked around nearly 10 minutes with NOT ONE of the three employees supposedly \""working\"" that day offering to help me with anything. I even stood by the cash register so I could ask for help and I was completely ignored. Hmm. This isn't typical for Sur La Table. I guess I'll have to give this location another try but I'm not in a big hurry to come back. I left without buying anything because of the lack of service.",,
4,"Su Vino is my out of the way, go to spot.  I've brought the girls here, done the whole after work relax thing, gone on multiple double dates, used groupons, not used groupons, planned a private party of 80 here, and a large group of 13.  I continue to go back, and will continue to do so... whether I check in or not.  (Out of the way, remember... don't want to give it away)\n\nYes sometimes the service can be a bit spotty, sometimes it is weird to be the only people in there, and sometimes you'll show up only to find out its not open at that time for something or a-rother. However the service can also be awesome and when you are there for hours shooting the shit; you don't always need a server in your business.  I also have been to known to like it when we have the place practically to ourselves, the crowd varies a lot and my friends and I aren't exactly known as quiet.  And having also rented the spot out for a private surprise engagement party... I'll respect it when they do it for others.\n\nOn that note, highly recommend this venue for a cocktail/mingle event.  The set up of the spot is perfect, tall tables and soft lighting are great for groups.  We had them put out giant boards with their spread of antipasto/cheeses/fruits etc. for everyone to knosh on, and they did a great job keeping them fresh and stocked.  We selected 4 options from their wine menu for the guests to choose from, and the staff was very engaging while pouring and answering questions.  They even made a custom bottle/label for the bride and groom to be.  Su Vino also has a section where you can get all hands on and bottle the wine.   I haven't done it personally, but it looks like a great group activity and a conversation starter at the least. \n\nWhen I go with the girls or in smaller groups I always start off with their taster flight selection for 10 dollars.  It is so much fun trying them out, again and again, with whomever I'm with... and then making by the glass or bottle selections from there.  I recommend their cheese and meat small plates, perfect to share and compliment each other well.  If you don't see the games out, ask.  A rousing round of Boggle or Chess can be a great addition to any evening, and can turn those large tables into justttt the right fit.",,
1,"The newest Hooters in Charlotte but the same old servers. I mean no offense to the young ladies, but I think I rather see half of them in T-shirts and Jeans.\n\nOdd location for a hooters... ZERO traffic during the day with no chance in the world of a suit walking in and in the night you have nothing but business travelers from the Marriott looking for Ms. Right Now.\n\nSorry... old enough to be over that scene but young enough to still want a good scene.  Not here.",,
0,"if i could give them 0 reviews i would. i am in town from CA for epic training & we decided to go to a cheese shop, which is less than 2 miles away. i called twice to confirm the price and also book the cab. the guy told me it would be less than $15 considering it is only 2 miles away. we get there and the driver tells us it is $10 plus $12 for staying in Verona (pretty much getting an extra fee for not going too far). we told him we weren't informed about the fee so he calls the dispatcher who asks \""are they unable to pay?\"" so pretty much, if we would've said we're unable, the fee was not required NOR were we informed we had to pay. we give the guy $25, definitely asked for the change back & vowed to never call union can, screw this cab company.",,
0,"when i worked in retail my paycheck was spent before i got paid. therefore, i relied heavily on coupons and splitting meals w all of my other poor college friends.\n\nwell, i hit the jackpot. $15 coupon for a FEAST. the picture on the coupon showed everything we would get: a huge steak, shrimp, and lobster PLUS 2 sides. there were 3 of us- this was PLENTY. \n\nit was prom night too so we were initally fooled with how popular it was. popular for prom girls with light up clear shoes (not even lying), if that says anything about the crowd for you...\n\nour waitress stops by our booth and just stares at us. one of my friend kinda looks around at me and our other friend, then back at the waitress. 'ill have a diet coke?'\n\nthen our waitress writes it down and doesn't say anything but looks at my other friend.\n\ni lost it and started laughing. why isn't she talking to us? this is so weird. \n\nwe ended up asking for a different waitress, then found out the coupon was a big fat liar. you didn't get all of that. it just says you do but you don't. the food ended up being nasty. probably one of the worst meals ive ever had. \n\nas we're leaving susy talks a lot waitress trips over my friend and it was all too awkward bc i couldn't control laughing. \n\nawful food, awful service, AND the bathrooms were some of the grossest i had ever been in. \n\nif wal-mart ran a restaurant, this would be it.",,
3,My friends and I had such a great time here! The entertainment was catchy and fun and the waitress was always there when we needed her! I highly recommend visiting New York New York one night to sing along with the dueling pianos,,
2,"A-OK is what Scarpetta was. I was very excited to finally taste the famous pasta from the man himself-Scott Conant. I have been watching Chopped for weeks and was curious what exactly does he think amazing pasta is. Well Scott maybe Pasta is the only thing you should stick to.\n\nWe have ordered the Hamachi, Tuna, Polenta, Foie Gras Ravioli, Black Cod and the Tasting Menu.\n\nLet's start from the beginning. First of all I would like to say that the service was beyond reparable. We sat at the restaurant for almost 3 hours. It took the server to give us the menu for about half an hour and every time we looked for him he wasn't there. After hinting and hinting that we would like our food right away the longer it took to the point where we just left.\n\nHere is the breakdown:\n\nHamachi: nothing special-Nobu beats this dish any day of the week.\n\nTuna Susci: If you think wrapping tuna over a bunch of carrots is creative-think again.\n\nPolenta: I really enjoyed this dish. It came in a small pot with a mushroom sauce on the side. This was one of my favorite appetizers.\n\nBlack Cod: it was A-OK. I wish it had more flavor and was more moist. I guess beggars can't be choosers. \n\nDuck and Foie Gras Ravioli: The dough was chewy and hard. The sauce on top ruined the whole dish in my opinion. The inside was tender and rich. I think if the ravioli were smaller and more tender it would come together better.\n\nTasting Menu:\n\nFritto Misto: A-OK. I like anchovies but I don't think this dish brought anything special to the table.\n\nSpaghetti with tomato and basil was the best dish of the night! It was tender, flavorful and tasty. I would have this again any day!\n\nDessert: the chocolate cake was dry and even with the gelato on the side it still left a bitter rough flavor in my mouth!\n\nWe tried a few other things which I don't even care to discuss on the Tasting Menu\n\nThe bread basket was also pretty amazing! It came with 3 sauces which we ordered a second round of!\n\nOverall I am not impressed by this Italian Restaurant. This has nothing to do with price or the atmosphere. I think as a food critic what you look at is the freshness of the food and the service. I have seen a lot of bad service but ignoring your patrons will not bring you very far.\n\nSo Scott Conant I am giving you a C+. You have been chopped!",,
3,"I spent a lovely week here at Lifetime on a free trial pass. I LOVED this gym and I didn't feel a ton of pressure to join (although be warned, when you're on a trial pass you DO have to check in with your sales person every day before working out). This is by far the cleanest gym I've ever been too, and the locker rooms are spacious, with clean towels and soap in the showers provided. Being a casual swimmer, I particularly appreciated the water-removal system for bathing suits and the plastic bags provided to store your still-damp suit in. \n\nThey also have TONS of machines, ample treadmills, and a massive amount of classes. \n\nThe downside? It costs $100 a month for a couple to join -- which is ultimately why I didn't sign on. It's just a little too expensive for my meager budget, but if I had the cash, this would be the place I'd spend it.",,
3,"I went in looking for two clips yesterday... The staff were courteous and even helped design my charm placement after I found the clips I wanted... :) Before I left, they offered to clean my bracelet without my having to ask (which is what usually happens at the other jewelry stores I've been to)... I haven't been to any of the other Pandora stores, but I think I'll just keep coming to this one... I like it here...",,
3,"Big fan of this place. The staff are so nice and helpful. Unfortunately, this location is a little small.  The one on Scottsdale Rd is AMAAAAAZING though!! The beds regularly changed and lights swapped out frequently. The lotions are nicely priced compared to other places.  The level 2 unlimted is also waaaay cheaper than other places.",,
1,"Not my kind of place. The food is wayyy too weird and taste even weirder. I sat at the bar. I had already told the female bartender that I don't drink. What does that fool do? She serves / gives me a drink! WTH? Are you kidding me? I just told you I don't drink. I think she was trying to get me to loosen up but I was fine until she did that - that pissed me off. I was polite to the little girl who should have known better. I left early only cuz I was not feeling this place, I preferred other sushi places. I most likely will never be back.",,
2,"I understand why people would want to like Mary Coyle. They serve ice cream in every way imaginable. The nostalgia. They hand make/pack the ice cream. They have a drive through. \n\nNow here is why you would not want to like Mary Coyle. It is overpriced. Your cholesterol will raise by at least fifteen points before you leave. Dimwit 16-year-olds work there. The bathrooms are gross. I have had better soft serve cones at McDonald's. \n\nHere is the deal: everyone should try out MC once just to say they have been there, but beware, make sure you wear your fat pants and make sure you know where the nearest hospital is just in case someone in your party gets a clogged artery.",,
2,"Visited for Restaurant Week so we had a shared app (crab cake), two entrees (Carolina burger w/string fries and fish and \""chips\""/string fries) and shared dessert. The waiter was friendly but somewhat unattentive and tried to push the other restaurants/deli on to us quite a bit. The food was pretty mediocre but edible..no complaints. I'm not a huge string fry fan so I was hoping for some thicker cut \""chips\"". The blueberry bread pudding was okay. It tasted like they used old garlic bread from the other restaurant next door then smothered it in whiskey and butter. We went about 15-20 minutes without a water refill and waited 10 minutes for our card to be picked up. All in all it was just okay but at least now we know and it only cost us $30. I guess that's what Restaurant Week is all about though right?",,
0,once again padre Murphys continues to provide substandard coverage of currant sports events. the Olympics are  and their watching collage basketball. no sign \nof Olympics on any of their 60 TVs. ask to Chang channel and manager says one person wants to watch east cost collegebaskitballs... then put on olympics on 1 tv in corner. maybe owners should be more concerned about tv than wiping down tables. same thing for last 2 years. manager of sports bar should have a clue,,
2,"If you are a beer lover, WOB is for you.  More taps than I have ever seen and some really interesting season beers.  There are so many, in fact, that you find yourself trying a different beer each time you order.  There are also flights so that you may try a few.  I also like that there are spirit options for people who don't want beer so don't think that you can't go if you don't drink beer because you can. There are limited food options but the giant pretzel is really yummy.  I did hear they will be adding more food as they become more established so that will be nice.\n\nMusic is loud and they often have live entertainment as well.  It can be pretty loud...oh wait, I said that.  Yeah.\n\nThere is good and there is not so good.  WOB is just too small to give a better review.  I wish the space was about double of what it is.  On a Friday or Saturday night it is should to shoulder and forget about getting a table (if you don't arrive early) as it is next to impossible.  For me, that is just too uncomfortable a setting.  I think I will choose to enjoy WOB during the day or off nights from now on.",,
4,"Be adventurous and get the pbj burger - best thing ever - same with the duck egg rolls. Everything. Was. Amazing.\n\nThe service here is also impeccable. The manager who greeted us was friendly and made sure we enjoyed our time at the restaurant. We had two servers during the meal who were always friendly, always refilled my water and (since I'm weird and ask for a million lemons) happily brought me a plate full and refilled it when they realized they were gone. \n\nThe food is also insanely good. Like I said the PBJ burger sounds so strange but hits my top 3 list of burgers. Food was cooked perfectly and brought out hot and well cooked. \n\nIf I am ever back in Vegas I will definitely be returning.",,
4,"I just finished a check-up visit after my Golf R was repaired at Select. The owner Bud and the shop he runs are from another time...when quality, craftsmanship and friendly service were the hallmark of a customer centered business. Bud takes his customers' side, gets the insurance company to pay their due and turns out body work done with all new parts that is without compare. I don't wreck my car often, but when I do, I take it to Select ,)",,
0,"Horrible, Horrible, HORRIBLE, Horror-show at Hotel Hell!!\n\nI do not know where to start. This was our 3rd stay at this hotel but the 2 other times were over 14 years ago, so I don't know what  has happened to this place but it was God awful. I don't know where to start.....\n\nFirst off the staff is cranky, rude and unhelpful.  We booked 5 rooms on expedia.  Each room was booked with the person's name who would be staying.  When we called ahead because a person in our group got ill on the flight to Vegas and we asked about early check in, the rude reservation clerk stated \""no one is registered under that name\"" we asked her to check different spellings and before we could even give her a suggestion, she rudely said \""I ALREADY CHECKED IT THAT WAY, NO ONE HAS A RESERVATION UNDER THAT NAME!!!\""    We explained to Miss Rudy-pants that we paid in FULL at the time of booking so, \""if you could, please check again\""   She disconnected us. We called back, asked for a manger and was on hold for over 35 minutes.  Finally we called the main reservation line and the customer service was able to find the booking. Our party was  able to check in early, for a small fee, which she tried to give cash but it was not accepted.  Our friend used her debit card and was charged a  $100 deposit without being told this would happen and that of course made her short in her bank account. (college student).\n\nWe checked into our room and almost slipped and fell on a large puddle on the floor. The AC was leaking.  A call to the front desk was met with another snotty customer rep who was more interested in the fact that 2 in our party were 19 and 20 1/2 and  had their own rooms. Her suggestion was we should all sleep together in the same bed like hillbillies.  Not to mention we were charged a $100 deposit for each of the rooms occupied by those under 21 and the front desk NEVER  mentioned any problems or rules about under 21 guests occupying a room.\n\nWe were never offered another room. The maintence guy showed up and said \""oh that is just a little condensation\""   It was about 12 inches around and on a dark floor. Guess Flamingo does not care if we break a hip in a fall in their room.  The condition apparently has been on going as the room smelled of mold.\n\nProblem fixed we moved on to the pool area.  They have a section for 21 and over. Just a heads up, prepare to undergo a full body search by an armmed guard. Oh...if you buy a coffee at Mrs. Fields prior to going into the pool, better drink it fast cause, as the guard said \""NO FOOD, NO DRINK FROM OUTSIDE\""  WTF??   We bought it a few feet away inside the hotel.   The guard also does not like tampons in your purse or he was a total moron because he pulled out the package and asked \""what's this\"".\n\nNext night at  4am, the A/C again dripped and dripped.  Call to the front desk, waiting 45 mins, no show.  Call a second time waited 2 hours, again a no show. Finally gave up.\n\nStaff is untrained, rude and nasty.  We asked one employee what time the restaurant was open til and was told \""oh it closed\"" only to find out it is a 24 hour place!!  \n\nI guess the Korean tourist summed it up best when he let one smelly fart rip  while we tried to enter our room!         THIS PLACE SUCKS!!",,
1,"I have eaten her many times. Service is generally pretty good. Food is really good. Went in just before noon on Memorial day and took 10 mins to get seated, it wasnt that busy. the girl asked how many and if we wanted the patio. We requested patio she said let me check to see if theres a clean table. She came back in and instead of seatting us she picked up her food that was ready to go and served it and took care of another table. She then came over to us and greeted us again and asked inside or outside. We requested outside again she said I only have a high top, told her that would be fine. We were seated and sat there for almost 20 mins and the server and busser in that area came out multiple times but never greeted us or asked for a drink order. Went down the street. We may give it another shot but for the amount of staff I saw and the number of customers this is not acceptable",,
4,"Great flavors (though a small selection at any one time), and friendly service.  Seating is out back on a patio with heaters.",,
0,"This place does not even deserve a star.  The food made me like immedietly sick, couldn't make it to the bathroom fast enough.  I ordered bacon and eggs (over medium) with hash browns.  They brought my eggs cooked hard, with both yolks broken and potato chips.  I received my wheat toast (not kidding) 10 minutes later.  The place was filthy, the ceiling was crusted in grease, they don't seem to have ever changed those ceiling tiles.  The windows appear to have neve been cleaned, and the floors, lets just say a mud floor is cleaner.  I will NEVER go back there again, it wasn't worth the runs!",,
0,"If you literally want to die, or care VERY little about your life- by all means visit this Walmart.\n\nI swear to you this Walmart has given me mental issues. Every time I pull into the parking lot my hands LITERALLY start trembling from the fear of entering this awful hellish pit of horridness. \n\nSince it is the only Walmart near Central Phoenix, there are no alternatives. There have been days when I HAVE to get something from Walmart (I avoid it by all means believe me) and EVERY time I go in to the temple of doom, I come out more mentally damaged.\n\nLet me start off by writing a list of why this Walmart is so AWFUL:\n\n-The parking lot smells like pee and rotten meat.\n-The parking lot has the craziest cars in it with the most ridiculous car decals on them. For example: \""R.I.P ______\""... only there are 7 different names on the car!! \n-There are thugs in the parking lot who will stare at you! They are just standing there, watching people, it's like.. Really?\n-People ask you for money from left and right in the parking lot. It's like, I'm resorting to coming to Walmart, do you think I'm shelling out dollar bills?\n-When you enter the store- it is horrible. \n-People fight at this Walmart! Couples cussing each other out accross the bread isle, dirty kids running around without being supervised by their parents (kidnap danger!), meth heads, weirdos, gross people, crazy people ect. One time I was in the dry fruit section and this guy threw a can of cashews at this girl while saying, \""Well then, f* you b*!\"". No one did anything...\n-The lines are SUPER long and they have VERY few cashiers. No other Walmart is this bad. I am always in line over 20 minutes at this Walmart!\n-The employees are AWFUL. They will literally tell you they do not care. They are scary looking and often try to intimidate you.\n-People are selling CDs and magazine subscriptions INSIDE the Walmart!\n-People harass you for money INSIDE the Walmart and will call you a b* if you do not give them money (happened to me while I was buying scented candles) *tear*\n-Security literally ignores  you when you approach them about people harassing you at Walmart. \n-The employees talk to each other about inappropriate things in front of everyone (even kids). \n-Everything is dirty and disorganized.\n-Weirdos follow you around the store.\n-You literally feel that you will get mugged or raped while walking to your car, especially at night (scary feeling!).\n\nSo now, instead of dealing with all this trauma, I go around to my beloved Target on the other side of the shopping center. There is a security guard (sometimes 2) at the door. The shoppers are normal people. The parking lot is the complete opposite of the Walmart one. The store is clean and organized. The employees are normal and are actually nice to you. \n\nOverall, BEWARE of this Walmart! If you find yourself here, RUN AWAY. FAST.",,
4,Super fun experience. We did the Sherlock room. This room was very challenging but definitely doable. We solved the mystery and escaped with 16 mins left. I would highly recommend this experience for anyone. The room was very lightly furnished with clues very cleverly hidden throughout and it required a lot of thought to solve. I will definitely return with friends to try other rooms. It wasn't so simple that it was boring but also wasn't impossible so it was very fun. We were told that 32% of groups escape the Sherlock room which was a cool little fact to know going into it.,,
2,"We went for  brunch on a busy Sunday afternoon. We knew they did not take reservations but were told we could do call ahead seating.  Apparently they were too busy for this as a party of 20 called right before us.  To my surprise we were seated right away.  If you like Blood Mary's I recommend trying their Bloody Mary bar-lots of great add ins. They also have unlimited mimosas for $14.  I went with the waffle slider which was a sunny side up egg, sausage, gyre cheese and arugula in between 2 waffles.  I asked for a fried egg which they did not do, the sausage was McDonalds quality at best and the waffles were saggy. It was served with a side of potatoes which were delicious.  My other big complaint is that a friend ordered an omelet and wanted egg whites which they would not accommodate saying that they were too busy.  Our orders took a while to be served but they were so busy for a Sunday. I say skip the brunch and go for drinks. I would like to go back and try happy hour.",,
1,"I was very disappointed.  I really wanted to like this place, being locally owned and run, but the food was not up to par, compared to Cafe Rio or even Chipotle.  I ordered the fish salad and it was saddly breaded and flavorless.  The salad was small and unimpressive.  My wife had the fish taco's and did not like the tortilla nor the fish also.  I sadly would not repeat.",,
1,"i am dissapoint :(\nhad to pey many money and vait long taym at door. bathroom very nais but i not go very offen so not enjoy it so much.\nvomans not very frendly, think they head so big.",,
0,"Please be careful .% 100 they will  try to increase sales.Crooks.Just crooks.At least every two months just because I have no choice I come to this place.Whenever disappointed again.Money is not my problem at all just this place always, always want more and more money.Crooks.If you are not stressed like me and if you have a spare wheel look elsewhere",,
4,"Love Rick and the job that they do. Always on time, do a great job and enjoyable to chat with. We have used Amazing Carpet & Tile for many years and will continue to do so!",,
3,"NIce casino. Well thought out and designed.  Went there last night to hear some live music, wasnt too bad. They have a free self-serve fountain drink stand. Will have to come back for some of the restaurants and give them a go. The cocktail waitresses were smoking hot AND polite!  A nice change from what Vegas has become.   The centerpiece of this casino looks like the pool. They have a great stage set up for live concerts and if you want there are 2-3 balconies and other areas that you can be at to watch the show without having to be in the pool. \nWill definitely be returning in the daylight to check it out and give the restaurants a spin.   Be aware, this is way south of the strip and a bit of a slog. Will likely only go there for concerts. Mostly will be populated by californians who dont want to go all the way up to the zoo to play......",,
3,"If you like Sushi, this is the place to go when you are near the Palms. It does have \""club\"" music so it's not a quite place to have dinner but I thought it matched the 9pm dining experience.  The food was fantastic and the service is good as well. Try the Spicy Salmon and Scallop roll.  It is a good place to go with friends before heading up to Ghost Bar or any of the other clubs at the Palms.",,
3,Went there to change putter grip and they hooked me up and got it done in 10 minutes!,,
0,"Do not come here.  I repeat: DO NOT COME HERE.\n\nThe front desk staff was pretty nice, but the doctor was a complete jerk.  The wait was 2 hours, and when I finally saw the doc, he was completely rude and dismissive.  He interrupted me when I tried to ask him questions and he flat out told me my ruptured eardrum wouldn't heal then he just walked out.  I was really upset upon hearing the news, but a few days later, I went to a REAL doctor (ENT doctor, no less) who told me my eardrum would heal.  The doctor I saw here didn't know anything and he didn't even have proper bedside manners.  \n\nDon't waste your time here.  Trust me.  They need to have their license revoked.  They don't know how to practice medicine.",,
1,"***LONG OVER DUE REVIEW INCOMING IN 3...2...1...\n\nStanding in line for check in with my buddies, I noticed some really noticeable and some not so noticeable things.  The most noticeable was the heavy smoke inside the casino.  Occasional faded stains on the carpets in the casino were also very noticeable.  Somewhat not so noticeable was the feeling that you weren't in Vegas.  Another not so noticeable fact is the crowded nature of the counter to the beginning of the casino.  The latter may not seem like of much importance.  In perspective of dialogue that will be presented, significance may arise.  Now after using the word \""noticeable\"", a noticeable amount of times, I'll continue.   \n\n-Hotel Clerk:  Hi, how can I help you?\n\n-Arnold (me obviously): Uh...we'd like to check into our rooms.  \n\n*HOTEL CLERK CLICKS AWAY AT THE COMPUTER AND SCANS THE ROOM KEYS.   \n\nHotel Clerk:  Alright, here are your room keys.  Have you stayed with us before?\n-Arnold:  This will be my first.\n\n*HOTEL CLERK GATHERS MORE PAPERS INCLUDINGS COUPONS AND A MAP...YES, A MAP.  Looking down at the map, I knew this was going to bad news.\n\n-Hotel Clerk: Beginning here facing the front of the casino...\n\nNoises of the casino around me start coming into the forefront.  The rings and conversations around me start entering my ear.  A.D.D. begins to rage, can't focus.  I turn around for a second to scan the area again...\""Hey! There's a fake Elvis dealing blackjack!  That's funny.\""...then I turn back around at the map.  \n\n-Hotel Clerk: ...and that is how you'll get to the rooms.\n\nI looked down at the map.  She, the clerk, had given me a descriptive way to get to our rooms while drawing on the map in a directional pattern that reminded me of a maze from one of those kid's maze books.  It was all squiggles to me.   \n \n-Arnold: Could you show me that again?  \n\n-Hotel Clerk:  So we are here.  Now you'll walk...corridor...blah blah blah...stairway...blah blah blah...and you'll be right there.  Got it?\n\nStaring at the pen on the desk and at the shape and curvature of the objects near the computer, I recalled the combination of items with center of attention resembling hamburger and fries.  I must have been hungry.  One thing is certain; I have a hard time focusing when I really need to at times.  Did mention anything about raging A.D.D.?  \n\n-Arnold:  Yup, I got it.   \n\nThis is going to be embarrassing I thought.  I followed the map the best I could.  We each took turns looking at the map.  Going up and down stairs, trying to follow the number of the rooms, you'll see that different sections start and finish another set of room numbers.  Simple to say, the search was complicated.  After about 10-20- minutes of wandering around, we eventually found our rooms.  Now I know how Moses in the desert felt...at least for 10-20 minutes.    \n\nOur rooms were sleep-able.  Everything worked and things looked fine considering the expectations.  Unfortunately, the fact everything in the room looked like it hadn't changed since the 1980's may lead one to believe it isn't as clean as it can be.      \n\nIn a nutshell, luxury and Imperial Palace are like oil in water.  Don't expect them to mix.  So throw out special amenities you think you might get.  Within the immediate future, a discount stay for ones on a budget pinch, IP sits on a very respectable spot on The Strip.  This prime location will be torn down and replaced with another resort, so days of this politically incorrectly themed hotel and casino is coming to an end.",,
2,"Don't believe all the hype. Yes, it is good but no better than Wicked Spoon, M or Wynn.  Ate here on Saturday for \""brunch\"".\n\nThe good:  NO LINE. Got right in with no wait at 10am. \n\nFood was all good quality and tasted tasted good. Memorable were the charcuterie selection of meats and cheeses (some fresh baked baguette would be good there).  Truffled scallop potatoes. Pizza and Asian selections were good. Eggs Benedict had no flavor at all. \n\nThe less than good:  sorry guys, the dessert selection sucks. Lack of selection and all gelato was so weird nobody wanted to try - \""beer shandy gelato\"", nah. \n\nNO PRIME RIB. Really? For brunch?  LAME. LAME. LAME\nFor $50 LAME!!!!!\n\nThey seated us right where the service staff stand and hawk over everyone. All we heard all meal were their Spanish conversations and them constantly glaring at us. Service was fast but uncomfortable.",,
1,"I visited REI on my lunch hour to pick up a couple of outdoor flash lights. The store has a nice selection of about anything outdoorsy and from previous conversations with their store clerks, the employees are very knowledable. They offer clinics that some of my friends have taken advantage of and found them to be very informative. \n\nLooking at the many available options of flashlight a clerk asked if I needed assistance and when I said no, she didn't bother me again. I like that. \n\nThe displeasure of the excusion occurred upon check out. The cashier was very friendly and asked if I was ready. She rang up my purchases and asked if I was a member of their co-op. I was not. She asked if anyone had explained it to me previously. Yes, but I don't shop here often. It is a one time fee and it covers you for life. That's okay, not interested. She continued to tell me that my purchase today would cover a good percentage of the fee. Still no. After the final dismissal, her attitude changed. She swiped my card and instead of handing it back to me, tossed it on the counter. She tossed the pen beside it. Very directly she asked if I needed a bag. Yes, please. She took the flashlights and dropped them into the bag individually and tossed the bag on the counter. Very nice. Lose the attitude, sister.",,
3,"We made it to Brunch and the line was ridiculous!! But I had already come to accept that Vegas was just code for lines everywhere. Anywho..\n\nThe food was good. I wish there was a little more of a selection in each cuisine, but I was spoiled by going to the Bacchanal a few days earlier..and this was also Brunch sooo maybe that's why. Their BBQ pork buns in the Asian section were so tasty!! I also tried some kind of beef, I don't know, the cook was hard to hear. But it was juicy and delicious!\n\nMy bf and I were lucky enough to get seating out in the garden room area with all the pretty flowers. The service was pretty good. \n\nOverall, it was a nice brunch and we did stuff our faces. I wouldn't eat that candied apple though, unless you were looking to break some teeth! :P",,
3,"Went for happy hour with a friend tonight.  Food was good, risotto she had was amazing.  Good service, but soggy buschetta.  Pretty good wine for a decent price.  Customer service was a priority to all who were working.  I like it.  Cool atmosphere.\nBed time.",,
2,"Great service, good food, nice ambiance, including a great live band on the night I was there! Yes, it's a tad pricey, but if you're looking to lift a pint of Guinness while in Sin City then this is a pretty cool place.",,
1,"I thought I was going to be fully impressed with this place. The ambiance and service are 5 star all the way. Staff here is superb and attention to detail is there. \n\nWe tried about everything on the menu from the Robata side, nothing here was all that impressive. Tried some of the sushi, and living in Miami with better seafood in general I always find the seafood and sushi in Vegas to be pretty poor at best. This is a source or handling issue, and it continues at this establishment. \n\nWe also tried many of the hot plates, and most were better than the rest of the food. The brussels were out of control good, we actually ordered another one. \n\nPrices are extremely high, but it was a business meeting and I was not paying, if I were I wouldn't come back here, the food just isn't where it needs to be. I'd select Nobu over it for something in Vegas of similar style.",,
4,"This was my first trip up the peak and I enjoyed it! It was a bit hot but it appears everyone gets off to very early morning hikes in the summer. The parking lots were busy so I was pretty far away, and took a long trail to make it to the summit trail. I was joined with tons of people- some jogging, some limping. It was very fun. I made it up in over and hour or so to the top and enjoyed beautiful views of Phoenix. \n\nThere was a water fountain and shaded picnic tables at the bottom which were nice after my hot trek.",,
4,"I was a bit skeptical of all the reviews of this place because it all sounded too good to be true, but every good thing that everyone has said about this place is absolutely true! \n\nThe store itself is nice. It's clean, and it looks professional. The staff was so amazingly friendly and reassuring.  You could tell that they really really love dogs, and they enjoy working with them. It was just a very fun and friendly environment. \n\nMy dog is a lhasa apso mix, and she had tons and tons of matting all over her body. I knew that she'd have to be shaved, but I didn't want her bald like what my previous groomers did to her. I asked if they could possibly salvage some hair on her, but I wasn't expecting much. When I got her back I was really surprised at how much hair she had.  They managed to not shave her off completely, get rid of all her matting, and keep a good length of hair on her. I was extremely happy! They really listened to what I said. \n\nAnother thing I love about this place is the price! The other groomers I went to would charge me extra to get rid of the matting so I was expecting that too, but they didn't charge me 1cent more than what we had previously discussed on the phone. It only cost me $45 for everything: bath, cut, ears cleaned, and nails trimmed. That's a pretty good price compared to the others I've been to. They also have a $5 off coupon if you check in, so really it only cost $40. STEAL! \n\nBest In Show Dog Grooming is my new permanent dog groomers. I will definitely come back again, and I definitely definitely recommend this place! The staff are friendly and will listen to you, and the price is incomparable!",,
0,"Cowboy Ciao used to be a spot I went to about 8 or 9 years ago.  I decided to go there again due to nostalgia reasons, and it didn't live up to my expectations at all.  \n\nTo start off, the food was not as great as it used to be.  The scallops had a sour after taste to them which I attributed to being in the smoker way too long, and they needed a better sear.  The wild boar meatballs needed more seasoning. The duck confit relleno was pretty good, but the batter was oily and fell right off the chile.\n\nNext off, we got seated in the brightly lit room to the left as you walk in.  The room resembles nothing of the ambiance of the rest of the place.  I was turned off by the faux wall artwork.  The waitress seemed rush every time she came to us, and it showed with her missing our mushroom pan fry order.\n\nIt's hard to explain what it was like being there.  Have you ever gone to a restaurant, and you just wanted to leave after being there for 10 minutes?  Bad service, so so food, and being in a room that reminded me of the olive garden leads to wholly bad experience.\n\nWith so many other good restaurants such as NOCA, FNB, Herb Box near by, I won't ever recommend this place to anyone again.",,
3,Had a lovely Caesar salad w/ shrimp and kale for lunch. It was very tasty and delish. The ambiance was awesome as well. Co-workers had the pretzel sandwich with turkey and pastrami and raved about it. The Italian grinder sandwich received a two thumbs up as well. Definitely a must try when at Hard Rock Hotel.,,
1,"40 bucks for what?!?! \n\nI never have been a fan of buffet....why....cause im small and cant eat for my money worth, im a picky eater (hence the name) and three....my parents called it boofet and thats what i have been saying for years....*traumatized moments*\n\nit was quite a long line for dinner so go if your almost straving so you can eat more! \n\nIf you are a lover of seafood, their crab legs are pretty decent..voiced by my peer * i had a nibble* but nothing else spoke to me....their pea risotto was pretty good and tomato bisque but everything else was just kinda plain and bland....so its worth it if you go for seafood but nothing else....\n\nwhen i went, they had american, mexican, asian and italian theme food...their desserts were aite but den again, nothing fancy\n\nTip: sit by the toilet...free some space =)",,
4,"You think you know what cookies taste like, right? Well until you try Chocolate Star Bakery's creations you have no idea.\n\nThese cookies are more like cookie cakes. They're flying saucer sized, HUGE! I'm a total sucker for that cake-like texture, and each cookie has that fresh from the oven taste. Moist, rich, decadent and flavorful. My favorites are the Cranberry White Chocolate, Coconut Macaroon and Chocolate Java.\n\nIf I still lived within close proximity to this place, I probably would have started working out twice a day just to feed my addiction. Now that I live near Arcadia, it's a little bit of a drive to get here so I don't frequent as often as I used to. But when I take a drive up to N. Scottsdale, I make sure to visit the bakery, it's totally worth it. \n\nThese cookies also come in adorable little bags and they make great gifts! You can also order them online and have them delivered. When I bought my first home, our mortgage guy gave these to us as part of a present. We devoured them within a day. Well, actually, I devoured them before Matt really had a chance to eat any... they're just too delicious!",,
2,"Thanks to the Coffee Passport, I tried out Brooklyn Cafe.  I probably wouldn't have otherwise, it's tucked into the section of St-Viateur that I rarely pass through, and open only during daytime (working) hours.  \n\nThe coffee I had was fine.  Nothing particularly amazing but not bad either, just unremarkable.  The setup was interesting, Brooklyn is part cafe, part furniture shop, but I felt like I wasn't sure where I was supposed to be allowed to sit or roam with my coffee.  The staff were very friendly, but it unfortunately friendly staff alone cannot make for an awesome experience.  I dunno, the whole thing just didn't do it for me, though I really wanted it to.\n\nReading all these reviews, I think I may have to pass by again and try out the food, because that really seems to be where it's at.  Might be tough, considering the opening hours and the fact I work 9-5 downtown, but perhaps a nice treat on a future day off.",,
4,The eye doctor at Costco was great.  Eye exam was only 55 and they really took their time and did a complete exam.  Worked great with my kids and I didn't have to wait at all!.\n\n\nBut  what I was totally pleased with the eyeglasses department!!!!\n\nMy Mom has terrible eye sight and we have to get her new glasses every six months while shopping around her glasses at other places were over 500 dollars plus they were trying to upgrade her on things.  So I took her to Costco concerned that they might not be able to do her special lenses.  Let me tell you there were great not only could they do her lenses but they were able to do digital progressive which we didn't even consider because of cost.  At Costco it was standard. And I also found out how the eyeglass shops try to scam people!!  They are very helpful and knowledgeable.  I will say you may have to wait a bit\n\nIn the end the glasses we thought were going to cost over 500 cost only 160.  And next time we may be able to use the same frames again and save even more.,,
1,"Hard to believe this is a Chris Bianco restaurant, at least tonight. I ate here a month ago and loved it and was so excited to come back tonight with friends for a belated birthday celebration. I am writing this from the parking lot -- that's how bad an experience it was.\n   The sausage pasta dish was nothing like the last time, when it was the hit of the night. . The texture was like paste. We sent it back and when the server returned with a new order she said: chef wants you to know we are experimenting with different wheats and it's all matter of personal taste and palates. In other words, if you don't like it you don't have good taste. We chewed through the toughness -again - because we were so hungry. The only good part was the sausage.\n  Service was a comedy of errors. We got our neighbors' appetizers, much to their dismay.\n   It's 114 today and was over 90 degrees in the restaurant. The hostess just said she \""thought\"" the AC was out. The people next to us were fanning themselves with their menu. Other people moved tables to try to get cooler but the hostess told us we had one of the best spots in the house.\n    Our waitress made no attempt to apologize for any of this mess and dropped the check off with no comment or even the slightest bit of recognition -or discount /free meal - for the troubles. Not even an acknowledgement that this place was firing on NO cylinders tonight.\n Absolutely stunning. It was like the whole place was in an alternate universe where everything was peachy keen tonight. There were some high Profile PHX area biz and foodie  diners there tonight whom I will not mention. We can only imagine what they thought, or maybe the kitchen was lavishing all of their attention on them.\n   I was embarrassed I suggested it for my birthday dinner with friends.",,
2,"Despite the nice layout, design, and store variety of the City Center, I was still heartily disappointed. Some friends and I were merely trying to find a parking spot to do some shopping and things of the sort when we were notified that it was going to cost us a hefty $30 to park in a MALL parking lot. Outrageous. Turns out the WWE was in town and I guess they wanted to get some extra cash out of the mullet sporting, dentally challenged fans of Wrestlemania. Cool I guess, but not for us that were just trying to buy some swag. They offered some sort of validation system to reclaim some of the $30 coughed up, but it all seemed more than shifty in nature so we decided to park elsewhere. \n\nEverything else about this nice outdoor shopping center is exceptional. So waddya say Westgate? Create a better system for those of us not there for the events at the stadium across the way?",,
0,"If I can give them negative stars, I would. DO NOT BUY any puppies from Petland or any pet stores. By doing this, you are simply supporting puppymills. And these puppymills will continue to practice and produce bad breeding because people buy them. A reputable breeder WILL NEVER EVER sell their puppies to a business instead of finding them a great home. The \""It's not where it's from, it's where it is going\"" is simply an excuse. Granted, you want the cute little puppy you can raise and call it your own. I've been there. But please do your research and look what's available in rescues. There are reputable breeders all over the country that cares about their puppies and will provide you a health warranty for congenital and hereditary conditions. Speaking of \""warranty\"" Petland claims  \""WarrantyWe Stand Behind the Puppies We Sell: Our puppies come with a 14 day warranty covering infectious and contagious diseases and a 1 year warranty covering congenital and hereditary conditions.\"" Guess what? They don't. 3 weeks ago, I adopted the sweetest and the calmest 7 month old Siberian husky from a couple who didn't have time for him due to their busy work schedule and renamed him Sawyer. I already have one named Yuka, so I took him in without a second thought so that Yuka will have a playmate. The couple bought him originally from Petland in April this year. Everything was fine until I started noticing that he seemed to have poor judgment on distances. He appears to be clumsy and frequently tripping, bumping into furniture, and stumbling during walks. So Sunday, 9/21/14, I brought him to the vet for an overall health check up. I was told that he has Hereditary Juvenile Cataracts. I immediately brought him to an Eye Specialist the following day 9/22/14. The eye doctor confirmed it and I was devastated. I contacted the original owner and was told he still has a warranty. I called Petland Henderson and they referred me to file a claim to Pawsitive Solutions. I hang up and called Pawsitive Solutions right away. After explaining to the manager about Sawyer's condition, HE DENIED his warranty. He bluntly said \""UNFORTUNATELY, THERE WILL BE NO WARRANTY BECAUSE YOU ADOPTED HIM.\"" I cannot believe what I heard. For someone who is taking care of a dog that is going blind, I cannot contain my frustrations as these people are just simply there to make money. They couldn't care less about the puppies they sell and will find a way to avoid having to deal with their so-called \""warranty\"".",,
2,This place has an awesome deal on Thursday nights(not sure if it's all day)!  This is the only time we really go to the movies because the price is better than paying for a student ticket priced at $7.  So for a better theater than harkins or AMC thats a great deal!  I like how far the chairs can recline back but i don't think the regular seats are anything worth bragging over or highly recommending because they feel kind of cheap like a fake leather and definitely not LA-Z boy status.  just a nice theater seat spruced up and not as cushiony.  service cannot really tell you because i have not gotten much interaction with anyone. My boyfriend hands me my ticket we hand it to the ticket stub person and off we go. No customer service to review/critique.\nFrom what i can remember the better chairs were okay not on Ipic level but better. is it worth the extra money on a Thursday if you could upgrade id say yes. but on a regular day no.,,
2,Gyros the way I like them. Delicious ingredients in ample proportions. Fresh pita.  Fast service.,,
4,Seriously fresh and delicious food. Chef makes everything from the bread for the sand which to the butter on your toast. I will be going back in the morning to eat breakfast and I also have my eye on his home made red velvet cake.,,
3,Always Fresh with Great Attentive Service,,
2,"Lacking sophistication/complexity.\n\nI am all for this type of food but we ordered the dish of the day which was a chickpea stew and it basically was chickpeas, squash, and basmati rice. There was no flavor really to it and it was essentially bland. Com'on let's admit it.. vegetarian food is bland as it is.. why not give it some life! Maybe it was just a bad day and hopefully the other dishes are more rich.\n\nI also tried their falafel wrap and was pleased with the pickles and the sauce they use. It definitely had more personality than the other dish I tried.\n\nTheir carrot cake was pretty tasty however it wasn't as moist as I would have liked. They should find a better way to store them or make them more fresh as it tasted old.\n\n\n3 stars for offering a healthy alternative that is desperately needed in Montreal\n-1 star for dry dessert\n-1 star for bland tasting dish of the day\n\n\nGood luck guys! I am spoiled in California and so my bar is pretty high.. keep up the good work ;)",,
0,Please rethink before you go. Very over priced bland food. The only good thing was the sushi. Service was below average. Drinks were tasty. Never again will I waste money on this place...... Go to Tender steak and seafood instead!!!!,,
1,"This location is no worse than numerous other locations. They set me up to buy elsewhere the same day and item. I also am invisable perhaps 50 times.\nThis is the only place where I have been told that which I purchased at Best Buy, was happy with, wanted to buy more and was told it was junk. Also told that which I was happy with, was told what bought elsewhere was junk, purchased the Best Buy recommended, and it was junk. I was told my CD drive was bad and purchased an exterior one and there was\nnothing wrong with the internal drive.",,
1,"When I think of gastropubs, a number of visions come to mind. For example, I think of creative, tasty food. I also think of a good selection of beer and spirits (that's the \""pub\"" part. I also think about a lightness - space, light and comfort. \n\nUnfortunately, this place offered none of these qualities. We were seated in a room near the kitchen that was cramped as it was hot. \n\nThe kitchen hood wasn't keeping up with the smoke from grilling, so the room had a cloud of smoke that floated just below the ceiling that reminded me of how bars looked 20 years ago when they were filled with cigarettes. \n\nForget about getting beer on tap (remember - 'pub!). Only a handful of bottled beers graced an inventive wine list, but alas, that was flawed too - our top choices were sold out. \n\nDid I mention that the temperature in the restaurant was 78 degrees? It was like sitting in your grandmother's living room. \n\nThe food kept up the losing trend. The falafel was overcooked. We had a decent app of dumplings of a sort. The pasta with cauliflower was dense and lifeless - maybe it would have been better on a cold windy night, but not so much in the smokey, overheated gastro-sauna. \n\nWe were very disappointed.",,
2,"So oddly enough a couple years after my initial review we actually ended up staying here.  And though, it's a wonderful hotel, I have yet to be blown away.\n\nWe stayed in the Salone Suite for our honeymoon.  This was a great corner room with \""strip view\"". Yeah well when you're only 5 floors up the view is mostly parking lot and the tip of the Eiffel Tower...not impressed.  Though the bathroom was humongous and the bed...oh that bed...SO comfortable I didn't want to leave it.  Amazing.  The TV was lackluster though.  And though unnecessary, the TV in the bathroom's remote was not working.  The blinds in the bathroom wouldn't go down and a plug and some lights were not working in the bathroom as well.  \n\nBut housekeeping likes to clean twice a day and I'm sorry - I don't use that many towels.  But they were a bit bothersome.  On voice mails.  Notes left on the door.  And even in person.  And then one of the 2 times we let her in - the woman took our souvenir glasses.  Plastic and cheap, sure...but they were OUR plastic, cheap souvenirs!  \n\nThe hotel itself has nice bartenders and great service.  The pools are wonderful as well.  But the lack of more affordable eating options was irritating.  I think we spent most of our money in the tiny grocery shop by the elevator bank.\n\nOh and be warned when giving them your credit card coming in...they put an over $500 hold on your account!  Just in case you're thinking of handing them your bank card that you plan to use on the trip.\n\nAll-in-all, not terrible, but I guess I would have expected better.  I think next time we'll stayed at Caesar's which was our original plan in the first place.",,
4,"Nothing is better.  Get the Western with creamy, rich, vanilla custard, salted pecans, warm delicious hot fudge and tasty caramel.  If you don't like it, go down the street to Stratosphere, go up to the top floor, buy a ticket to that roller coaster, pretend you are going to get in it, but instead just jump right out and plummet to your death.  Same goes for anyone that gives this less that 5 stars. \n\nThe only thing I miss is the older guy that used to be the only person that worked here.  Maybe the owner?  He was mean and would practically soup nazi you if you asked for a cherry on a smaller sized custard.  I really miss that.",,
4,"So freakin good. The Chicken & Waffles dish is seriously heaven in my mouth. The waffles are soft and fluffy and THERE ARE BACON PIECES MIXED IN THE DOUGH! I don't even like bacon regularly but this was delicious. The Eggs Benedict was also delicious and their drinks are amaaazing. Service was super, a little slow but worth it. There is usually a wait, I mean, it is Vegas and this restaurant is pretty well known so it's no surprise. They even have a bakery that sells little French desserts like macarons in a different area of the Venetian. This is a must try place for those visiting Vegas.",,
2,"I decided to come here after driving past it so many times. The first thing I noticed was their dull menu, no creativity what so ever. I'm a graphic designer so for me precentation means a lot. Anyway, I ordered a tripa and an al pastor. I was the only one there, and it took them a good five minutes to prepare them. Not only that, they messed up my order, they gave me a cabeza instead of tripa. Very disappointed. \n\nIf I ever come back I'll know what to expect.",,
2,"Took a gentleman I was interviewing and his wife out to dinner here.  It's casual with decent food.  Started with the corn bread appetizer.  Not the best corn bread I have ever had. I won't get that again.  \n\nI had the salmon grilled on a cedar plank.  Was tasty, even though I don't typically enjoy salmon.  The wild rice salad was not the best.",,
2,"12/03/09\nDecided I'd go to CB to find out once and for all what roasted veal marrow tasted like after hearing a couple of Food Network celebrity chefs hark on and on about how wonderful they are (Anne Burrell, in particular, spoke of it on an episode of \""The Best Thing I Ever Ate\"").  I'd have to say that I didn't think much of them.  The presentation was beautiful, I must admit, but paying $10 for what amounted to about a teaspoon and a half (OK, for argument's sake, let's round it off to two teaspoons) of frothy fat accented with Hawai'ian sea salt and tawny port reduction did not translate to a great experience for me (taste, nutrition, or cost).  Sure, there were a bit of bitter greens and three toasted pieces of bread (which two teaspoons of fat could not even cover), but I found more joy and sustenance w/ the singular toast slice slathered w/ goat cheese (forgive me, it's been awhile since I had this app, but the spread could've been mascarpone and ricotta, but I want to say goat cheese) and slices of Campari tomatoes.  Happy hour price for this app was $4.50, which I found easier to swallow, pardon the pun, than to pay $9 for a singular slice of toast w/ a soft-cheese spread and a little bitter greens on top.  (I can't eat tomatoes, so those gourmet slices just ended up in the garbage bin.)  It was very tasty, however, so I may order it again, but I won't be very happy about it.  Perhaps I could get a substitute for the tomatoes?  I will ask next time I go.",,
1,"I've been to the original location in NY and had a much better experience.\n\nI went here for dinner last night and ordered the buffalo pizza. The chicken was really good but there was a thick layer of cold cheese and it didn't come with any sauce so it was difficult to eat. My bf got the pot pie and said it was really good. The portions are relatively large considering that you're paying a lot for pretty simple food.\n\nWe also got a coffee to share which was very large and the oreo frozen hot chocolate. The frozen hot chocolate had a weird taste to it, kind of like cough syrup. The service was decent, could have been a lot better. Our server didn't really look at us when he talked and seemed distracted every time. Also, he wasn't very good at refilling our drinks and once he only refilled it half way.\n\nI really want to love this place but I think there are much better options out there.",,
3,"Like others have said, when you hear \""metro\"" and \""sushi\"" together, it sounds pretty sketch. But don't let that fool you, I've never had bad sushi from this place. On the contrary, it's pretty darn good. I know some sushi snobs who would disagree, but hey, that's them. It's pretty cheap compared to other places, like sushi shop, and the people who work there have never been rude.",,
4,Excellent service! Delicious ramen! What more could you ask for? The kimchi fried rice was also a hit.,,
0,"After being scared away from Rock & Rita's, we ended up at this place, which was, if nothing else, quieter.\n\nI'll start by saying that the hostess and our server were both lovely and they're really what earned the single star, because they were sweet, but the food was just horrible.\n\nI ordered a simple grilled cheese sandwich. I asked the server if it was processed cheese, or \""real\"" cheese in the sandwich and he had no idea what I was talking about. I tried to clarify by saying, \""Is it like Kraft single slices, or deli cheese?\"" He said it was \""good\"". This really should have been a sign and I could probably fault the waiter for this, since you SHOULD know what you're serving, but he was so sweet, I couldn't be mad!\n\nMy husband ordered a hot dog of sorts.\n\nI asked if there was a way to substitute fries for a salad. There was not, but the server hooked me up and brought me a salad anyway (no charge). I asked for sweet potato fries with the sandwich.\n\nOf course, my sandwich was made with plasticy, processed cheese, that was melted to the point of Cheeze-Wiz and was inedible. I took one bite of the sandwich and couldn't do another. I got regular fries, instead of sweet potato (didn't bother complaining, because I got the free salad, so whatever...like I said, nice server!) My husband's food was fine, although nothing special. They were good with the refills of our drinks.\n\nAnyway, as nice as the servers were, it wasn't good. I would avoid eating here if I could.",,
1,Not really impressed. The patio is great and they have some great beer specials. The problem is I can't get past the smell of vomit surrounding their bar area! It smells so bad. I used to always get their melted cheese dip and go out of my way to stop here for it but the smell is so overwhelming and the service is never that good. I won't return.,,
3,Love this place! What a cute little laid back spot to have lunch on a Sunday afternoon. My family and I really enjoyed ourselves. I really like how they serve water out of the glass bottles. The fried pickles were delicious as well as the hot dogs. Very fresh food. The prices are a little high but worth every penny.,,
4,"I was in town for  2 days of course had to check out the local Bikram Yoga studio.  It was the closest off the strip after all. (part of their marketing..)  Technically, it was about a 15 minute drive. Glad I rented a car and didn't take a cab. \n\nThe owner checked me in and  was familiar with the owner here, by name. I was impressed. He did ask me if I took a cab so, if needed they could have a cab ready for me after class. Also impressive!  The studio was whistle clean. I'm not sure what these other folks were yelping about.  A lot of Hot Yoga studios do smell like dirty feet. This place did not!  Yes, the room did have carpet but whatever the fiber was, didn't hold onto sweat or stink. Yes, the room was hot. It's known as hot yoga for a reason. Anyone who attends Bikram knows they can lay down on the mat at anytime (Savasana). \n\nMy first day of class had about 40 people and second about 30. I had Marie one day and Amy the next.  Marie was over the top happy. It must have been that Vegas sunshine. And Amy, she just came back from teaching in India. She told us a few times while clutching onto a cup of coffee. Both teachers were great and kept us inspired. \n\nA tip ~ if you're traveling bring a your own yoga towel if you have one. Rental mats and towels are a little expensive and if you're tall like me, the towel only covers about 60% of the mat. Traveling with a towel would have been easy to do.  Second, they don't offer baggies in the dressing room. All the other studios I've been to offer this. They are recycled bags or small garage bags. It's great to put your damp clothes into. I did ask for one and they find me one but this service should automatically be provided.",,
2,I give this place a 3 it's very very very small on the rooftop you know people are attracted to rooftops so why is it so small!? DEF crowded and uncomfortable ..& There weren't enough seats for people to sit .. Other than that it's a BEAUTIFUL bar decorations were very elegant yet vintage! And a perfect location spot,,
2,"So while looking for a local Chinese spot for take out I found respectable reviews for this spot. I have probably driven by it hundreds of times while going up 32nd St. after passing McDowell but before Thomas but never payed any mind to it. \n\nI gave it three stars and some easy fixes could make it four. To start the young woman answering the phone was friendly, smart and helpful. I told her I was on yelp looking at pictures of previous menus since the old website was dead(just submitted request for yelp mod to update). She told me the new site and helped me pick dishes and said food ready will be ready in less than ten minutes. When I get there it was ready but since they have only have two phone lines I had to wait 5-10 minutes until the card could be processed. The majority of the crew is Asian the manager/owner looks to be something other than Asian , likely eastern European middle Eastern. He was taking an order and someone in house was talking on the other line so no way to have my payment go through. He apologized and thanked me for my patience.  \n\nOrdered Spicy chicken wings came with free egg rolls. Beijing style Hot & Sour Chichken and Mongolian Beef. Came out to about 20 bucks. \n\nWings appeared fried with very light batter and some type of chili sauce drizzled across the top. Though it doesnt sound exciting I would get it again. The egg rolls were big and even though they were free I wouldn't mind paying for them next time. The chicken dish had like an orange chicken vibe more doughy not a lotta flavor. As you can see very generous portion but not my style. The mongolian beef had a good sauce and as you can see is mostly white onions shallots and beef. The beef was cooked right decent cut but I onions to beef ratio was opposite of what I expected. \n\nI hope to find some new dishes to try that I like.",,
3,"i stayed with a friend and enjoyed my stay immensely.  the thing that did it for me was customer service. from the moment we checked in, to the time we left the building, we were greeted with nothing but smiles, respect and friendliness. as everyone knows and have already attested to below, the hotel itself is gorgeous, the fountains breathtaking and the location in the middle of it all. i did not rate it 5 stars, because i felt the rooms were so-so. overall, had a wonderful time and will definitely return!",,
2,"Pizza is gourmet and generally very good, although on the spendy side. NIce waiting bar in the next small building over, which is cozy and the bartenders are always very nice and attentive. With the usually long wait times form for dinner, I decided to stop by for lunch and was happy to get a table quickly. Too bad my pizza crust was burnt on bottom at this non-busy lunch service. It was edible and I had to get back to work so I didn't send it back, but was disappointed in the lack of consistency when they were markedly less busy than the dinner services I've usually been there for.",,
2,"Let me start with the positive. The oxtail chili cheese fries are fantastic. Really great.  They are beyond rich, so plan to share. \n\nThat being said everything else was kind of eh. I love a good burger, but the ones we had were both just ok. The menu descriptions sounded really fantastic,  and having seen this place on Diners Drive Ins and Dives I had really high hopes.  We were totally underwhelmed.  Also our server was nice but not incredibly friendly or helpful. Also the couple next to us had some questions about the menu and she was of zero help to them. \n\nIf we could get the fries for take out we might consider it, but otherwise we won't be back.",,
2,"The atmosphere was nice but the food was  overpriced.  Make sure you double check your bill, they add gratuity on 6 people and they don't let you know it's on the check.",,
0,Food poisoning. When you spend 250 bucks on a meal you'd expect a certain level of sanitary conditions. I feel more confident about the hole in the wall cat hunters. Gf was throwing up all day.,,
4,"Brocach was just what I needed to satisfy my fill of Irish ambiance. Thankfully I had Yelp to rely on while searching for Irish grub last week.  Carol K.'s review peaked my interest and did not disappoint.  Thank you Carol K.!\n\nWe were there on a Tuesday night hoping to enjoy good Irish food and traditional Irish music.  We didn't get the live Irish music (not surprising on a Tuesday night), but we listened to Irish music piped throughout the restaurant while enjoying our Irish dinner and traditional Irish beverages.  \n\nCait was our waitress and was on point with her recommendations and timely check-ins.  Cait shared the drink specials which allowed us to have more of what we originally requested (plus an extra shot of whiskey for another $1!).  This was such a good deal that I'm sharing the breaksdown of this special.\n\nDRINKS:\nHusband's Irish beverage of choice:\n -Guinness - reg. $5.25 (half-pints available for $3.75)\n - John Powers - reg. $5.25 (2 oz. shot of Irish Whiskey)\n*Special = $6.25 for a pint of Guiness and shot of John Powers\n\nWendy's Irish beverage of choice:\n - Jameson and coke is what I requested; however, Cait's recommendation was to take advantage of the *half-priced Irish Whiskey & Scotch special and upgrade to the 18 yr. Jameson with a coke on the side.  It was perfect...and I only had to cough up $6.00!\n\nFOOD:\nMy husband enjoyed the shepards pie and said it was good, but needed more meat, veggies, and gravy to go along with the heap of mashed pototoes. He can't wait to come back and try the Irish Stew.  I ordered the fish and chips.  You can't go wrong with Harp battered haddock filets. Everything was very fresh and with just enough fish and a good portion of \""chips\"". I probably ate too many of the chips since they were really good and I can't stop once I start eating them with the malt vinegar.  Certain meals are served with brown bread and I think it would be a nice touch for them to include Kerry Gold butter on the side. It's from Ireland and it's good...no need to elaborate.\n\nMUSIC/AMBIANCE:\n - Music lineup is good if you can catch them on the right days and times.  \n - Live Irish music on various evenings...approx. 7 nights per month.\n - Great ambiance with traditional feel throughout the restaurant and pub area.  \n - There is also a second floor (which I did not go up to) and you can view an interior balcony area from the first floor of the restaurant.\n\nTIPS: \n - Check out the music lineup on my photo (as of Nov. 2011).  It is not on their website.\n - Happy Hour is every day 3-6PM and 10PM - Close\n - All you can eat Fish Fry on Friday's.  $15 from 4:30 - 10PM\n - I saw a sign in the restroom that promoted Private Parties with no party room charges.\n - Trivia night: Sunday @8PM w/ drink specials and prizes\n - Brocach is pronounced BROH-kaw\n - Parking can be tricky.  Some meters have 15 min limits or 1 hour limits, but will take all of your coins if you drop them in the meter.  I was a little confused since our meter indicated a 15 min limit with a 1.5 hour max time.  \n\nI will definitely be returning to Brocach whenever I'm in Madison.  Hopefully, the Irish bands will coincide with my schedule. I'd also be interested in trying them out for breakfast sometime. My standards are pretty high for a proper Irish breakfast...so Brocach, I hope you're ready!\n\nSl\u00e1inte!",,
3,"Great atmosphere for hanging out, but probably not the best spot for a romantic dinner.  I really Love the Bloody Marys. I crave them all the time. The antipasti options are awesome. I'm really looking to going back the next time I'm in Scottsdale",,
3,Ate here yesterday for lunch.  I had the Ahi Tuna (yum) and my mom had the Chinese Chicken wrap with sweet potato fries.  She said the wrap was really good and refreshing. We both agreed their fries were the best we ever had.  They were hot and salted just right.,,
0,"HORRIBLE CUSTOMER SERVICE INCLUDING MANAGEMENT! Average at best on food. Wouldn't waste my time. I rarely take the time to write reviews due to poor restaurant service, but this time I am so frustrated that we wasted our time, money, a meal on this new restaurant.",,
0,"Unfortunately, I went in this past December and encountered cockroaches at my table. I screamed (because they're creepy) and took pictures. The manager came over with our bill and talked to us, chalking it up to the location saying, \""it's Vegas\"".  Nothing was comped (honestly this isn't that big of a deal, but there were literally cockroaches on the wall... You'd think they'd want to bribe us into not telling anyone) and we will never return.  \n\nI apologize for taking so long to write the review, I just felt bad thinking about what could happen to their business, but I recently told a friend about the experience who convinced me I should.",,
1,"The girlfriend and I were in for the weekend for the Vegas Uncork'd event.  We had stayed at the Cosmopolitan for our first night, but moved over to the Paris for the Fri-Mon part of our stay since they offered a much better rate for Fri and Sat nights and comped our Sun night.  Despite this much better deal, I really wish we would've just paid the cash and stayed put at the Cosmo.\n\nTo be sure, Paris is one of the most identifiable places on the Strip with its half-scale replica of the Eiffel Tower and the Arc de Triomphe.  I've never been to Paris, but I have to admit the faux Eiffel Tower still looks impressive.  The interior of the casino attempts to imitate the look of Paris in a Disney kind of way.  The casino floor has the requisite number and variety of table games, slots and video poker machines of all denominations.   Cocktail waitresses are decked out like Parisian gendarmerie.  There are multiple bars and restaurants scattered about the facility although none of the restaurants appealed to me compared to the other offerings available at other properties along the Strip or around Vegas.\n\nThe biggest fault I found with Paris was their rooms.  The bed in our room was stiff and unforgiving....easily one of the worst I've encountered in any of my stays in Vegas.  It certainly couldn't compare to some of the much better beds I've slept in at the Palms, Hard Rock, and most recently, the Cosmopolitan.  Unlike many Vegas properties, the Paris doesn't offer a HD flat-panel TV in their rooms.  While we didn't watch any TV in our room, it would've been more impressive if the Paris was more current in their furnishings and amenities.  Also, unlike the Cosmopolitan which offered free wi-fi, the Paris charged $15 per day for wi-fi.  At least the room was clean and quiet and the maid service did a good job.\n\nBottom line...while the Paris has only been open since 1999, it really hasn't made the jump successfully into the 21st Century.  However, if you're looking for a low-cost, no-frills place to crash in Vegas, the Paris will scratch that itch.  If you want something more, like a comfortable bed, then most definitely go somewhere else.",,
1,"I have really beening trying to drag my wife to try a place like this for a while and I am sad to say that this was her first experience at this style restaurant. \n\nWe tried the lunch.\n\nThe food was just okay and the service sucked!!! \n\nThe high points for me were the pork tenderloin, sausage, top sirloin and pineapple. \n\nThe salad bar was very disappointing. A couple different options but nothing really stood out. I did eat my fill on the meat. Since we went for lunch it was only about $13. per person with the monorail discount. \n\nOur waiter Shaun was the worst excuse for hired help I have ever seen. Hardly ever saw him and when we did we had to flag him down to stop at our table. \n\nIt will be hard for me to convince my wife to try a place like this again.",,
1,"Old tram needs a face-lift and a new interior, especially when compared to the new Aria-Bellagio tram. And two of the three hotels it goes to are dives (Luxor and Excalibur). \n\nAlso, the tram was closed on a late Monday night/ early Tuesday morning so had to walk form the Excalibur back to the Mandalay Bay. \n\nLame.",,
3,"We came here on a Monday night and ordered off of their late night specials. We ordered \n1. All-nighter breakfast, 1.99\n2. classic burger and fries, 2.99\nfor 6.38\n\n- This is a great place for your midnight munchies. Compared to the Grand Cafe's in other Station Casinos. This spot is clean and rarely filled with drunks. \n- The Grand Cafe is a better alternative than Denny's. It's cheaper. As long as you have a boarding pass, you are in the clear. \n- The only reason why it's not a 5 star is because I prefer going to Coronado Cafe at South Point. Although this place has steak and eggs for 5.95, they got the same thing but for 3.95! haha. \n- Service is simple. We got our food quickly. Jonathan was a pleasant dude. \n- All-night breakfast was simple. Quick late night craving satisfied. \n- Classic burger and fries were also simple. No frills. If you are craving a hamburger, I'd say it's a better alternative than the Jack in the Box that is off of Gibson. \n- Overall, amazing place to dine when the cravings hit and you have time to sit and relax.",,
2,"Ok so this place is good and bad. They have a pretty decent happy hour, it used to be awesome, but then they raised their prices about 50% a few months ago. It does have a really great patio but sometimes can be very hard to get a seat. The waitstaff is hit & miss. Some days you can get a great server that's happy & friendly, most days, they seem more put out and frustrated. The food servers are great, always get your food out fast & clean your table quick. If the food & drinks were a little cheaper during happy hour I'd give them another star. Tip: Wednesday nights are probably the best night \""Ladies Night\"" and usually a great band.",,
1,Again this is only my second review that is not an absolute favor of the restaurant but I have to say I was a little better that my Cheeseburger came with Sweet pickles yuck I have never ever ever ordered a burger and had a come with Sweet pickles the waiter did ask me if I wanted relish on my burger and I said yes unknowing that he was sweet relish with Sweet pickles why would you do this to a great burger the only other travesty that they could've done was to put Miracle whip on it,,
1,"Slipping; primarily in the service department.\n\nA small group of us stopped-in while on our way to the Quivey's Grove Beer Fest.  We took a seat in the bar and waited for a server to appear.  After 10 minutes, we flagged someone down, and she said \""I'll be right with you.\""\n\nShe stopped to our table at 12:15pm; the place was less than 1/3 full.  We ordered some sodas, and asked for menus.  \n\n12:30pm - several groups wandered in, found tables, and were attended to in prompt order.  We were still waiting for our waitress to take our order.\n\n12:38pm - 22 minutes until the festival started.  Our waitress took orders from two tables near ours.  We flagged her down to place our food order.  Drink glasses were empty.\n\n1:00pm - the other tables had their food; their drinks were refilled.  We were stuck without food and without drinks.  We had been there nearly an hour and were now late for the festival.\n\n1:10pm - food arrived; she asked if we needed refills on sodas.  We said \""Yes,\"" and asked for our checks so that we could get a jump on making our way to the festival.\n\n1:23pm - no checks; food gone (we ordered light).\n\n1:28pm - we went to the bar to pay our tab.  Our waitress took the checks, and asked if we needed change for our twenties... the most expensive tab was $7.44.  Huh?  After an honest 1.5 hours of inattentive service she wants to keep $39 in tips?  Wow.\n\nThe food was average; I think it's slipping a bit as well, but the service was what really killed this visit.\n\nThere are some great servers here, but this past experience was comically bad.  All due to one waitress.  Bar/restaurant owners take note - your waitstaff is the #1 connection between you and your customers.  Invest in some caring staff, and it'll pay dividends.",,
2,"It is fun but is pricy and also very inconsistent with their sitting fee If you are doing a kids footprint, we did twice ans the first time they only charge us one time (the day we did the footprint) and not when we finish it, the second time we had to do it all the same day because they wanted to charge us twice, it was imposible to paint with a 1 year old there and my project didnt come out as I wanted.",,
1,"This is NOT the place to buy any GPS or GPS accessories. \n\nMy GPS mount got trashed by Delta, so I went here to pick up a replacement (near the airport, 10 min drive)\n\nUnfortunately, they have the worst selection of GPS accessories, and I did buy something but does not really work, so I have to return them now. \n\nService was...okay, I didn't see a soul that was working in that area until I reached the casher. Casher was very nice gal though, so for her I'm giving 2 stars. Store gets minus 5 stars.",,
1,"I purchased a groupon for a partial, deep conditioning, cut and style. I really liked the atmosphere, but the reason I'm giving a rating of 2 is because my stylist Chealsie. She didn't listen to my request at all! I told her how I wanted my color and I even showed her a picture. She told me she does the bangs a certain way and I told her I didnt want them that way She ended up doing what she wanted. My roots were showing as if my hair was done at least a month ago. I also have the horrible tire marks on the side when I put my hair up!.She also complained the whole time about how tired she was cause she was out late with friends! Anyways I would have gone back and complained but I went into labor. So being a first time mom I'm now stuck with this awful hair style. All I wanted was a simple color and cut to last me for the next few months while I enter the world of motherhood. I guess I'm better off wearing a hat. Thanks Chealsie! As for the salon itself, everyone else was courteous and clean.",,
0,ZELDA should be FIRED!  The worst service in the history of service.  I've never been cut off at a coffee bar before after she tried to educate me on the difference between coffee and espresso.  Ummm okay.  Won't be back.,,
0,"I wanted this place to be good so bad. I love finding those family run diners/restaurants that are a perfect go to or the place you take guests from out of state. Err wrong. Not good at all. My husband and I actually felt very sick after. The cleanliness is questionable. The older lady at the counter seemed pretty cranky. However, the servers were very nice and sociable!",,
0,"Left him a voice mail with my phone number asking for an estimate.  No call back.  Went with another painter.\n\nSince this man is now calling me a liar with a \""fake review\"", here is the information from my phone log...\nI called you on 3/30/2014 @ 4:48 PM AZ time and left you a message giving both my name and phone number several times in the message as well as what I wanted to have done.  This is not a fake review.\n\nHad you called me back or even replied here with something other than hate, I could have corrected my review or even removed it.  Now, I think I will leave it, so others can see the kind of treatment they will get if they make you angry.  Very glad I never let you into my home.",,
4,"Awesome staff, awesome food. I get their shrimp po boy every single time and it's seriously amazing. I was initially hesitant because they steam the shrimp instead of frying it, but the shrimp on it's own is so good that it doesn't even matter.  I generally stay away from chain restaurants, but this place is so good that I don't even care. Get the shrimp po boy, I cannot stress that enough.",,
3,"Amelie's has such a mind-numblingly large selection that I had no idea what to get when looking at their pastry case.  I eventually got a little bit of this, and a little bit of that, and was later shocked at how much I just spent. :)\n\nThe only problems?  It's way the heck up in NoDa, and the Jamon sandwich was toasted and had Dijon mustard on it.  Blasphemy!",,
4,"Pre race meal. Wow!!! \n\nI was looking for a good breakfast place for  a Pre race meal for the Rock and Roll half Marathon and read some reviews.  I wanted to eat healthy, so it couldn't be just a fried breakfast joint!  This Hash a go go was perfect.  I could not have found more ideal restaurant.  I ordered the granola cereal, and fruit which turned out to be a very large bowl of fresh granola with great tasting fruit water melon, black berries, blue berries, banana, raspberries, and pineapple all were fresh and quite tasty!\nI also got my partner the special granola and peach pancake which I tasted and we agreed was fantastic and way too much!\nThe service was excellent and met all my needs without asking!\nI really like the idea of not only following status quo for the usual routine breakfast food, I like the clever progressive options also on their menu!  \nLook forward to my next visit!",,
4,"Stopped in for the first time today. I got the Thai peanut bowl with brown rice and mock chicken. It was incredibly delicious, actually. I was very pleasantly surprised. Wish I lived closer! Very impressed.",,
2,"Food was good, service was good.  They were very patient with our kids and attentive.  I think it is a bit overpriced for the quantity, but the quality was good.  I will keep searching for a convenient and good family mexican restaurant.",,
2,"Just had lunch here today... place was pretty empty so we sat in the sun on the patio.  chips and salsa were pretty good... salsa was somewhat lacking in flavor, but probably perfectly seasoned for the occasional Mexican food consumer... ordered their half ass burrito with the 'spicy' red chili carnitas, very tasty burrito, not to hot.  I would defiantly go back and try some other offerings. great value!",,
4,Great Hot Food. Hava Chicken and Sam Burger were great!  Only you need to switch the sauce with your sweet potato fries. The yogurt dip was not that good.,,
1,"Not real sure about this place.  It's as if someone put up some shelves and emptied out boxes as they were handed to them without some real thought.  The shelves are jumbled and hard to navigate and if you aren't a man, do not expect any assistance from the cashier.  She was NOT happy to have women in her shop.\n\nIf I didn't need something specific while I was in AZ for a dish I was making for my hostess I would have walked right back out.  Normally in a small shop like this I would show my support and do some shopping, but not this time.\n\nI am SO GLAD I do not live here I won't be needing to come back here anytime soon.  Plus the place just looked dirty.",,
1,"Stayed here as a last resort during EDC.\n\nPros: \nFree Internet\nLate Checkout\nAffordable\nDecent Breakfast\n\nCons:\nOur room, smelled like the stalest cigarette ever. I felt like I was breathing cancer everytime I walked into our room. I was so over it we cancelled our last night and left early. \n\nThe african-american girl at the front desk couldn't have been more confrontational and uninformed about everything she was doing on numerous occasions. Booking, calling a taxi, etc. \nThe manager during the day was helpful to a point.\n\nI wouldn't reccommend staying here unless you have to. There are so many more fun places to stay in Vegas, and nicer too.",,
3,"I went to The Pink Polish 4 days ago.  I called ahead the same day for an appointment.  I walked in signed my name, picked my color and was seated.  Nail tech was friendly and did a great job.  Salon is very nice, clean and well organized.  I will definitely return.",,
